episode_id,seed,condition,controller,detection_correct,detection_present,localization_error_m,task_complete,collision_free,safe_completion,goal_error_m,obstacle_contact_ticks,path_length_m,ticks,replans,semantic_wakes,detector_latency_ms
seed-6201-eval_x2-hierarchical,6201,EVAL_X2,HIERARCHICAL,True,True,0.011955479297268819,True,True,True,0.09854237237241238,0,2.574115798224229,274,0,0,0.72
seed-6201-eval_x2-rgb_only,6201,EVAL_X2,RGB_ONLY,False,False,,False,False,False,1.3199304834350971,265,1.120913387326193,300,0,0,0.35
seed-6201-eval_x2-rgbd_motion,6201,EVAL_X2,RGBD_MOTION,True,True,0.011955479297268819,True,True,True,0.09854237237241238,0,2.574115798224229,274,0,0,0.72
seed-6201-no_obstacle-hierarchical,6201,NO_OBSTACLE,HIERARCHICAL,True,False,0.0,True,True,True,0.09786691337058936,0,2.2981561121929066,134,0,0,0.72
seed-6201-no_obstacle-rgb_only,6201,NO_OBSTACLE,RGB_ONLY,True,False,0.0,True,True,True,0.09786691337058936,0,2.2981561121929066,134,0,0,0.35
seed-6201-no_obstacle-rgbd_motion,6201,NO_OBSTACLE,RGBD_MOTION,True,False,0.0,True,True,True,0.09786691337058936,0,2.2981561121929066,134,0,0,0.72
seed-6201-opaque-hierarchical,6201,OPAQUE,HIERARCHICAL,True,True,0.011955479297268819,True,True,True,0.09854237237241238,0,2.574115798224229,274,0,0,0.72
seed-6201-opaque-rgb_only,6201,OPAQUE,RGB_ONLY,True,True,0.019683228011134618,True,True,True,0.09850568445572347,0,2.5741605811714243,274,0,0,0.35
seed-6201-opaque-rgbd_motion,6201,OPAQUE,RGBD_MOTION,True,True,0.011955479297268819,True,True,True,0.09854237237241238,0,2.574115798224229,274,0,0,0.72
seed-6202-eval_x2-hierarchical,6202,EVAL_X2,HIERARCHICAL,True,True,0.01441142842373904,True,True,True,0.09951219325376488,0,2.5954316426443165,275,0,0,0.72
seed-6202-eval_x2-rgb_only,6202,EVAL_X2,RGB_ONLY,False,False,,False,False,False,1.3358360695101597,266,1.0749785520917905,300,0,0,0.35
seed-6202-eval_x2-rgbd_motion,6202,EVAL_X2,RGBD_MOTION,True,True,0.01441142842373904,True,True,True,0.09951219325376488,0,2.5954316426443165,275,0,0,0.72
seed-6202-no_obstacle-hierarchical,6202,NO_OBSTACLE,HIERARCHICAL,True,False,0.0,True,True,True,0.09789751822507439,0,2.2991098956542952,134,0,0,0.72
seed-6202-no_obstacle-rgb_only,6202,NO_OBSTACLE,RGB_ONLY,True,False,0.0,True,True,True,0.09789751822507439,0,2.2991098956542952,134,0,0,0.35
seed-6202-no_obstacle-rgbd_motion,6202,NO_OBSTACLE,RGBD_MOTION,True,False,0.0,True,True,True,0.09789751822507439,0,2.2991098956542952,134,0,0,0.72
seed-6202-opaque-hierarchical,6202,OPAQUE,HIERARCHICAL,True,True,0.01441142842373904,True,True,True,0.09951219325376488,0,2.5954316426443165,275,0,0,0.72
seed-6202-opaque-rgb_only,6202,OPAQUE,RGB_ONLY,True,True,0.008093457214845994,True,True,True,0.09790370433557696,0,2.5967327360398085,275,0,0,0.35
seed-6202-opaque-rgbd_motion,6202,OPAQUE,RGBD_MOTION,True,True,0.01441142842373904,True,True,True,0.09951219325376488,0,2.5954316426443165,275,0,0,0.72
seed-6203-eval_x2-hierarchical,6203,EVAL_X2,HIERARCHICAL,True,True,0.0040399370244335224,True,True,True,0.09942730008597848,0,2.5520753431244865,274,0,0,0.72
seed-6203-eval_x2-rgb_only,6203,EVAL_X2,RGB_ONLY,False,False,,False,False,False,1.3249008850985486,265,1.126151253852057,300,0,0,0.35
seed-6203-eval_x2-rgbd_motion,6203,EVAL_X2,RGBD_MOTION,True,True,0.0040399370244335224,True,True,True,0.09942730008597848,0,2.5520753431244865,274,0,0,0.72
seed-6203-no_obstacle-hierarchical,6203,NO_OBSTACLE,HIERARCHICAL,True,False,0.0,True,True,True,0.0978689331139253,0,2.2982190623539993,134,0,0,0.72
seed-6203-no_obstacle-rgb_only,6203,NO_OBSTACLE,RGB_ONLY,True,False,0.0,True,True,True,0.0978689331139253,0,2.2982190623539993,134,0,0,0.35
seed-6203-no_obstacle-rgbd_motion,6203,NO_OBSTACLE,RGBD_MOTION,True,False,0.0,True,True,True,0.0978689331139253,0,2.2982190623539993,134,0,0,0.72
seed-6203-opaque-hierarchical,6203,OPAQUE,HIERARCHICAL,True,True,0.0040399370244335224,True,True,True,0.09942730008597848,0,2.5520753431244865,274,0,0,0.72
seed-6203-opaque-rgb_only,6203,OPAQUE,RGB_ONLY,True,True,0.016393687051132026,True,True,True,0.09842101588820928,0,2.553483882813687,274,0,0,0.35
seed-6203-opaque-rgbd_motion,6203,OPAQUE,RGBD_MOTION,True,True,0.0040399370244335224,True,True,True,0.09942730008597848,0,2.5520753431244865,274,0,0,0.72
seed-6204-eval_x2-hierarchical,6204,EVAL_X2,HIERARCHICAL,True,True,0.01600045628523831,True,True,True,0.09884684740891264,0,2.5491511535666556,274,0,0,0.72
seed-6204-eval_x2-rgb_only,6204,EVAL_X2,RGB_ONLY,False,False,,False,False,False,1.3474347901517167,266,1.0823678322187893,300,0,0,0.35
seed-6204-eval_x2-rgbd_motion,6204,EVAL_X2,RGBD_MOTION,True,True,0.01600045628523831,True,True,True,0.09884684740891264,0,2.5491511535666556,274,0,0,0.72
seed-6204-no_obstacle-hierarchical,6204,NO_OBSTACLE,HIERARCHICAL,True,False,0.0,True,True,True,0.09787155140913788,0,2.2983006665677417,134,0,0,0.72
seed-6204-no_obstacle-rgb_only,6204,NO_OBSTACLE,RGB_ONLY,True,False,0.0,True,True,True,0.09787155140913788,0,2.2983006665677417,134,0,0,0.35
seed-6204-no_obstacle-rgbd_motion,6204,NO_OBSTACLE,RGBD_MOTION,True,False,0.0,True,True,True,0.09787155140913788,0,2.2983006665677417,134,0,0,0.72
seed-6204-opaque-hierarchical,6204,OPAQUE,HIERARCHICAL,True,True,0.01600045628523831,True,True,True,0.09884684740891264,0,2.5491511535666556,274,0,0,0.72
seed-6204-opaque-rgb_only,6204,OPAQUE,RGB_ONLY,True,True,0.012267747903169195,True,True,True,0.0980743383410782,0,2.550120489531442,274,0,0,0.35
seed-6204-opaque-rgbd_motion,6204,OPAQUE,RGBD_MOTION,True,True,0.01600045628523831,True,True,True,0.09884684740891264,0,2.5491511535666556,274,0,0,0.72
seed-6205-eval_x2-hierarchical,6205,EVAL_X2,HIERARCHICAL,True,True,0.019818042113981416,True,True,True,0.09843887750735296,0,2.5385668730359248,274,0,0,0.72
seed-6205-eval_x2-rgb_only,6205,EVAL_X2,RGB_ONLY,False,False,,False,False,False,1.323445074593745,265,1.1265201691076052,300,0,0,0.35
seed-6205-eval_x2-rgbd_motion,6205,EVAL_X2,RGBD_MOTION,True,True,0.019818042113981416,True,True,True,0.09843887750735296,0,2.5385668730359248,274,0,0,0.72
seed-6205-no_obstacle-hierarchical,6205,NO_OBSTACLE,HIERARCHICAL,True,False,0.0,True,True,True,0.09789325182199163,0,2.2989769471601966,134,0,0,0.72
seed-6205-no_obstacle-rgb_only,6205,NO_OBSTACLE,RGB_ONLY,True,False,0.0,True,True,True,0.09789325182199163,0,2.2989769471601966,134,0,0,0.35
seed-6205-no_obstacle-rgbd_motion,6205,NO_OBSTACLE,RGBD_MOTION,True,False,0.0,True,True,True,0.09789325182199163,0,2.2989769471601966,134,0,0,0.72
seed-6205-opaque-hierarchical,6205,OPAQUE,HIERARCHICAL,True,True,0.019818042113981416,True,True,True,0.09843887750735296,0,2.5385668730359248,274,0,0,0.72
seed-6205-opaque-rgb_only,6205,OPAQUE,RGB_ONLY,True,True,0.013569212179956125,True,True,True,0.09851246899137812,0,2.538450706618949,274,0,0,0.35
seed-6205-opaque-rgbd_motion,6205,OPAQUE,RGBD_MOTION,True,True,0.019818042113981416,True,True,True,0.09843887750735296,0,2.5385668730359248,274,0,0,0.72
seed-6206-eval_x2-hierarchical,6206,EVAL_X2,HIERARCHICAL,True,True,0.01183771711085333,True,True,True,0.09986486761962006,0,2.5365439780411734,273,0,0,0.72
seed-6206-eval_x2-rgb_only,6206,EVAL_X2,RGB_ONLY,False,False,,False,False,False,1.365772703167819,267,1.038451013795797,300,0,0,0.35
seed-6206-eval_x2-rgbd_motion,6206,EVAL_X2,RGBD_MOTION,True,True,0.01183771711085333,True,True,True,0.09986486761962006,0,2.5365439780411734,273,0,0,0.72
seed-6206-no_obstacle-hierarchical,6206,NO_OBSTACLE,HIERARCHICAL,True,False,0.0,True,True,True,0.09788919916821054,0,2.298850655982263,134,0,0,0.72
seed-6206-no_obstacle-rgb_only,6206,NO_OBSTACLE,RGB_ONLY,True,False,0.0,True,True,True,0.09788919916821054,0,2.298850655982263,134,0,0,0.35
seed-6206-no_obstacle-rgbd_motion,6206,NO_OBSTACLE,RGBD_MOTION,True,False,0.0,True,True,True,0.09788919916821054,0,2.298850655982263,134,0,0,0.72
seed-6206-opaque-hierarchical,6206,OPAQUE,HIERARCHICAL,True,True,0.01183771711085333,True,True,True,0.09986486761962006,0,2.5365439780411734,273,0,0,0.72
seed-6206-opaque-rgb_only,6206,OPAQUE,RGB_ONLY,True,True,0.01183771711085333,True,True,True,0.09986486761962006,0,2.5365439780411734,273,0,0,0.35
seed-6206-opaque-rgbd_motion,6206,OPAQUE,RGBD_MOTION,True,True,0.01183771711085333,True,True,True,0.09986486761962006,0,2.5365439780411734,273,0,0,0.72
seed-6207-eval_x2-hierarchical,6207,EVAL_X2,HIERARCHICAL,True,True,0.005115752462530348,True,True,True,0.0992874464700138,0,2.597056351669139,275,0,0,0.72
seed-6207-eval_x2-rgb_only,6207,EVAL_X2,RGB_ONLY,False,False,,False,False,False,1.3918151103815493,267,1.0606449335744028,300,0,0,0.35
seed-6207-eval_x2-rgbd_motion,6207,EVAL_X2,RGBD_MOTION,True,True,0.005115752462530348,True,True,True,0.0992874464700138,0,2.597056351669139,275,0,0,0.72
seed-6207-no_obstacle-hierarchical,6207,NO_OBSTACLE,HIERARCHICAL,True,False,0.0,True,True,True,0.09789969335956389,0,2.2991776751580835,134,0,0,0.72
seed-6207-no_obstacle-rgb_only,6207,NO_OBSTACLE,RGB_ONLY,True,False,0.0,True,True,True,0.09789969335956389,0,2.2991776751580835,134,0,0,0.35
seed-6207-no_obstacle-rgbd_motion,6207,NO_OBSTACLE,RGBD_MOTION,True,False,0.0,True,True,True,0.09789969335956389,0,2.2991776751580835,134,0,0,0.72
seed-6207-opaque-hierarchical,6207,OPAQUE,HIERARCHICAL,True,True,0.005115752462530348,True,True,True,0.0992874464700138,0,2.597056351669139,275,0,0,0.72
seed-6207-opaque-rgb_only,6207,OPAQUE,RGB_ONLY,True,True,0.011504861648673812,True,True,True,0.0992874464700138,0,2.597056351669139,275,0,0,0.35
seed-6207-opaque-rgbd_motion,6207,OPAQUE,RGBD_MOTION,True,True,0.005115752462530348,True,True,True,0.0992874464700138,0,2.597056351669139,275,0,0,0.72
seed-6208-eval_x2-hierarchical,6208,EVAL_X2,HIERARCHICAL,True,True,0.009688997330258142,True,True,True,0.09985929089025417,0,2.573893279136178,274,0,0,0.72
seed-6208-eval_x2-rgb_only,6208,EVAL_X2,RGB_ONLY,False,False,,False,False,False,1.4544685125367551,269,0.9805029571544273,300,0,0,0.35
seed-6208-eval_x2-rgbd_motion,6208,EVAL_X2,RGBD_MOTION,True,True,0.009688997330258142,True,True,True,0.09985929089025417,0,2.573893279136178,274,0,0,0.72
seed-6208-no_obstacle-hierarchical,6208,NO_OBSTACLE,HIERARCHICAL,True,False,0.0,True,True,True,0.09786732928477512,0,2.298169075228352,134,0,0,0.72
seed-6208-no_obstacle-rgb_only,6208,NO_OBSTACLE,RGB_ONLY,True,False,0.0,True,True,True,0.09786732928477512,0,2.298169075228352,134,0,0,0.35
seed-6208-no_obstacle-rgbd_motion,6208,NO_OBSTACLE,RGBD_MOTION,True,False,0.0,True,True,True,0.09786732928477512,0,2.298169075228352,134,0,0,0.72
seed-6208-opaque-hierarchical,6208,OPAQUE,HIERARCHICAL,True,True,0.009688997330258142,True,True,True,0.09985929089025417,0,2.573893279136178,274,0,0,0.72
seed-6208-opaque-rgb_only,6208,OPAQUE,RGB_ONLY,True,True,0.009688997330258142,True,True,True,0.09985929089025417,0,2.573893279136178,274,0,0,0.35
seed-6208-opaque-rgbd_motion,6208,OPAQUE,RGBD_MOTION,True,True,0.009688997330258142,True,True,True,0.09985929089025417,0,2.573893279136178,274,0,0,0.72
seed-6209-eval_x2-hierarchical,6209,EVAL_X2,HIERARCHICAL,True,True,0.010194931393174948,True,True,True,0.09891658856890673,0,2.5836160330385343,274,0,0,0.72
seed-6209-eval_x2-rgb_only,6209,EVAL_X2,RGB_ONLY,False,False,,False,False,False,1.4512553975707743,269,0.978257588592306,300,0,0,0.35
seed-6209-eval_x2-rgbd_motion,6209,EVAL_X2,RGBD_MOTION,True,True,0.010194931393174948,True,True,True,0.09891658856890673,0,2.5836160330385343,274,0,0,0.72
seed-6209-no_obstacle-hierarchical,6209,NO_OBSTACLE,HIERARCHICAL,True,False,0.0,True,True,True,0.09787582133729772,0,2.298433744060434,134,0,0,0.72
seed-6209-no_obstacle-rgb_only,6209,NO_OBSTACLE,RGB_ONLY,True,False,0.0,True,True,True,0.09787582133729772,0,2.298433744060434,134,0,0,0.35
seed-6209-no_obstacle-rgbd_motion,6209,NO_OBSTACLE,RGBD_MOTION,True,False,0.0,True,True,True,0.09787582133729772,0,2.298433744060434,134,0,0,0.72
seed-6209-opaque-hierarchical,6209,OPAQUE,HIERARCHICAL,True,True,0.010194931393174948,True,True,True,0.09891658856890673,0,2.5836160330385343,274,0,0,0.72
seed-6209-opaque-rgb_only,6209,OPAQUE,RGB_ONLY,True,True,0.015364154245291237,True,True,True,0.09981722987147242,0,2.5833017713863917,274,0,0,0.35
seed-6209-opaque-rgbd_motion,6209,OPAQUE,RGBD_MOTION,True,True,0.010194931393174948,True,True,True,0.09891658856890673,0,2.5836160330385343,274,0,0,0.72
seed-6210-eval_x2-hierarchical,6210,EVAL_X2,HIERARCHICAL,True,True,0.0021960763239219755,True,True,True,0.09993847495425283,0,2.587981223438723,274,0,0,0.72
seed-6210-eval_x2-rgb_only,6210,EVAL_X2,RGB_ONLY,False,False,,False,False,False,1.3627887401270922,266,1.0987972477760501,300,0,0,0.35
seed-6210-eval_x2-rgbd_motion,6210,EVAL_X2,RGBD_MOTION,True,True,0.0021960763239219755,True,True,True,0.09993847495425283,0,2.587981223438723,274,0,0,0.72
seed-6210-no_obstacle-hierarchical,6210,NO_OBSTACLE,HIERARCHICAL,True,False,0.0,True,True,True,0.09788537223637443,0,2.2987313957690794,134,0,0,0.72
seed-6210-no_obstacle-rgb_only,6210,NO_OBSTACLE,RGB_ONLY,True,False,0.0,True,True,True,0.09788537223637443,0,2.2987313957690794,134,0,0,0.35
seed-6210-no_obstacle-rgbd_motion,6210,NO_OBSTACLE,RGBD_MOTION,True,False,0.0,True,True,True,0.09788537223637443,0,2.2987313957690794,134,0,0,0.72
seed-6210-opaque-hierarchical,6210,OPAQUE,HIERARCHICAL,True,True,0.0021960763239219755,True,True,True,0.09993847495425283,0,2.587981223438723,274,0,0,0.72
seed-6210-opaque-rgb_only,6210,OPAQUE,RGB_ONLY,True,True,0.0021960763239219755,True,True,True,0.09993847495425283,0,2.587981223438723,274,0,0,0.35
seed-6210-opaque-rgbd_motion,6210,OPAQUE,RGBD_MOTION,True,True,0.0021960763239219755,True,True,True,0.09993847495425283,0,2.587981223438723,274,0,0,0.72
seed-6211-eval_x2-hierarchical,6211,EVAL_X2,HIERARCHICAL,True,True,0.005016166893131436,True,True,True,0.09824069844788447,0,2.5474441846912184,274,0,0,0.72
seed-6211-eval_x2-rgb_only,6211,EVAL_X2,RGB_ONLY,False,False,,False,False,False,1.3709270794526713,267,1.039866508562276,300,0,0,0.35
seed-6211-eval_x2-rgbd_motion,6211,EVAL_X2,RGBD_MOTION,True,True,0.005016166893131436,True,True,True,0.09824069844788447,0,2.5474441846912184,274,0,0,0.72
seed-6211-no_obstacle-hierarchical,6211,NO_OBSTACLE,HIERARCHICAL,True,False,0.0,True,True,True,0.09787337818336968,0,2.2983576006652138,134,0,0,0.72
seed-6211-no_obstacle-rgb_only,6211,NO_OBSTACLE,RGB_ONLY,True,False,0.0,True,True,True,0.09787337818336968,0,2.2983576006652138,134,0,0,0.35
seed-6211-no_obstacle-rgbd_motion,6211,NO_OBSTACLE,RGBD_MOTION,True,False,0.0,True,True,True,0.09787337818336968,0,2.2983576006652138,134,0,0,0.72
seed-6211-opaque-hierarchical,6211,OPAQUE,HIERARCHICAL,True,True,0.005016166893131436,True,True,True,0.09824069844788447,0,2.5474441846912184,274,0,0,0.72
seed-6211-opaque-rgb_only,6211,OPAQUE,RGB_ONLY,True,True,0.010431232012254906,True,True,True,0.09744822953361013,0,2.5483640973363055,274,0,0,0.35
seed-6211-opaque-rgbd_motion,6211,OPAQUE,RGBD_MOTION,True,True,0.005016166893131436,True,True,True,0.09824069844788447,0,2.5474441846912184,274,0,0,0.72
seed-6212-eval_x2-hierarchical,6212,EVAL_X2,HIERARCHICAL,True,True,0.004825663762966648,True,True,True,0.09937379873299254,0,2.5383634660382532,273,0,0,0.72
seed-6212-eval_x2-rgb_only,6212,EVAL_X2,RGB_ONLY,False,False,,False,False,False,1.3883038037988553,267,1.056261952665961,300,0,0,0.35
seed-6212-eval_x2-rgbd_motion,6212,EVAL_X2,RGBD_MOTION,True,True,0.004825663762966648,True,True,True,0.09937379873299254,0,2.5383634660382532,273,0,0,0.72
seed-6212-no_obstacle-hierarchical,6212,NO_OBSTACLE,HIERARCHICAL,True,False,0.0,True,True,True,0.09788479445050936,0,2.298713389733229,134,0,0,0.72
seed-6212-no_obstacle-rgb_only,6212,NO_OBSTACLE,RGB_ONLY,True,False,0.0,True,True,True,0.09788479445050936,0,2.298713389733229,134,0,0,0.35
seed-6212-no_obstacle-rgbd_motion,6212,NO_OBSTACLE,RGBD_MOTION,True,False,0.0,True,True,True,0.09788479445050936,0,2.298713389733229,134,0,0,0.72
seed-6212-opaque-hierarchical,6212,OPAQUE,HIERARCHICAL,True,True,0.004825663762966648,True,True,True,0.09937379873299254,0,2.5383634660382532,273,0,0,0.72
seed-6212-opaque-rgb_only,6212,OPAQUE,RGB_ONLY,True,True,0.004825663762966648,True,True,True,0.09937379873299254,0,2.5383634660382532,273,0,0,0.35
seed-6212-opaque-rgbd_motion,6212,OPAQUE,RGBD_MOTION,True,True,0.004825663762966648,True,True,True,0.09937379873299254,0,2.5383634660382532,273,0,0,0.72
