storage_variant,trigger_variant,disturbance_family,severity,horizon,episode_count,completion_mean,progress_mean,repeated_failures_mean,false_triggers_mean,late_trigger_ticks_mean,wasted_triggers_mean,semantic_wakes_mean,motion_wakes_mean,control_wakes_mean,semantic_latency_proxy_ms_mean,motion_latency_proxy_ms_mean,control_latency_proxy_ms_mean,trigger_latency_ticks_mean_mean,stale_decisions_mean,retries_mean,escalations_mean,aborts_mean,storage_reads_mean,storage_writes_mean,storage_bytes_mean,storage_age_ticks_mean,budget_cost_proxy_mean
EPISODIC_ONLY,EVENT_DRIVEN,AVAILABILITY_LOSS,HIGH,12,20,1.0,1.0,0.0,0.0,0.0,0.0,2.0,2.0,0.0,0.46176,0.24,0.0,0.0,0.0,0.0,0.0,0.0,2.0,2.0,176.0,6.0,28.271875
EPISODIC_ONLY,EVENT_DRIVEN,AVAILABILITY_LOSS,HIGH,4,20,1.0,1.0,0.0,0.0,0.0,0.0,2.0,2.0,0.0,0.46176,0.24,0.0,0.0,0.0,0.0,0.0,0.0,2.0,2.0,176.0,2.0,28.271875
EPISODIC_ONLY,EVENT_DRIVEN,AVAILABILITY_LOSS,HIGH,8,20,1.0,1.0,0.0,0.0,0.0,0.0,2.0,2.0,0.0,0.46176,0.24,0.0,0.0,0.0,0.0,0.0,0.0,2.0,2.0,176.0,4.0,28.271875
EPISODIC_ONLY,EVENT_DRIVEN,AVAILABILITY_LOSS,LOW,12,20,1.0,1.0,0.0,0.0,0.0,0.0,2.0,2.0,0.0,0.46089,0.24,0.0,0.0,0.0,0.0,0.0,0.0,2.0,1.0,89.0,6.0,28.186914
EPISODIC_ONLY,EVENT_DRIVEN,AVAILABILITY_LOSS,LOW,4,20,1.0,1.0,0.0,0.0,0.0,0.0,2.0,2.0,0.0,0.46089,0.24,0.0,0.0,0.0,0.0,0.0,0.0,2.0,1.0,89.0,2.0,28.186914
EPISODIC_ONLY,EVENT_DRIVEN,AVAILABILITY_LOSS,LOW,8,20,1.0,1.0,0.0,0.0,0.0,0.0,2.0,2.0,0.0,0.46089,0.24,0.0,0.0,0.0,0.0,0.0,0.0,2.0,1.0,89.0,4.0,28.186914
EPISODIC_ONLY,EVENT_DRIVEN,CONTROL_FAILURE,HIGH,12,20,1.0,1.0,0.0,0.0,1.0,0.0,2.0,2.0,1.0,0.46079,0.24,0.04,1.0,0.0,1.0,0.0,0.0,2.0,1.0,79.0,7.0,30.177148
EPISODIC_ONLY,EVENT_DRIVEN,CONTROL_FAILURE,HIGH,4,20,1.0,1.0,0.0,0.0,1.0,0.0,2.0,2.0,1.0,0.46079,0.24,0.04,1.0,0.0,1.0,0.0,0.0,2.0,1.0,79.0,3.0,30.177148
EPISODIC_ONLY,EVENT_DRIVEN,CONTROL_FAILURE,HIGH,8,20,1.0,1.0,0.0,0.0,1.0,0.0,2.0,2.0,1.0,0.46079,0.24,0.04,1.0,0.0,1.0,0.0,0.0,2.0,1.0,79.0,5.0,30.177148
EPISODIC_ONLY,EVENT_DRIVEN,CONTROL_FAILURE,LOW,12,20,1.0,1.0,0.0,0.0,1.0,0.0,2.0,2.0,1.0,0.46079,0.24,0.04,1.0,0.0,1.0,0.0,0.0,2.0,1.0,79.0,7.0,30.177148
EPISODIC_ONLY,EVENT_DRIVEN,CONTROL_FAILURE,LOW,4,20,1.0,1.0,0.0,0.0,1.0,0.0,2.0,2.0,1.0,0.46079,0.24,0.04,1.0,0.0,1.0,0.0,0.0,2.0,1.0,79.0,3.0,30.177148
EPISODIC_ONLY,EVENT_DRIVEN,CONTROL_FAILURE,LOW,8,20,1.0,1.0,0.0,0.0,1.0,0.0,2.0,2.0,1.0,0.46079,0.24,0.04,1.0,0.0,1.0,0.0,0.0,2.0,1.0,79.0,5.0,30.177148
EPISODIC_ONLY,EVENT_DRIVEN,POSE_SHIFT,HIGH,12,20,1.0,1.0,0.0,0.0,0.0,0.0,2.0,2.0,0.0,0.460877,0.24,0.0,0.0,0.0,0.0,0.0,0.0,2.0,1.0,87.7,6.0,28.18564485
EPISODIC_ONLY,EVENT_DRIVEN,POSE_SHIFT,HIGH,4,20,1.0,1.0,0.0,0.0,0.0,0.0,2.0,2.0,0.0,0.460877,0.24,0.0,0.0,0.0,0.0,0.0,0.0,2.0,1.0,87.7,2.0,28.18564485
EPISODIC_ONLY,EVENT_DRIVEN,POSE_SHIFT,HIGH,8,20,1.0,1.0,0.0,0.0,0.0,0.0,2.0,2.0,0.0,0.460877,0.24,0.0,0.0,0.0,0.0,0.0,0.0,2.0,1.0,87.7,4.0,28.18564485
EPISODIC_ONLY,EVENT_DRIVEN,POSE_SHIFT,LOW,12,20,1.0,1.0,0.0,0.0,0.0,0.0,2.0,2.0,0.0,0.4608775,0.24,0.0,0.0,0.0,0.0,0.0,0.0,2.0,1.0,87.75,6.0,28.1856937
EPISODIC_ONLY,EVENT_DRIVEN,POSE_SHIFT,LOW,4,20,1.0,1.0,0.0,0.0,0.0,0.0,2.0,2.0,0.0,0.4608775,0.24,0.0,0.0,0.0,0.0,0.0,0.0,2.0,1.0,87.75,2.0,28.1856937
EPISODIC_ONLY,EVENT_DRIVEN,POSE_SHIFT,LOW,8,20,1.0,1.0,0.0,0.0,0.0,0.0,2.0,2.0,0.0,0.4608775,0.24,0.0,0.0,0.0,0.0,0.0,0.0,2.0,1.0,87.75,4.0,28.1856937
EPISODIC_ONLY,EVENT_DRIVEN,RESTRICTION_CHANGE,HIGH,12,20,1.0,1.0,0.0,0.0,0.0,0.0,2.0,2.0,0.0,0.46154,0.24,0.0,0.0,0.0,0.0,0.0,0.0,2.0,2.0,154.0,6.0,28.250391
EPISODIC_ONLY,EVENT_DRIVEN,RESTRICTION_CHANGE,HIGH,4,20,1.0,1.0,0.0,0.0,0.0,0.0,2.0,2.0,0.0,0.46154,0.24,0.0,0.0,0.0,0.0,0.0,0.0,2.0,2.0,154.0,2.0,28.250391
EPISODIC_ONLY,EVENT_DRIVEN,RESTRICTION_CHANGE,HIGH,8,20,1.0,1.0,0.0,0.0,0.0,0.0,2.0,2.0,0.0,0.46154,0.24,0.0,0.0,0.0,0.0,0.0,0.0,2.0,2.0,154.0,4.0,28.250391
EPISODIC_ONLY,EVENT_DRIVEN,RESTRICTION_CHANGE,LOW,12,20,1.0,1.0,0.0,0.0,0.0,0.0,2.0,2.0,0.0,0.46078,0.24,0.0,0.0,0.0,0.0,0.0,0.0,2.0,1.0,78.0,6.0,28.176172
EPISODIC_ONLY,EVENT_DRIVEN,RESTRICTION_CHANGE,LOW,4,20,1.0,1.0,0.0,0.0,0.0,0.0,2.0,2.0,0.0,0.46078,0.24,0.0,0.0,0.0,0.0,0.0,0.0,2.0,1.0,78.0,2.0,28.176172
EPISODIC_ONLY,EVENT_DRIVEN,RESTRICTION_CHANGE,LOW,8,20,1.0,1.0,0.0,0.0,0.0,0.0,2.0,2.0,0.0,0.46078,0.24,0.0,0.0,0.0,0.0,0.0,0.0,2.0,1.0,78.0,4.0,28.176172
EPISODIC_ONLY,FAILURE_THRESHOLD,AVAILABILITY_LOSS,HIGH,12,20,1.0,1.0,1.0,0.0,2.0,0.0,2.0,2.0,2.0,0.4633,0.24,0.08,2.0,2.0,2.0,1.0,0.0,2.0,4.0,330.0,7.0,32.422266
EPISODIC_ONLY,FAILURE_THRESHOLD,AVAILABILITY_LOSS,HIGH,4,20,1.0,1.0,1.0,0.0,2.0,0.0,2.0,2.0,2.0,0.4633,0.24,0.08,2.0,2.0,2.0,1.0,0.0,2.0,4.0,330.0,3.0,32.422266
EPISODIC_ONLY,FAILURE_THRESHOLD,AVAILABILITY_LOSS,HIGH,8,20,1.0,1.0,1.0,0.0,2.0,0.0,2.0,2.0,2.0,0.4633,0.24,0.08,2.0,2.0,2.0,1.0,0.0,2.0,4.0,330.0,5.0,32.422266
EPISODIC_ONLY,FAILURE_THRESHOLD,AVAILABILITY_LOSS,LOW,12,20,1.0,1.0,1.0,0.0,2.0,0.0,2.0,2.0,2.0,0.46243,0.24,0.08,2.0,2.0,2.0,1.0,0.0,2.0,3.0,243.0,7.0,32.337305
EPISODIC_ONLY,FAILURE_THRESHOLD,AVAILABILITY_LOSS,LOW,4,20,1.0,1.0,1.0,0.0,2.0,0.0,2.0,2.0,2.0,0.46243,0.24,0.08,2.0,2.0,2.0,1.0,0.0,2.0,3.0,243.0,3.0,32.337305
EPISODIC_ONLY,FAILURE_THRESHOLD,AVAILABILITY_LOSS,LOW,8,20,1.0,1.0,1.0,0.0,2.0,0.0,2.0,2.0,2.0,0.46243,0.24,0.08,2.0,2.0,2.0,1.0,0.0,2.0,3.0,243.0,5.0,32.337305
EPISODIC_ONLY,FAILURE_THRESHOLD,CONTROL_FAILURE,HIGH,12,20,1.0,1.0,1.0,0.0,2.0,0.0,2.0,2.0,2.0,0.46156,0.24,0.08,2.0,0.0,2.0,1.0,0.0,2.0,2.0,156.0,7.0,32.252344
EPISODIC_ONLY,FAILURE_THRESHOLD,CONTROL_FAILURE,HIGH,4,20,1.0,1.0,1.0,0.0,2.0,0.0,2.0,2.0,2.0,0.46156,0.24,0.08,2.0,0.0,2.0,1.0,0.0,2.0,2.0,156.0,3.0,32.252344
EPISODIC_ONLY,FAILURE_THRESHOLD,CONTROL_FAILURE,HIGH,8,20,1.0,1.0,1.0,0.0,2.0,0.0,2.0,2.0,2.0,0.46156,0.24,0.08,2.0,0.0,2.0,1.0,0.0,2.0,2.0,156.0,5.0,32.252344
EPISODIC_ONLY,FAILURE_THRESHOLD,CONTROL_FAILURE,LOW,12,20,1.0,1.0,0.0,0.0,8.0,0.0,1.0,1.0,1.0,0.23079,0.12,0.04,0.0,0.0,1.0,0.0,0.0,1.0,1.0,79.0,7.0,16.127148
EPISODIC_ONLY,FAILURE_THRESHOLD,CONTROL_FAILURE,LOW,4,20,1.0,1.0,0.0,0.0,4.0,0.0,1.0,1.0,1.0,0.23079,0.12,0.04,0.0,0.0,1.0,0.0,0.0,1.0,1.0,79.0,3.0,16.127148
EPISODIC_ONLY,FAILURE_THRESHOLD,CONTROL_FAILURE,LOW,8,20,1.0,1.0,0.0,0.0,6.0,0.0,1.0,1.0,1.0,0.23079,0.12,0.04,0.0,0.0,1.0,0.0,0.0,1.0,1.0,79.0,5.0,16.127148
EPISODIC_ONLY,FAILURE_THRESHOLD,POSE_SHIFT,HIGH,12,20,1.0,1.0,1.0,0.0,2.0,0.0,2.0,2.0,2.0,0.462417,0.24,0.08,2.0,2.0,2.0,1.0,0.0,2.0,3.0,241.7,7.0,32.33603525
EPISODIC_ONLY,FAILURE_THRESHOLD,POSE_SHIFT,HIGH,4,20,1.0,1.0,1.0,0.0,2.0,0.0,2.0,2.0,2.0,0.462417,0.24,0.08,2.0,2.0,2.0,1.0,0.0,2.0,3.0,241.7,3.0,32.33603525
EPISODIC_ONLY,FAILURE_THRESHOLD,POSE_SHIFT,HIGH,8,20,1.0,1.0,1.0,0.0,2.0,0.0,2.0,2.0,2.0,0.462417,0.24,0.08,2.0,2.0,2.0,1.0,0.0,2.0,3.0,241.7,5.0,32.33603525
EPISODIC_ONLY,FAILURE_THRESHOLD,POSE_SHIFT,LOW,12,20,1.0,1.0,1.0,0.0,2.0,0.0,2.0,2.0,2.0,0.4624175,0.24,0.08,2.0,2.0,2.0,1.0,0.0,2.0,3.0,241.75,7.0,32.33608405
EPISODIC_ONLY,FAILURE_THRESHOLD,POSE_SHIFT,LOW,4,20,1.0,1.0,1.0,0.0,2.0,0.0,2.0,2.0,2.0,0.4624175,0.24,0.08,2.0,2.0,2.0,1.0,0.0,2.0,3.0,241.75,3.0,32.33608405
EPISODIC_ONLY,FAILURE_THRESHOLD,POSE_SHIFT,LOW,8,20,1.0,1.0,1.0,0.0,2.0,0.0,2.0,2.0,2.0,0.4624175,0.24,0.08,2.0,2.0,2.0,1.0,0.0,2.0,3.0,241.75,5.0,32.33608405
EPISODIC_ONLY,FAILURE_THRESHOLD,RESTRICTION_CHANGE,HIGH,12,20,1.0,1.0,1.0,0.0,2.0,0.0,2.0,2.0,2.0,0.46308,0.24,0.08,2.0,2.0,2.0,1.0,0.0,2.0,4.0,308.0,7.0,32.400781
EPISODIC_ONLY,FAILURE_THRESHOLD,RESTRICTION_CHANGE,HIGH,4,20,1.0,1.0,1.0,0.0,2.0,0.0,2.0,2.0,2.0,0.46308,0.24,0.08,2.0,2.0,2.0,1.0,0.0,2.0,4.0,308.0,3.0,32.400781
EPISODIC_ONLY,FAILURE_THRESHOLD,RESTRICTION_CHANGE,HIGH,8,20,1.0,1.0,1.0,0.0,2.0,0.0,2.0,2.0,2.0,0.46308,0.24,0.08,2.0,2.0,2.0,1.0,0.0,2.0,4.0,308.0,5.0,32.400781
EPISODIC_ONLY,FAILURE_THRESHOLD,RESTRICTION_CHANGE,LOW,12,20,1.0,1.0,1.0,0.0,2.0,0.0,2.0,2.0,2.0,0.46232,0.24,0.08,2.0,2.0,2.0,1.0,0.0,2.0,3.0,232.0,7.0,32.326563
EPISODIC_ONLY,FAILURE_THRESHOLD,RESTRICTION_CHANGE,LOW,4,20,1.0,1.0,1.0,0.0,2.0,0.0,2.0,2.0,2.0,0.46232,0.24,0.08,2.0,2.0,2.0,1.0,0.0,2.0,3.0,232.0,3.0,32.326563
EPISODIC_ONLY,FAILURE_THRESHOLD,RESTRICTION_CHANGE,LOW,8,20,1.0,1.0,1.0,0.0,2.0,0.0,2.0,2.0,2.0,0.46232,0.24,0.08,2.0,2.0,2.0,1.0,0.0,2.0,3.0,232.0,5.0,32.326563
EPISODIC_ONLY,HYBRID,AVAILABILITY_LOSS,HIGH,12,20,1.0,1.0,0.0,3.0,0.0,3.0,5.0,2.0,0.0,1.15176,0.24,0.0,0.0,0.0,0.0,0.0,0.0,5.0,2.0,176.0,6.0,58.421875
EPISODIC_ONLY,HYBRID,AVAILABILITY_LOSS,HIGH,4,20,1.0,1.0,0.0,0.0,0.0,0.0,2.0,2.0,0.0,0.46176,0.24,0.0,0.0,0.0,0.0,0.0,0.0,2.0,2.0,176.0,2.0,28.271875
EPISODIC_ONLY,HYBRID,AVAILABILITY_LOSS,HIGH,8,20,1.0,1.0,0.0,2.0,1.0,2.0,4.0,2.0,1.0,0.92253,0.24,0.04,1.0,1.0,1.0,0.0,0.0,4.0,3.0,253.0,5.0,50.44707
EPISODIC_ONLY,HYBRID,AVAILABILITY_LOSS,LOW,12,20,1.0,1.0,0.0,3.0,0.0,3.0,5.0,2.0,0.0,1.15089,0.24,0.0,0.0,0.0,0.0,0.0,0.0,5.0,1.0,89.0,6.0,58.336914
EPISODIC_ONLY,HYBRID,AVAILABILITY_LOSS,LOW,4,20,1.0,1.0,0.0,0.0,0.0,0.0,2.0,2.0,0.0,0.46089,0.24,0.0,0.0,0.0,0.0,0.0,0.0,2.0,1.0,89.0,2.0,28.186914
EPISODIC_ONLY,HYBRID,AVAILABILITY_LOSS,LOW,8,20,1.0,1.0,0.0,2.0,1.0,2.0,4.0,2.0,1.0,0.92166,0.24,0.04,1.0,1.0,1.0,0.0,0.0,4.0,2.0,166.0,5.0,50.362109
EPISODIC_ONLY,HYBRID,CONTROL_FAILURE,HIGH,12,20,1.0,1.0,1.0,3.0,1.0,3.0,5.0,2.0,2.0,1.15156,0.24,0.08,2.0,0.0,2.0,0.0,0.0,5.0,2.0,156.0,7.0,62.402344
EPISODIC_ONLY,HYBRID,CONTROL_FAILURE,HIGH,4,20,1.0,1.0,0.0,0.0,1.0,0.0,2.0,2.0,1.0,0.46079,0.24,0.04,1.0,0.0,1.0,0.0,0.0,2.0,1.0,79.0,3.0,30.177148
EPISODIC_ONLY,HYBRID,CONTROL_FAILURE,HIGH,8,20,1.0,1.0,0.0,2.0,1.0,2.0,4.0,2.0,1.0,0.92079,0.24,0.04,1.0,0.0,1.0,0.0,0.0,4.0,1.0,79.0,5.0,50.277148
EPISODIC_ONLY,HYBRID,CONTROL_FAILURE,LOW,12,20,1.0,1.0,0.0,4.0,1.0,3.0,5.0,2.0,1.0,1.15079,0.24,0.04,2.0,0.0,1.0,0.0,0.0,5.0,1.0,79.0,7.0,60.327148
EPISODIC_ONLY,HYBRID,CONTROL_FAILURE,LOW,4,20,1.0,1.0,0.0,0.0,1.0,0.0,2.0,2.0,1.0,0.46079,0.24,0.04,1.0,0.0,1.0,0.0,0.0,2.0,1.0,79.0,3.0,30.177148
EPISODIC_ONLY,HYBRID,CONTROL_FAILURE,LOW,8,20,1.0,1.0,0.0,2.0,1.0,2.0,4.0,2.0,1.0,0.92079,0.24,0.04,1.0,0.0,1.0,0.0,0.0,4.0,1.0,79.0,5.0,50.277148
EPISODIC_ONLY,HYBRID,POSE_SHIFT,HIGH,12,20,1.0,1.0,0.0,3.0,0.0,3.0,5.0,2.0,0.0,1.150877,0.24,0.0,0.0,0.0,0.0,0.0,0.0,5.0,1.0,87.7,6.0,58.33564485
EPISODIC_ONLY,HYBRID,POSE_SHIFT,HIGH,4,20,1.0,1.0,0.0,0.0,0.0,0.0,2.0,2.0,0.0,0.460877,0.24,0.0,0.0,0.0,0.0,0.0,0.0,2.0,1.0,87.7,2.0,28.18564485
EPISODIC_ONLY,HYBRID,POSE_SHIFT,HIGH,8,20,1.0,1.0,0.0,2.0,1.0,2.0,4.0,2.0,1.0,0.921647,0.24,0.04,1.0,1.0,1.0,0.0,0.0,4.0,2.0,164.7,5.0,50.36083985
EPISODIC_ONLY,HYBRID,POSE_SHIFT,LOW,12,20,1.0,1.0,0.0,3.0,0.0,3.0,5.0,2.0,0.0,1.1508775,0.24,0.0,0.0,0.0,0.0,0.0,0.0,5.0,1.0,87.75,6.0,58.3356937
EPISODIC_ONLY,HYBRID,POSE_SHIFT,LOW,4,20,1.0,1.0,0.0,0.0,0.0,0.0,2.0,2.0,0.0,0.4608775,0.24,0.0,0.0,0.0,0.0,0.0,0.0,2.0,1.0,87.75,2.0,28.1856937
EPISODIC_ONLY,HYBRID,POSE_SHIFT,LOW,8,20,1.0,1.0,0.0,2.0,1.0,2.0,4.0,2.0,1.0,0.9216475,0.24,0.04,1.0,1.0,1.0,0.0,0.0,4.0,2.0,164.75,5.0,50.3608887
EPISODIC_ONLY,HYBRID,RESTRICTION_CHANGE,HIGH,12,20,1.0,1.0,0.0,3.0,0.0,3.0,5.0,2.0,0.0,1.15154,0.24,0.0,0.0,0.0,0.0,0.0,0.0,5.0,2.0,154.0,6.0,58.400391
EPISODIC_ONLY,HYBRID,RESTRICTION_CHANGE,HIGH,4,20,1.0,1.0,0.0,0.0,0.0,0.0,2.0,2.0,0.0,0.46154,0.24,0.0,0.0,0.0,0.0,0.0,0.0,2.0,2.0,154.0,2.0,28.250391
EPISODIC_ONLY,HYBRID,RESTRICTION_CHANGE,HIGH,8,20,1.0,1.0,0.0,2.0,1.0,2.0,4.0,2.0,1.0,0.92231,0.24,0.04,1.0,1.0,1.0,0.0,0.0,4.0,3.0,231.0,5.0,50.425586
EPISODIC_ONLY,HYBRID,RESTRICTION_CHANGE,LOW,12,20,1.0,1.0,0.0,3.0,0.0,3.0,5.0,2.0,0.0,1.15078,0.24,0.0,0.0,0.0,0.0,0.0,0.0,5.0,1.0,78.0,6.0,58.326172
EPISODIC_ONLY,HYBRID,RESTRICTION_CHANGE,LOW,4,20,1.0,1.0,0.0,0.0,0.0,0.0,2.0,2.0,0.0,0.46078,0.24,0.0,0.0,0.0,0.0,0.0,0.0,2.0,1.0,78.0,2.0,28.176172
EPISODIC_ONLY,HYBRID,RESTRICTION_CHANGE,LOW,8,20,1.0,1.0,0.0,2.0,1.0,2.0,4.0,2.0,1.0,0.92155,0.24,0.04,1.0,1.0,1.0,0.0,0.0,4.0,2.0,155.0,5.0,50.351367
EPISODIC_ONLY,NO_REPLAN,AVAILABILITY_LOSS,HIGH,12,20,0.0,0.416667,10.0,0.0,11.0,0.0,1.0,1.0,11.0,0.2403,0.12,0.44,0.0,11.0,11.0,0.0,1.0,1.0,13.0,1030.0,0.0,37.055859
EPISODIC_ONLY,NO_REPLAN,AVAILABILITY_LOSS,HIGH,4,20,0.0,0.25,6.0,0.0,7.0,0.0,1.0,1.0,7.0,0.23715,0.12,0.28,0.0,7.0,7.0,0.0,1.0,1.0,9.0,715.0,0.0,28.748242
EPISODIC_ONLY,NO_REPLAN,AVAILABILITY_LOSS,HIGH,8,20,0.0,0.375,8.0,0.0,9.0,0.0,1.0,1.0,9.0,0.23872,0.12,0.36,0.0,9.0,9.0,0.0,1.0,1.0,11.0,872.0,0.0,32.901562
EPISODIC_ONLY,NO_REPLAN,AVAILABILITY_LOSS,LOW,12,20,0.0,0.416667,10.0,0.0,11.0,0.0,1.0,1.0,11.0,0.23943,0.12,0.44,0.0,11.0,11.0,0.0,1.0,1.0,12.0,943.0,0.0,36.970898
EPISODIC_ONLY,NO_REPLAN,AVAILABILITY_LOSS,LOW,4,20,0.0,0.25,6.0,0.0,7.0,0.0,1.0,1.0,7.0,0.23628,0.12,0.28,0.0,7.0,7.0,0.0,1.0,1.0,8.0,628.0,0.0,28.663281
EPISODIC_ONLY,NO_REPLAN,AVAILABILITY_LOSS,LOW,8,20,0.0,0.375,8.0,0.0,9.0,0.0,1.0,1.0,9.0,0.23785,0.12,0.36,0.0,9.0,9.0,0.0,1.0,1.0,10.0,785.0,0.0,32.816602
EPISODIC_ONLY,NO_REPLAN,CONTROL_FAILURE,HIGH,12,20,1.0,1.0,2.0,0.0,10.0,0.0,1.0,1.0,3.0,0.23233,0.12,0.12,0.0,0.0,3.0,0.0,0.0,1.0,3.0,233.0,7.0,20.277539
EPISODIC_ONLY,NO_REPLAN,CONTROL_FAILURE,HIGH,4,20,1.0,1.0,2.0,0.0,6.0,0.0,1.0,1.0,3.0,0.23233,0.12,0.12,0.0,0.0,3.0,0.0,0.0,1.0,3.0,233.0,3.0,20.277539
EPISODIC_ONLY,NO_REPLAN,CONTROL_FAILURE,HIGH,8,20,1.0,1.0,2.0,0.0,8.0,0.0,1.0,1.0,3.0,0.23233,0.12,0.12,0.0,0.0,3.0,0.0,0.0,1.0,3.0,233.0,5.0,20.277539
EPISODIC_ONLY,NO_REPLAN,CONTROL_FAILURE,LOW,12,20,1.0,1.0,0.0,0.0,8.0,0.0,1.0,1.0,1.0,0.23079,0.12,0.04,0.0,0.0,1.0,0.0,0.0,1.0,1.0,79.0,7.0,16.127148
EPISODIC_ONLY,NO_REPLAN,CONTROL_FAILURE,LOW,4,20,1.0,1.0,0.0,0.0,4.0,0.0,1.0,1.0,1.0,0.23079,0.12,0.04,0.0,0.0,1.0,0.0,0.0,1.0,1.0,79.0,3.0,16.127148
EPISODIC_ONLY,NO_REPLAN,CONTROL_FAILURE,LOW,8,20,1.0,1.0,0.0,0.0,6.0,0.0,1.0,1.0,1.0,0.23079,0.12,0.04,0.0,0.0,1.0,0.0,0.0,1.0,1.0,79.0,5.0,16.127148
EPISODIC_ONLY,NO_REPLAN,POSE_SHIFT,HIGH,12,20,0.0,0.416667,10.0,0.0,11.0,0.0,1.0,1.0,11.0,0.239417,0.12,0.44,0.0,11.0,11.0,0.0,1.0,1.0,12.0,941.7,0.0,36.96962885
EPISODIC_ONLY,NO_REPLAN,POSE_SHIFT,HIGH,4,20,0.0,0.25,6.0,0.0,7.0,0.0,1.0,1.0,7.0,0.236267,0.12,0.28,0.0,7.0,7.0,0.0,1.0,1.0,8.0,626.7,0.0,28.66201185
EPISODIC_ONLY,NO_REPLAN,POSE_SHIFT,HIGH,8,20,0.0,0.375,8.0,0.0,9.0,0.0,1.0,1.0,9.0,0.237837,0.12,0.36,0.0,9.0,9.0,0.0,1.0,1.0,10.0,783.7,0.0,32.8153319
EPISODIC_ONLY,NO_REPLAN,POSE_SHIFT,LOW,12,20,0.0,0.416667,10.0,0.0,11.0,0.0,1.0,1.0,11.0,0.2394175,0.12,0.44,0.0,11.0,11.0,0.0,1.0,1.0,12.0,941.75,0.0,36.9696777
EPISODIC_ONLY,NO_REPLAN,POSE_SHIFT,LOW,4,20,0.0,0.25,6.0,0.0,7.0,0.0,1.0,1.0,7.0,0.2362675,0.12,0.28,0.0,7.0,7.0,0.0,1.0,1.0,8.0,626.75,0.0,28.6620607
EPISODIC_ONLY,NO_REPLAN,POSE_SHIFT,LOW,8,20,0.0,0.375,8.0,0.0,9.0,0.0,1.0,1.0,9.0,0.2378375,0.12,0.36,0.0,9.0,9.0,0.0,1.0,1.0,10.0,783.75,0.0,32.81538075
EPISODIC_ONLY,NO_REPLAN,RESTRICTION_CHANGE,HIGH,12,20,0.0,0.416667,10.0,0.0,11.0,0.0,1.0,1.0,11.0,0.24008,0.12,0.44,0.0,11.0,11.0,0.0,1.0,1.0,13.0,1008.0,0.0,37.034375
EPISODIC_ONLY,NO_REPLAN,RESTRICTION_CHANGE,HIGH,4,20,0.0,0.25,6.0,0.0,7.0,0.0,1.0,1.0,7.0,0.23693,0.12,0.28,0.0,7.0,7.0,0.0,1.0,1.0,9.0,693.0,0.0,28.726758
EPISODIC_ONLY,NO_REPLAN,RESTRICTION_CHANGE,HIGH,8,20,0.0,0.375,8.0,0.0,9.0,0.0,1.0,1.0,9.0,0.2385,0.12,0.36,0.0,9.0,9.0,0.0,1.0,1.0,11.0,850.0,0.0,32.880078
EPISODIC_ONLY,NO_REPLAN,RESTRICTION_CHANGE,LOW,12,20,0.0,0.416667,10.0,0.0,11.0,0.0,1.0,1.0,11.0,0.23932,0.12,0.44,0.0,11.0,11.0,0.0,1.0,1.0,12.0,932.0,0.0,36.960156
EPISODIC_ONLY,NO_REPLAN,RESTRICTION_CHANGE,LOW,4,20,0.0,0.25,6.0,0.0,7.0,0.0,1.0,1.0,7.0,0.23617,0.12,0.28,0.0,7.0,7.0,0.0,1.0,1.0,8.0,617.0,0.0,28.652539
EPISODIC_ONLY,NO_REPLAN,RESTRICTION_CHANGE,LOW,8,20,0.0,0.375,8.0,0.0,9.0,0.0,1.0,1.0,9.0,0.23774,0.12,0.36,0.0,9.0,9.0,0.0,1.0,1.0,10.0,774.0,0.0,32.805859
EPISODIC_ONLY,PERIODIC_ONLY,AVAILABILITY_LOSS,HIGH,12,20,1.0,1.0,0.0,3.0,0.0,3.0,5.0,2.0,0.0,1.15176,0.24,0.0,0.0,0.0,0.0,0.0,0.0,5.0,2.0,176.0,6.0,58.421875
EPISODIC_ONLY,PERIODIC_ONLY,AVAILABILITY_LOSS,HIGH,4,20,1.0,1.0,0.0,0.0,1.0,0.0,2.0,2.0,1.0,0.46253,0.24,0.04,1.0,1.0,1.0,0.0,0.0,2.0,3.0,253.0,3.0,30.34707
EPISODIC_ONLY,PERIODIC_ONLY,AVAILABILITY_LOSS,HIGH,8,20,1.0,1.0,1.0,2.0,2.0,2.0,4.0,2.0,2.0,0.9233,0.24,0.08,2.0,2.0,2.0,0.0,0.0,4.0,4.0,330.0,5.0,52.522266
EPISODIC_ONLY,PERIODIC_ONLY,AVAILABILITY_LOSS,LOW,12,20,1.0,1.0,0.0,3.0,0.0,3.0,5.0,2.0,0.0,1.15089,0.24,0.0,0.0,0.0,0.0,0.0,0.0,5.0,1.0,89.0,6.0,58.336914
EPISODIC_ONLY,PERIODIC_ONLY,AVAILABILITY_LOSS,LOW,4,20,1.0,1.0,0.0,0.0,1.0,0.0,2.0,2.0,1.0,0.46166,0.24,0.04,1.0,1.0,1.0,0.0,0.0,2.0,2.0,166.0,3.0,30.262109
EPISODIC_ONLY,PERIODIC_ONLY,AVAILABILITY_LOSS,LOW,8,20,1.0,1.0,1.0,2.0,2.0,2.0,4.0,2.0,2.0,0.92243,0.24,0.08,2.0,2.0,2.0,0.0,0.0,4.0,3.0,243.0,5.0,52.437305
EPISODIC_ONLY,PERIODIC_ONLY,CONTROL_FAILURE,HIGH,12,20,1.0,1.0,2.0,4.0,2.0,4.0,6.0,2.0,3.0,1.38233,0.24,0.12,3.0,0.0,3.0,0.0,0.0,6.0,3.0,233.0,7.0,74.527539
EPISODIC_ONLY,PERIODIC_ONLY,CONTROL_FAILURE,HIGH,4,20,1.0,1.0,0.0,0.0,1.0,0.0,2.0,2.0,1.0,0.46079,0.24,0.04,1.0,0.0,1.0,0.0,0.0,2.0,1.0,79.0,3.0,30.177148
EPISODIC_ONLY,PERIODIC_ONLY,CONTROL_FAILURE,HIGH,8,20,1.0,1.0,1.0,2.0,2.0,2.0,4.0,2.0,2.0,0.92156,0.24,0.08,2.0,0.0,2.0,0.0,0.0,4.0,2.0,156.0,5.0,52.352344
EPISODIC_ONLY,PERIODIC_ONLY,CONTROL_FAILURE,LOW,12,20,1.0,1.0,0.0,4.0,2.0,3.0,5.0,2.0,1.0,1.15079,0.24,0.04,3.0,0.0,1.0,0.0,0.0,5.0,1.0,79.0,7.0,60.327148
EPISODIC_ONLY,PERIODIC_ONLY,CONTROL_FAILURE,LOW,4,20,1.0,1.0,0.0,0.0,1.0,0.0,2.0,2.0,1.0,0.46079,0.24,0.04,1.0,0.0,1.0,0.0,0.0,2.0,1.0,79.0,3.0,30.177148
EPISODIC_ONLY,PERIODIC_ONLY,CONTROL_FAILURE,LOW,8,20,1.0,1.0,0.0,3.0,2.0,2.0,4.0,2.0,1.0,0.92079,0.24,0.04,2.0,0.0,1.0,0.0,0.0,4.0,1.0,79.0,5.0,50.277148
EPISODIC_ONLY,PERIODIC_ONLY,POSE_SHIFT,HIGH,12,20,1.0,1.0,0.0,3.0,0.0,3.0,5.0,2.0,0.0,1.150877,0.24,0.0,0.0,0.0,0.0,0.0,0.0,5.0,1.0,87.7,6.0,58.33564485
EPISODIC_ONLY,PERIODIC_ONLY,POSE_SHIFT,HIGH,4,20,1.0,1.0,0.0,0.0,1.0,0.0,2.0,2.0,1.0,0.461647,0.24,0.04,1.0,1.0,1.0,0.0,0.0,2.0,2.0,164.7,3.0,30.26083985
EPISODIC_ONLY,PERIODIC_ONLY,POSE_SHIFT,HIGH,8,20,1.0,1.0,1.0,2.0,2.0,2.0,4.0,2.0,2.0,0.922417,0.24,0.08,2.0,2.0,2.0,0.0,0.0,4.0,3.0,241.7,5.0,52.43603525
EPISODIC_ONLY,PERIODIC_ONLY,POSE_SHIFT,LOW,12,20,1.0,1.0,0.0,3.0,0.0,3.0,5.0,2.0,0.0,1.1508775,0.24,0.0,0.0,0.0,0.0,0.0,0.0,5.0,1.0,87.75,6.0,58.3356937
EPISODIC_ONLY,PERIODIC_ONLY,POSE_SHIFT,LOW,4,20,1.0,1.0,0.0,0.0,1.0,0.0,2.0,2.0,1.0,0.4616475,0.24,0.04,1.0,1.0,1.0,0.0,0.0,2.0,2.0,164.75,3.0,30.2608887
EPISODIC_ONLY,PERIODIC_ONLY,POSE_SHIFT,LOW,8,20,1.0,1.0,1.0,2.0,2.0,2.0,4.0,2.0,2.0,0.9224175,0.24,0.08,2.0,2.0,2.0,0.0,0.0,4.0,3.0,241.75,5.0,52.43608405
EPISODIC_ONLY,PERIODIC_ONLY,RESTRICTION_CHANGE,HIGH,12,20,1.0,1.0,0.0,3.0,0.0,3.0,5.0,2.0,0.0,1.15154,0.24,0.0,0.0,0.0,0.0,0.0,0.0,5.0,2.0,154.0,6.0,58.400391
EPISODIC_ONLY,PERIODIC_ONLY,RESTRICTION_CHANGE,HIGH,4,20,1.0,1.0,0.0,0.0,1.0,0.0,2.0,2.0,1.0,0.46231,0.24,0.04,1.0,1.0,1.0,0.0,0.0,2.0,3.0,231.0,3.0,30.325586
EPISODIC_ONLY,PERIODIC_ONLY,RESTRICTION_CHANGE,HIGH,8,20,1.0,1.0,1.0,2.0,2.0,2.0,4.0,2.0,2.0,0.92308,0.24,0.08,2.0,2.0,2.0,0.0,0.0,4.0,4.0,308.0,5.0,52.500781
EPISODIC_ONLY,PERIODIC_ONLY,RESTRICTION_CHANGE,LOW,12,20,1.0,1.0,0.0,3.0,0.0,3.0,5.0,2.0,0.0,1.15078,0.24,0.0,0.0,0.0,0.0,0.0,0.0,5.0,1.0,78.0,6.0,58.326172
EPISODIC_ONLY,PERIODIC_ONLY,RESTRICTION_CHANGE,LOW,4,20,1.0,1.0,0.0,0.0,1.0,0.0,2.0,2.0,1.0,0.46155,0.24,0.04,1.0,1.0,1.0,0.0,0.0,2.0,2.0,155.0,3.0,30.251367
EPISODIC_ONLY,PERIODIC_ONLY,RESTRICTION_CHANGE,LOW,8,20,1.0,1.0,1.0,2.0,2.0,2.0,4.0,2.0,2.0,0.92232,0.24,0.08,2.0,2.0,2.0,0.0,0.0,4.0,3.0,232.0,5.0,52.426563
FIXED_SNAPSHOT,EVENT_DRIVEN,AVAILABILITY_LOSS,HIGH,12,20,0.0,0.416667,10.0,0.0,0.0,11.0,12.0,1.0,11.0,2.763784,0.12,0.44,0.909091,11.0,11.0,0.0,1.0,12.0,0.0,378.4,16.0,146.9695312
FIXED_SNAPSHOT,EVENT_DRIVEN,AVAILABILITY_LOSS,HIGH,4,20,0.0,0.25,6.0,0.0,0.0,7.0,8.0,1.0,7.0,1.843784,0.12,0.28,0.857143,7.0,7.0,0.0,1.0,8.0,0.0,378.4,8.0,98.76953135
FIXED_SNAPSHOT,EVENT_DRIVEN,AVAILABILITY_LOSS,HIGH,8,20,0.0,0.375,8.0,0.0,0.0,9.0,10.0,1.0,9.0,2.303784,0.12,0.36,0.888889,9.0,9.0,0.0,1.0,10.0,0.0,378.4,12.0,122.86953135
FIXED_SNAPSHOT,EVENT_DRIVEN,AVAILABILITY_LOSS,LOW,12,20,0.0,0.416667,10.0,0.0,0.0,11.0,12.0,1.0,11.0,2.763784,0.12,0.44,0.909091,11.0,11.0,0.0,1.0,12.0,0.0,378.4,16.0,146.9695312
FIXED_SNAPSHOT,EVENT_DRIVEN,AVAILABILITY_LOSS,LOW,4,20,0.0,0.25,6.0,0.0,0.0,7.0,8.0,1.0,7.0,1.843784,0.12,0.28,0.857143,7.0,7.0,0.0,1.0,8.0,0.0,378.4,8.0,98.76953135
FIXED_SNAPSHOT,EVENT_DRIVEN,AVAILABILITY_LOSS,LOW,8,20,0.0,0.375,8.0,0.0,0.0,9.0,10.0,1.0,9.0,2.303784,0.12,0.36,0.888889,9.0,9.0,0.0,1.0,10.0,0.0,378.4,12.0,122.86953135
FIXED_SNAPSHOT,EVENT_DRIVEN,CONTROL_FAILURE,HIGH,12,20,1.0,1.0,2.0,0.0,1.0,3.0,4.0,1.0,3.0,0.923784,0.12,0.12,1.0,0.0,3.0,0.0,0.0,4.0,0.0,378.4,15.0,50.56953135
FIXED_SNAPSHOT,EVENT_DRIVEN,CONTROL_FAILURE,HIGH,4,20,1.0,1.0,2.0,0.0,1.0,3.0,4.0,1.0,3.0,0.923784,0.12,0.12,1.0,0.0,3.0,0.0,0.0,4.0,0.0,378.4,7.0,50.56953135
FIXED_SNAPSHOT,EVENT_DRIVEN,CONTROL_FAILURE,HIGH,8,20,1.0,1.0,2.0,0.0,1.0,3.0,4.0,1.0,3.0,0.923784,0.12,0.12,1.0,0.0,3.0,0.0,0.0,4.0,0.0,378.4,11.0,50.56953135
FIXED_SNAPSHOT,EVENT_DRIVEN,CONTROL_FAILURE,LOW,12,20,1.0,1.0,0.0,0.0,1.0,1.0,2.0,1.0,1.0,0.463784,0.12,0.04,1.0,0.0,1.0,0.0,0.0,2.0,0.0,378.4,13.0,26.46953135
FIXED_SNAPSHOT,EVENT_DRIVEN,CONTROL_FAILURE,LOW,4,20,1.0,1.0,0.0,0.0,1.0,1.0,2.0,1.0,1.0,0.463784,0.12,0.04,1.0,0.0,1.0,0.0,0.0,2.0,0.0,378.4,5.0,26.46953135
FIXED_SNAPSHOT,EVENT_DRIVEN,CONTROL_FAILURE,LOW,8,20,1.0,1.0,0.0,0.0,1.0,1.0,2.0,1.0,1.0,0.463784,0.12,0.04,1.0,0.0,1.0,0.0,0.0,2.0,0.0,378.4,9.0,26.46953135
FIXED_SNAPSHOT,EVENT_DRIVEN,POSE_SHIFT,HIGH,12,20,0.0,0.416667,10.0,0.0,0.0,11.0,12.0,1.0,11.0,2.763784,0.12,0.44,0.909091,11.0,11.0,0.0,1.0,12.0,0.0,378.4,16.0,146.9695312
FIXED_SNAPSHOT,EVENT_DRIVEN,POSE_SHIFT,HIGH,4,20,0.0,0.25,6.0,0.0,0.0,7.0,8.0,1.0,7.0,1.843784,0.12,0.28,0.857143,7.0,7.0,0.0,1.0,8.0,0.0,378.4,8.0,98.76953135
FIXED_SNAPSHOT,EVENT_DRIVEN,POSE_SHIFT,HIGH,8,20,0.0,0.375,8.0,0.0,0.0,9.0,10.0,1.0,9.0,2.303784,0.12,0.36,0.888889,9.0,9.0,0.0,1.0,10.0,0.0,378.4,12.0,122.86953135
FIXED_SNAPSHOT,EVENT_DRIVEN,POSE_SHIFT,LOW,12,20,0.0,0.416667,10.0,0.0,0.0,11.0,12.0,1.0,11.0,2.763784,0.12,0.44,0.909091,11.0,11.0,0.0,1.0,12.0,0.0,378.4,16.0,146.9695312
FIXED_SNAPSHOT,EVENT_DRIVEN,POSE_SHIFT,LOW,4,20,0.0,0.25,6.0,0.0,0.0,7.0,8.0,1.0,7.0,1.843784,0.12,0.28,0.857143,7.0,7.0,0.0,1.0,8.0,0.0,378.4,8.0,98.76953135
FIXED_SNAPSHOT,EVENT_DRIVEN,POSE_SHIFT,LOW,8,20,0.0,0.375,8.0,0.0,0.0,9.0,10.0,1.0,9.0,2.303784,0.12,0.36,0.888889,9.0,9.0,0.0,1.0,10.0,0.0,378.4,12.0,122.86953135
FIXED_SNAPSHOT,EVENT_DRIVEN,RESTRICTION_CHANGE,HIGH,12,20,0.0,0.416667,10.0,0.0,0.0,11.0,12.0,1.0,11.0,2.763784,0.12,0.44,0.909091,11.0,11.0,0.0,1.0,12.0,0.0,378.4,16.0,146.9695312
FIXED_SNAPSHOT,EVENT_DRIVEN,RESTRICTION_CHANGE,HIGH,4,20,0.0,0.25,6.0,0.0,0.0,7.0,8.0,1.0,7.0,1.843784,0.12,0.28,0.857143,7.0,7.0,0.0,1.0,8.0,0.0,378.4,8.0,98.76953135
FIXED_SNAPSHOT,EVENT_DRIVEN,RESTRICTION_CHANGE,HIGH,8,20,0.0,0.375,8.0,0.0,0.0,9.0,10.0,1.0,9.0,2.303784,0.12,0.36,0.888889,9.0,9.0,0.0,1.0,10.0,0.0,378.4,12.0,122.86953135
FIXED_SNAPSHOT,EVENT_DRIVEN,RESTRICTION_CHANGE,LOW,12,20,0.0,0.416667,10.0,0.0,0.0,11.0,12.0,1.0,11.0,2.763784,0.12,0.44,0.909091,11.0,11.0,0.0,1.0,12.0,0.0,378.4,16.0,146.9695312
FIXED_SNAPSHOT,EVENT_DRIVEN,RESTRICTION_CHANGE,LOW,4,20,0.0,0.25,6.0,0.0,0.0,7.0,8.0,1.0,7.0,1.843784,0.12,0.28,0.857143,7.0,7.0,0.0,1.0,8.0,0.0,378.4,8.0,98.76953135
FIXED_SNAPSHOT,EVENT_DRIVEN,RESTRICTION_CHANGE,LOW,8,20,0.0,0.375,8.0,0.0,0.0,9.0,10.0,1.0,9.0,2.303784,0.12,0.36,0.888889,9.0,9.0,0.0,1.0,10.0,0.0,378.4,12.0,122.86953135
FIXED_SNAPSHOT,FAILURE_THRESHOLD,AVAILABILITY_LOSS,HIGH,12,20,0.0,0.416667,10.0,0.0,10.0,1.0,2.0,1.0,11.0,0.463784,0.12,0.44,2.0,11.0,11.0,1.0,1.0,2.0,0.0,378.4,16.0,46.46953135
FIXED_SNAPSHOT,FAILURE_THRESHOLD,AVAILABILITY_LOSS,HIGH,4,20,0.0,0.25,6.0,0.0,6.0,1.0,2.0,1.0,7.0,0.463784,0.12,0.28,2.0,7.0,7.0,1.0,1.0,2.0,0.0,378.4,8.0,38.46953135
FIXED_SNAPSHOT,FAILURE_THRESHOLD,AVAILABILITY_LOSS,HIGH,8,20,0.0,0.375,8.0,0.0,8.0,1.0,2.0,1.0,9.0,0.463784,0.12,0.36,2.0,9.0,9.0,1.0,1.0,2.0,0.0,378.4,12.0,42.46953135
FIXED_SNAPSHOT,FAILURE_THRESHOLD,AVAILABILITY_LOSS,LOW,12,20,0.0,0.416667,10.0,0.0,10.0,1.0,2.0,1.0,11.0,0.463784,0.12,0.44,2.0,11.0,11.0,1.0,1.0,2.0,0.0,378.4,16.0,46.46953135
FIXED_SNAPSHOT,FAILURE_THRESHOLD,AVAILABILITY_LOSS,LOW,4,20,0.0,0.25,6.0,0.0,6.0,1.0,2.0,1.0,7.0,0.463784,0.12,0.28,2.0,7.0,7.0,1.0,1.0,2.0,0.0,378.4,8.0,38.46953135
FIXED_SNAPSHOT,FAILURE_THRESHOLD,AVAILABILITY_LOSS,LOW,8,20,0.0,0.375,8.0,0.0,8.0,1.0,2.0,1.0,9.0,0.463784,0.12,0.36,2.0,9.0,9.0,1.0,1.0,2.0,0.0,378.4,12.0,42.46953135
FIXED_SNAPSHOT,FAILURE_THRESHOLD,CONTROL_FAILURE,HIGH,12,20,1.0,1.0,2.0,0.0,9.0,1.0,2.0,1.0,3.0,0.463784,0.12,0.12,2.0,0.0,3.0,1.0,0.0,2.0,0.0,378.4,15.0,30.46953135
FIXED_SNAPSHOT,FAILURE_THRESHOLD,CONTROL_FAILURE,HIGH,4,20,1.0,1.0,2.0,0.0,5.0,1.0,2.0,1.0,3.0,0.463784,0.12,0.12,2.0,0.0,3.0,1.0,0.0,2.0,0.0,378.4,7.0,30.46953135
FIXED_SNAPSHOT,FAILURE_THRESHOLD,CONTROL_FAILURE,HIGH,8,20,1.0,1.0,2.0,0.0,7.0,1.0,2.0,1.0,3.0,0.463784,0.12,0.12,2.0,0.0,3.0,1.0,0.0,2.0,0.0,378.4,11.0,30.46953135
FIXED_SNAPSHOT,FAILURE_THRESHOLD,CONTROL_FAILURE,LOW,12,20,1.0,1.0,0.0,0.0,8.0,0.0,1.0,1.0,1.0,0.233784,0.12,0.04,0.0,0.0,1.0,0.0,0.0,1.0,0.0,378.4,13.0,16.41953135
FIXED_SNAPSHOT,FAILURE_THRESHOLD,CONTROL_FAILURE,LOW,4,20,1.0,1.0,0.0,0.0,4.0,0.0,1.0,1.0,1.0,0.233784,0.12,0.04,0.0,0.0,1.0,0.0,0.0,1.0,0.0,378.4,5.0,16.41953135
FIXED_SNAPSHOT,FAILURE_THRESHOLD,CONTROL_FAILURE,LOW,8,20,1.0,1.0,0.0,0.0,6.0,0.0,1.0,1.0,1.0,0.233784,0.12,0.04,0.0,0.0,1.0,0.0,0.0,1.0,0.0,378.4,9.0,16.41953135
FIXED_SNAPSHOT,FAILURE_THRESHOLD,POSE_SHIFT,HIGH,12,20,0.0,0.416667,10.0,0.0,10.0,1.0,2.0,1.0,11.0,0.463784,0.12,0.44,2.0,11.0,11.0,1.0,1.0,2.0,0.0,378.4,16.0,46.46953135
FIXED_SNAPSHOT,FAILURE_THRESHOLD,POSE_SHIFT,HIGH,4,20,0.0,0.25,6.0,0.0,6.0,1.0,2.0,1.0,7.0,0.463784,0.12,0.28,2.0,7.0,7.0,1.0,1.0,2.0,0.0,378.4,8.0,38.46953135
FIXED_SNAPSHOT,FAILURE_THRESHOLD,POSE_SHIFT,HIGH,8,20,0.0,0.375,8.0,0.0,8.0,1.0,2.0,1.0,9.0,0.463784,0.12,0.36,2.0,9.0,9.0,1.0,1.0,2.0,0.0,378.4,12.0,42.46953135
FIXED_SNAPSHOT,FAILURE_THRESHOLD,POSE_SHIFT,LOW,12,20,0.0,0.416667,10.0,0.0,10.0,1.0,2.0,1.0,11.0,0.463784,0.12,0.44,2.0,11.0,11.0,1.0,1.0,2.0,0.0,378.4,16.0,46.46953135
FIXED_SNAPSHOT,FAILURE_THRESHOLD,POSE_SHIFT,LOW,4,20,0.0,0.25,6.0,0.0,6.0,1.0,2.0,1.0,7.0,0.463784,0.12,0.28,2.0,7.0,7.0,1.0,1.0,2.0,0.0,378.4,8.0,38.46953135
FIXED_SNAPSHOT,FAILURE_THRESHOLD,POSE_SHIFT,LOW,8,20,0.0,0.375,8.0,0.0,8.0,1.0,2.0,1.0,9.0,0.463784,0.12,0.36,2.0,9.0,9.0,1.0,1.0,2.0,0.0,378.4,12.0,42.46953135
FIXED_SNAPSHOT,FAILURE_THRESHOLD,RESTRICTION_CHANGE,HIGH,12,20,0.0,0.416667,10.0,0.0,10.0,1.0,2.0,1.0,11.0,0.463784,0.12,0.44,2.0,11.0,11.0,1.0,1.0,2.0,0.0,378.4,16.0,46.46953135
FIXED_SNAPSHOT,FAILURE_THRESHOLD,RESTRICTION_CHANGE,HIGH,4,20,0.0,0.25,6.0,0.0,6.0,1.0,2.0,1.0,7.0,0.463784,0.12,0.28,2.0,7.0,7.0,1.0,1.0,2.0,0.0,378.4,8.0,38.46953135
FIXED_SNAPSHOT,FAILURE_THRESHOLD,RESTRICTION_CHANGE,HIGH,8,20,0.0,0.375,8.0,0.0,8.0,1.0,2.0,1.0,9.0,0.463784,0.12,0.36,2.0,9.0,9.0,1.0,1.0,2.0,0.0,378.4,12.0,42.46953135
FIXED_SNAPSHOT,FAILURE_THRESHOLD,RESTRICTION_CHANGE,LOW,12,20,0.0,0.416667,10.0,0.0,10.0,1.0,2.0,1.0,11.0,0.463784,0.12,0.44,2.0,11.0,11.0,1.0,1.0,2.0,0.0,378.4,16.0,46.46953135
FIXED_SNAPSHOT,FAILURE_THRESHOLD,RESTRICTION_CHANGE,LOW,4,20,0.0,0.25,6.0,0.0,6.0,1.0,2.0,1.0,7.0,0.463784,0.12,0.28,2.0,7.0,7.0,1.0,1.0,2.0,0.0,378.4,8.0,38.46953135
FIXED_SNAPSHOT,FAILURE_THRESHOLD,RESTRICTION_CHANGE,LOW,8,20,0.0,0.375,8.0,0.0,8.0,1.0,2.0,1.0,9.0,0.463784,0.12,0.36,2.0,9.0,9.0,1.0,1.0,2.0,0.0,378.4,12.0,42.46953135
FIXED_SNAPSHOT,HYBRID,AVAILABILITY_LOSS,HIGH,12,20,0.0,0.416667,10.0,1.0,5.0,7.0,8.0,1.0,11.0,1.843784,0.12,0.44,1.666667,11.0,11.0,0.0,1.0,8.0,0.0,378.4,16.0,106.76953135
FIXED_SNAPSHOT,HYBRID,AVAILABILITY_LOSS,HIGH,4,20,0.0,0.25,6.0,0.0,3.0,4.0,5.0,1.0,7.0,1.153784,0.12,0.28,1.5,7.0,7.0,0.0,1.0,5.0,0.0,378.4,8.0,68.61953135
FIXED_SNAPSHOT,HYBRID,AVAILABILITY_LOSS,HIGH,8,20,0.0,0.375,8.0,1.0,5.0,5.0,6.0,1.0,9.0,1.383784,0.12,0.36,1.75,9.0,9.0,0.0,1.0,6.0,0.0,378.4,12.0,82.6695312
FIXED_SNAPSHOT,HYBRID,AVAILABILITY_LOSS,LOW,12,20,0.0,0.416667,10.0,1.0,5.0,7.0,8.0,1.0,11.0,1.843784,0.12,0.44,1.666667,11.0,11.0,0.0,1.0,8.0,0.0,378.4,16.0,106.76953135
FIXED_SNAPSHOT,HYBRID,AVAILABILITY_LOSS,LOW,4,20,0.0,0.25,6.0,0.0,3.0,4.0,5.0,1.0,7.0,1.153784,0.12,0.28,1.5,7.0,7.0,0.0,1.0,5.0,0.0,378.4,8.0,68.61953135
FIXED_SNAPSHOT,HYBRID,AVAILABILITY_LOSS,LOW,8,20,0.0,0.375,8.0,1.0,5.0,5.0,6.0,1.0,9.0,1.383784,0.12,0.36,1.75,9.0,9.0,0.0,1.0,6.0,0.0,378.4,12.0,82.6695312
FIXED_SNAPSHOT,HYBRID,CONTROL_FAILURE,HIGH,12,20,1.0,1.0,2.0,5.0,2.0,6.0,7.0,1.0,3.0,1.613784,0.12,0.12,2.0,0.0,3.0,0.0,0.0,7.0,0.0,378.4,15.0,80.7195312
FIXED_SNAPSHOT,HYBRID,CONTROL_FAILURE,HIGH,4,20,1.0,1.0,2.0,0.0,2.0,2.0,3.0,1.0,3.0,0.693784,0.12,0.12,1.5,0.0,3.0,0.0,0.0,3.0,0.0,378.4,7.0,40.5195312
FIXED_SNAPSHOT,HYBRID,CONTROL_FAILURE,HIGH,8,20,1.0,1.0,2.0,2.0,2.0,4.0,5.0,1.0,3.0,1.153784,0.12,0.12,1.5,0.0,3.0,0.0,0.0,5.0,0.0,378.4,11.0,60.61953135
FIXED_SNAPSHOT,HYBRID,CONTROL_FAILURE,LOW,12,20,1.0,1.0,0.0,4.0,1.0,4.0,5.0,1.0,1.0,1.153784,0.12,0.04,2.0,0.0,1.0,0.0,0.0,5.0,0.0,378.4,13.0,56.61953135
FIXED_SNAPSHOT,HYBRID,CONTROL_FAILURE,LOW,4,20,1.0,1.0,0.0,0.0,1.0,1.0,2.0,1.0,1.0,0.463784,0.12,0.04,1.0,0.0,1.0,0.0,0.0,2.0,0.0,378.4,5.0,26.46953135
FIXED_SNAPSHOT,HYBRID,CONTROL_FAILURE,LOW,8,20,1.0,1.0,0.0,2.0,1.0,3.0,4.0,1.0,1.0,0.923784,0.12,0.04,1.0,0.0,1.0,0.0,0.0,4.0,0.0,378.4,9.0,46.56953135
FIXED_SNAPSHOT,HYBRID,POSE_SHIFT,HIGH,12,20,0.0,0.416667,10.0,1.0,5.0,7.0,8.0,1.0,11.0,1.843784,0.12,0.44,1.666667,11.0,11.0,0.0,1.0,8.0,0.0,378.4,16.0,106.76953135
FIXED_SNAPSHOT,HYBRID,POSE_SHIFT,HIGH,4,20,0.0,0.25,6.0,0.0,3.0,4.0,5.0,1.0,7.0,1.153784,0.12,0.28,1.5,7.0,7.0,0.0,1.0,5.0,0.0,378.4,8.0,68.61953135
FIXED_SNAPSHOT,HYBRID,POSE_SHIFT,HIGH,8,20,0.0,0.375,8.0,1.0,5.0,5.0,6.0,1.0,9.0,1.383784,0.12,0.36,1.75,9.0,9.0,0.0,1.0,6.0,0.0,378.4,12.0,82.6695312
FIXED_SNAPSHOT,HYBRID,POSE_SHIFT,LOW,12,20,0.0,0.416667,10.0,1.0,5.0,7.0,8.0,1.0,11.0,1.843784,0.12,0.44,1.666667,11.0,11.0,0.0,1.0,8.0,0.0,378.4,16.0,106.76953135
FIXED_SNAPSHOT,HYBRID,POSE_SHIFT,LOW,4,20,0.0,0.25,6.0,0.0,3.0,4.0,5.0,1.0,7.0,1.153784,0.12,0.28,1.5,7.0,7.0,0.0,1.0,5.0,0.0,378.4,8.0,68.61953135
FIXED_SNAPSHOT,HYBRID,POSE_SHIFT,LOW,8,20,0.0,0.375,8.0,1.0,5.0,5.0,6.0,1.0,9.0,1.383784,0.12,0.36,1.75,9.0,9.0,0.0,1.0,6.0,0.0,378.4,12.0,82.6695312
FIXED_SNAPSHOT,HYBRID,RESTRICTION_CHANGE,HIGH,12,20,0.0,0.416667,10.0,1.0,5.0,7.0,8.0,1.0,11.0,1.843784,0.12,0.44,1.666667,11.0,11.0,0.0,1.0,8.0,0.0,378.4,16.0,106.76953135
FIXED_SNAPSHOT,HYBRID,RESTRICTION_CHANGE,HIGH,4,20,0.0,0.25,6.0,0.0,3.0,4.0,5.0,1.0,7.0,1.153784,0.12,0.28,1.5,7.0,7.0,0.0,1.0,5.0,0.0,378.4,8.0,68.61953135
FIXED_SNAPSHOT,HYBRID,RESTRICTION_CHANGE,HIGH,8,20,0.0,0.375,8.0,1.0,5.0,5.0,6.0,1.0,9.0,1.383784,0.12,0.36,1.75,9.0,9.0,0.0,1.0,6.0,0.0,378.4,12.0,82.6695312
FIXED_SNAPSHOT,HYBRID,RESTRICTION_CHANGE,LOW,12,20,0.0,0.416667,10.0,1.0,5.0,7.0,8.0,1.0,11.0,1.843784,0.12,0.44,1.666667,11.0,11.0,0.0,1.0,8.0,0.0,378.4,16.0,106.76953135
FIXED_SNAPSHOT,HYBRID,RESTRICTION_CHANGE,LOW,4,20,0.0,0.25,6.0,0.0,3.0,4.0,5.0,1.0,7.0,1.153784,0.12,0.28,1.5,7.0,7.0,0.0,1.0,5.0,0.0,378.4,8.0,68.61953135
FIXED_SNAPSHOT,HYBRID,RESTRICTION_CHANGE,LOW,8,20,0.0,0.375,8.0,1.0,5.0,5.0,6.0,1.0,9.0,1.383784,0.12,0.36,1.75,9.0,9.0,0.0,1.0,6.0,0.0,378.4,12.0,82.6695312
FIXED_SNAPSHOT,NO_REPLAN,AVAILABILITY_LOSS,HIGH,12,20,0.0,0.416667,10.0,0.0,11.0,0.0,1.0,1.0,11.0,0.233784,0.12,0.44,0.0,11.0,11.0,0.0,1.0,1.0,0.0,378.4,16.0,36.4195312
FIXED_SNAPSHOT,NO_REPLAN,AVAILABILITY_LOSS,HIGH,4,20,0.0,0.25,6.0,0.0,7.0,0.0,1.0,1.0,7.0,0.233784,0.12,0.28,0.0,7.0,7.0,0.0,1.0,1.0,0.0,378.4,8.0,28.41953135
FIXED_SNAPSHOT,NO_REPLAN,AVAILABILITY_LOSS,HIGH,8,20,0.0,0.375,8.0,0.0,9.0,0.0,1.0,1.0,9.0,0.233784,0.12,0.36,0.0,9.0,9.0,0.0,1.0,1.0,0.0,378.4,12.0,32.4195312
FIXED_SNAPSHOT,NO_REPLAN,AVAILABILITY_LOSS,LOW,12,20,0.0,0.416667,10.0,0.0,11.0,0.0,1.0,1.0,11.0,0.233784,0.12,0.44,0.0,11.0,11.0,0.0,1.0,1.0,0.0,378.4,16.0,36.4195312
FIXED_SNAPSHOT,NO_REPLAN,AVAILABILITY_LOSS,LOW,4,20,0.0,0.25,6.0,0.0,7.0,0.0,1.0,1.0,7.0,0.233784,0.12,0.28,0.0,7.0,7.0,0.0,1.0,1.0,0.0,378.4,8.0,28.41953135
FIXED_SNAPSHOT,NO_REPLAN,AVAILABILITY_LOSS,LOW,8,20,0.0,0.375,8.0,0.0,9.0,0.0,1.0,1.0,9.0,0.233784,0.12,0.36,0.0,9.0,9.0,0.0,1.0,1.0,0.0,378.4,12.0,32.4195312
FIXED_SNAPSHOT,NO_REPLAN,CONTROL_FAILURE,HIGH,12,20,1.0,1.0,2.0,0.0,10.0,0.0,1.0,1.0,3.0,0.233784,0.12,0.12,0.0,0.0,3.0,0.0,0.0,1.0,0.0,378.4,15.0,20.41953135
FIXED_SNAPSHOT,NO_REPLAN,CONTROL_FAILURE,HIGH,4,20,1.0,1.0,2.0,0.0,6.0,0.0,1.0,1.0,3.0,0.233784,0.12,0.12,0.0,0.0,3.0,0.0,0.0,1.0,0.0,378.4,7.0,20.41953135
FIXED_SNAPSHOT,NO_REPLAN,CONTROL_FAILURE,HIGH,8,20,1.0,1.0,2.0,0.0,8.0,0.0,1.0,1.0,3.0,0.233784,0.12,0.12,0.0,0.0,3.0,0.0,0.0,1.0,0.0,378.4,11.0,20.41953135
FIXED_SNAPSHOT,NO_REPLAN,CONTROL_FAILURE,LOW,12,20,1.0,1.0,0.0,0.0,8.0,0.0,1.0,1.0,1.0,0.233784,0.12,0.04,0.0,0.0,1.0,0.0,0.0,1.0,0.0,378.4,13.0,16.41953135
FIXED_SNAPSHOT,NO_REPLAN,CONTROL_FAILURE,LOW,4,20,1.0,1.0,0.0,0.0,4.0,0.0,1.0,1.0,1.0,0.233784,0.12,0.04,0.0,0.0,1.0,0.0,0.0,1.0,0.0,378.4,5.0,16.41953135
FIXED_SNAPSHOT,NO_REPLAN,CONTROL_FAILURE,LOW,8,20,1.0,1.0,0.0,0.0,6.0,0.0,1.0,1.0,1.0,0.233784,0.12,0.04,0.0,0.0,1.0,0.0,0.0,1.0,0.0,378.4,9.0,16.41953135
FIXED_SNAPSHOT,NO_REPLAN,POSE_SHIFT,HIGH,12,20,0.0,0.416667,10.0,0.0,11.0,0.0,1.0,1.0,11.0,0.233784,0.12,0.44,0.0,11.0,11.0,0.0,1.0,1.0,0.0,378.4,16.0,36.4195312
FIXED_SNAPSHOT,NO_REPLAN,POSE_SHIFT,HIGH,4,20,0.0,0.25,6.0,0.0,7.0,0.0,1.0,1.0,7.0,0.233784,0.12,0.28,0.0,7.0,7.0,0.0,1.0,1.0,0.0,378.4,8.0,28.41953135
FIXED_SNAPSHOT,NO_REPLAN,POSE_SHIFT,HIGH,8,20,0.0,0.375,8.0,0.0,9.0,0.0,1.0,1.0,9.0,0.233784,0.12,0.36,0.0,9.0,9.0,0.0,1.0,1.0,0.0,378.4,12.0,32.4195312
FIXED_SNAPSHOT,NO_REPLAN,POSE_SHIFT,LOW,12,20,0.0,0.416667,10.0,0.0,11.0,0.0,1.0,1.0,11.0,0.233784,0.12,0.44,0.0,11.0,11.0,0.0,1.0,1.0,0.0,378.4,16.0,36.4195312
FIXED_SNAPSHOT,NO_REPLAN,POSE_SHIFT,LOW,4,20,0.0,0.25,6.0,0.0,7.0,0.0,1.0,1.0,7.0,0.233784,0.12,0.28,0.0,7.0,7.0,0.0,1.0,1.0,0.0,378.4,8.0,28.41953135
FIXED_SNAPSHOT,NO_REPLAN,POSE_SHIFT,LOW,8,20,0.0,0.375,8.0,0.0,9.0,0.0,1.0,1.0,9.0,0.233784,0.12,0.36,0.0,9.0,9.0,0.0,1.0,1.0,0.0,378.4,12.0,32.4195312
FIXED_SNAPSHOT,NO_REPLAN,RESTRICTION_CHANGE,HIGH,12,20,0.0,0.416667,10.0,0.0,11.0,0.0,1.0,1.0,11.0,0.233784,0.12,0.44,0.0,11.0,11.0,0.0,1.0,1.0,0.0,378.4,16.0,36.4195312
FIXED_SNAPSHOT,NO_REPLAN,RESTRICTION_CHANGE,HIGH,4,20,0.0,0.25,6.0,0.0,7.0,0.0,1.0,1.0,7.0,0.233784,0.12,0.28,0.0,7.0,7.0,0.0,1.0,1.0,0.0,378.4,8.0,28.41953135
FIXED_SNAPSHOT,NO_REPLAN,RESTRICTION_CHANGE,HIGH,8,20,0.0,0.375,8.0,0.0,9.0,0.0,1.0,1.0,9.0,0.233784,0.12,0.36,0.0,9.0,9.0,0.0,1.0,1.0,0.0,378.4,12.0,32.4195312
FIXED_SNAPSHOT,NO_REPLAN,RESTRICTION_CHANGE,LOW,12,20,0.0,0.416667,10.0,0.0,11.0,0.0,1.0,1.0,11.0,0.233784,0.12,0.44,0.0,11.0,11.0,0.0,1.0,1.0,0.0,378.4,16.0,36.4195312
FIXED_SNAPSHOT,NO_REPLAN,RESTRICTION_CHANGE,LOW,4,20,0.0,0.25,6.0,0.0,7.0,0.0,1.0,1.0,7.0,0.233784,0.12,0.28,0.0,7.0,7.0,0.0,1.0,1.0,0.0,378.4,8.0,28.41953135
FIXED_SNAPSHOT,NO_REPLAN,RESTRICTION_CHANGE,LOW,8,20,0.0,0.375,8.0,0.0,9.0,0.0,1.0,1.0,9.0,0.233784,0.12,0.36,0.0,9.0,9.0,0.0,1.0,1.0,0.0,378.4,12.0,32.4195312
FIXED_SNAPSHOT,PERIODIC_ONLY,AVAILABILITY_LOSS,HIGH,12,20,0.0,0.416667,10.0,1.0,7.0,5.0,6.0,1.0,11.0,1.383784,0.12,0.44,2.25,11.0,11.0,0.0,1.0,6.0,0.0,378.4,16.0,86.6695312
FIXED_SNAPSHOT,PERIODIC_ONLY,AVAILABILITY_LOSS,HIGH,4,20,0.0,0.25,6.0,0.0,5.0,2.0,3.0,1.0,7.0,0.693784,0.12,0.28,2.0,7.0,7.0,0.0,1.0,3.0,0.0,378.4,8.0,48.5195312
FIXED_SNAPSHOT,PERIODIC_ONLY,AVAILABILITY_LOSS,HIGH,8,20,0.0,0.375,8.0,1.0,6.0,4.0,5.0,1.0,9.0,1.153784,0.12,0.36,2.666667,9.0,9.0,0.0,1.0,5.0,0.0,378.4,12.0,72.61953135
FIXED_SNAPSHOT,PERIODIC_ONLY,AVAILABILITY_LOSS,LOW,12,20,0.0,0.416667,10.0,1.0,7.0,5.0,6.0,1.0,11.0,1.383784,0.12,0.44,2.25,11.0,11.0,0.0,1.0,6.0,0.0,378.4,16.0,86.6695312
FIXED_SNAPSHOT,PERIODIC_ONLY,AVAILABILITY_LOSS,LOW,4,20,0.0,0.25,6.0,0.0,5.0,2.0,3.0,1.0,7.0,0.693784,0.12,0.28,2.0,7.0,7.0,0.0,1.0,3.0,0.0,378.4,8.0,48.5195312
FIXED_SNAPSHOT,PERIODIC_ONLY,AVAILABILITY_LOSS,LOW,8,20,0.0,0.375,8.0,1.0,6.0,4.0,5.0,1.0,9.0,1.153784,0.12,0.36,2.666667,9.0,9.0,0.0,1.0,5.0,0.0,378.4,12.0,72.61953135
FIXED_SNAPSHOT,PERIODIC_ONLY,CONTROL_FAILURE,HIGH,12,20,1.0,1.0,2.0,4.0,2.0,5.0,6.0,1.0,3.0,1.383784,0.12,0.12,3.0,0.0,3.0,0.0,0.0,6.0,0.0,378.4,15.0,70.6695312
FIXED_SNAPSHOT,PERIODIC_ONLY,CONTROL_FAILURE,HIGH,4,20,1.0,1.0,2.0,1.0,3.0,2.0,3.0,1.0,3.0,0.693784,0.12,0.12,2.0,0.0,3.0,0.0,0.0,3.0,0.0,378.4,7.0,40.5195312
FIXED_SNAPSHOT,PERIODIC_ONLY,CONTROL_FAILURE,HIGH,8,20,1.0,1.0,2.0,2.0,4.0,3.0,4.0,1.0,3.0,0.923784,0.12,0.12,2.5,0.0,3.0,0.0,0.0,4.0,0.0,378.4,11.0,50.56953135
FIXED_SNAPSHOT,PERIODIC_ONLY,CONTROL_FAILURE,LOW,12,20,1.0,1.0,0.0,4.0,2.0,4.0,5.0,1.0,1.0,1.153784,0.12,0.04,3.0,0.0,1.0,0.0,0.0,5.0,0.0,378.4,13.0,56.61953135
FIXED_SNAPSHOT,PERIODIC_ONLY,CONTROL_FAILURE,LOW,4,20,1.0,1.0,0.0,0.0,1.0,1.0,2.0,1.0,1.0,0.463784,0.12,0.04,1.0,0.0,1.0,0.0,0.0,2.0,0.0,378.4,5.0,26.46953135
FIXED_SNAPSHOT,PERIODIC_ONLY,CONTROL_FAILURE,LOW,8,20,1.0,1.0,0.0,3.0,2.0,3.0,4.0,1.0,1.0,0.923784,0.12,0.04,2.0,0.0,1.0,0.0,0.0,4.0,0.0,378.4,9.0,46.56953135
FIXED_SNAPSHOT,PERIODIC_ONLY,POSE_SHIFT,HIGH,12,20,0.0,0.416667,10.0,1.0,7.0,5.0,6.0,1.0,11.0,1.383784,0.12,0.44,2.25,11.0,11.0,0.0,1.0,6.0,0.0,378.4,16.0,86.6695312
FIXED_SNAPSHOT,PERIODIC_ONLY,POSE_SHIFT,HIGH,4,20,0.0,0.25,6.0,0.0,5.0,2.0,3.0,1.0,7.0,0.693784,0.12,0.28,2.0,7.0,7.0,0.0,1.0,3.0,0.0,378.4,8.0,48.5195312
FIXED_SNAPSHOT,PERIODIC_ONLY,POSE_SHIFT,HIGH,8,20,0.0,0.375,8.0,1.0,6.0,4.0,5.0,1.0,9.0,1.153784,0.12,0.36,2.666667,9.0,9.0,0.0,1.0,5.0,0.0,378.4,12.0,72.61953135
FIXED_SNAPSHOT,PERIODIC_ONLY,POSE_SHIFT,LOW,12,20,0.0,0.416667,10.0,1.0,7.0,5.0,6.0,1.0,11.0,1.383784,0.12,0.44,2.25,11.0,11.0,0.0,1.0,6.0,0.0,378.4,16.0,86.6695312
FIXED_SNAPSHOT,PERIODIC_ONLY,POSE_SHIFT,LOW,4,20,0.0,0.25,6.0,0.0,5.0,2.0,3.0,1.0,7.0,0.693784,0.12,0.28,2.0,7.0,7.0,0.0,1.0,3.0,0.0,378.4,8.0,48.5195312
FIXED_SNAPSHOT,PERIODIC_ONLY,POSE_SHIFT,LOW,8,20,0.0,0.375,8.0,1.0,6.0,4.0,5.0,1.0,9.0,1.153784,0.12,0.36,2.666667,9.0,9.0,0.0,1.0,5.0,0.0,378.4,12.0,72.61953135
FIXED_SNAPSHOT,PERIODIC_ONLY,RESTRICTION_CHANGE,HIGH,12,20,0.0,0.416667,10.0,1.0,7.0,5.0,6.0,1.0,11.0,1.383784,0.12,0.44,2.25,11.0,11.0,0.0,1.0,6.0,0.0,378.4,16.0,86.6695312
FIXED_SNAPSHOT,PERIODIC_ONLY,RESTRICTION_CHANGE,HIGH,4,20,0.0,0.25,6.0,0.0,5.0,2.0,3.0,1.0,7.0,0.693784,0.12,0.28,2.0,7.0,7.0,0.0,1.0,3.0,0.0,378.4,8.0,48.5195312
FIXED_SNAPSHOT,PERIODIC_ONLY,RESTRICTION_CHANGE,HIGH,8,20,0.0,0.375,8.0,1.0,6.0,4.0,5.0,1.0,9.0,1.153784,0.12,0.36,2.666667,9.0,9.0,0.0,1.0,5.0,0.0,378.4,12.0,72.61953135
FIXED_SNAPSHOT,PERIODIC_ONLY,RESTRICTION_CHANGE,LOW,12,20,0.0,0.416667,10.0,1.0,7.0,5.0,6.0,1.0,11.0,1.383784,0.12,0.44,2.25,11.0,11.0,0.0,1.0,6.0,0.0,378.4,16.0,86.6695312
FIXED_SNAPSHOT,PERIODIC_ONLY,RESTRICTION_CHANGE,LOW,4,20,0.0,0.25,6.0,0.0,5.0,2.0,3.0,1.0,7.0,0.693784,0.12,0.28,2.0,7.0,7.0,0.0,1.0,3.0,0.0,378.4,8.0,48.5195312
FIXED_SNAPSHOT,PERIODIC_ONLY,RESTRICTION_CHANGE,LOW,8,20,0.0,0.375,8.0,1.0,6.0,4.0,5.0,1.0,9.0,1.153784,0.12,0.36,2.666667,9.0,9.0,0.0,1.0,5.0,0.0,378.4,12.0,72.61953135
LIVE_BELIEF,EVENT_DRIVEN,AVAILABILITY_LOSS,HIGH,12,20,1.0,1.0,0.0,0.0,0.0,0.0,2.0,2.0,0.0,0.463824,0.24,0.0,0.0,0.0,0.0,0.0,0.0,2.0,2.0,382.4,6.0,28.4734374
LIVE_BELIEF,EVENT_DRIVEN,AVAILABILITY_LOSS,HIGH,4,20,1.0,1.0,0.0,0.0,0.0,0.0,2.0,2.0,0.0,0.463824,0.24,0.0,0.0,0.0,0.0,0.0,0.0,2.0,2.0,382.4,2.0,28.4734374
LIVE_BELIEF,EVENT_DRIVEN,AVAILABILITY_LOSS,HIGH,8,20,1.0,1.0,0.0,0.0,0.0,0.0,2.0,2.0,0.0,0.463824,0.24,0.0,0.0,0.0,0.0,0.0,0.0,2.0,2.0,382.4,4.0,28.4734374
LIVE_BELIEF,EVENT_DRIVEN,AVAILABILITY_LOSS,LOW,12,20,1.0,1.0,0.0,0.0,0.0,0.0,2.0,2.0,0.0,0.463804,0.24,0.0,0.0,0.0,0.0,0.0,0.0,2.0,1.0,380.4,6.0,28.47148435
LIVE_BELIEF,EVENT_DRIVEN,AVAILABILITY_LOSS,LOW,4,20,1.0,1.0,0.0,0.0,0.0,0.0,2.0,2.0,0.0,0.463804,0.24,0.0,0.0,0.0,0.0,0.0,0.0,2.0,1.0,380.4,2.0,28.47148435
LIVE_BELIEF,EVENT_DRIVEN,AVAILABILITY_LOSS,LOW,8,20,1.0,1.0,0.0,0.0,0.0,0.0,2.0,2.0,0.0,0.463804,0.24,0.0,0.0,0.0,0.0,0.0,0.0,2.0,1.0,380.4,4.0,28.47148435
LIVE_BELIEF,EVENT_DRIVEN,CONTROL_FAILURE,HIGH,12,20,1.0,1.0,2.0,0.0,1.0,3.0,4.0,1.0,3.0,0.923784,0.12,0.12,1.0,0.0,3.0,0.0,0.0,4.0,0.0,378.4,15.0,50.56953135
LIVE_BELIEF,EVENT_DRIVEN,CONTROL_FAILURE,HIGH,4,20,1.0,1.0,2.0,0.0,1.0,3.0,4.0,1.0,3.0,0.923784,0.12,0.12,1.0,0.0,3.0,0.0,0.0,4.0,0.0,378.4,7.0,50.56953135
LIVE_BELIEF,EVENT_DRIVEN,CONTROL_FAILURE,HIGH,8,20,1.0,1.0,2.0,0.0,1.0,3.0,4.0,1.0,3.0,0.923784,0.12,0.12,1.0,0.0,3.0,0.0,0.0,4.0,0.0,378.4,11.0,50.56953135
LIVE_BELIEF,EVENT_DRIVEN,CONTROL_FAILURE,LOW,12,20,1.0,1.0,0.0,0.0,1.0,1.0,2.0,1.0,1.0,0.463784,0.12,0.04,1.0,0.0,1.0,0.0,0.0,2.0,0.0,378.4,13.0,26.46953135
LIVE_BELIEF,EVENT_DRIVEN,CONTROL_FAILURE,LOW,4,20,1.0,1.0,0.0,0.0,1.0,1.0,2.0,1.0,1.0,0.463784,0.12,0.04,1.0,0.0,1.0,0.0,0.0,2.0,0.0,378.4,5.0,26.46953135
LIVE_BELIEF,EVENT_DRIVEN,CONTROL_FAILURE,LOW,8,20,1.0,1.0,0.0,0.0,1.0,1.0,2.0,1.0,1.0,0.463784,0.12,0.04,1.0,0.0,1.0,0.0,0.0,2.0,0.0,378.4,9.0,26.46953135
LIVE_BELIEF,EVENT_DRIVEN,POSE_SHIFT,HIGH,12,20,1.0,1.0,0.0,0.0,0.0,0.0,2.0,2.0,0.0,0.463783,0.24,0.0,0.0,0.0,0.0,0.0,0.0,2.0,1.0,378.3,6.0,28.46943365
LIVE_BELIEF,EVENT_DRIVEN,POSE_SHIFT,HIGH,4,20,1.0,1.0,0.0,0.0,0.0,0.0,2.0,2.0,0.0,0.463783,0.24,0.0,0.0,0.0,0.0,0.0,0.0,2.0,1.0,378.3,2.0,28.46943365
LIVE_BELIEF,EVENT_DRIVEN,POSE_SHIFT,HIGH,8,20,1.0,1.0,0.0,0.0,0.0,0.0,2.0,2.0,0.0,0.463783,0.24,0.0,0.0,0.0,0.0,0.0,0.0,2.0,1.0,378.3,4.0,28.46943365
LIVE_BELIEF,EVENT_DRIVEN,POSE_SHIFT,LOW,12,20,1.0,1.0,0.0,0.0,0.0,0.0,2.0,2.0,0.0,0.4637835,0.24,0.0,0.0,0.0,0.0,0.0,0.0,2.0,1.0,378.35,6.0,28.46948245
LIVE_BELIEF,EVENT_DRIVEN,POSE_SHIFT,LOW,4,20,1.0,1.0,0.0,0.0,0.0,0.0,2.0,2.0,0.0,0.4637835,0.24,0.0,0.0,0.0,0.0,0.0,0.0,2.0,1.0,378.35,2.0,28.46948245
LIVE_BELIEF,EVENT_DRIVEN,POSE_SHIFT,LOW,8,20,1.0,1.0,0.0,0.0,0.0,0.0,2.0,2.0,0.0,0.4637835,0.24,0.0,0.0,0.0,0.0,0.0,0.0,2.0,1.0,378.35,4.0,28.46948245
LIVE_BELIEF,EVENT_DRIVEN,RESTRICTION_CHANGE,HIGH,12,20,1.0,1.0,0.0,0.0,0.0,0.0,2.0,2.0,0.0,0.463764,0.24,0.0,0.0,0.0,0.0,0.0,0.0,2.0,2.0,376.4,6.0,28.4675782
LIVE_BELIEF,EVENT_DRIVEN,RESTRICTION_CHANGE,HIGH,4,20,1.0,1.0,0.0,0.0,0.0,0.0,2.0,2.0,0.0,0.463764,0.24,0.0,0.0,0.0,0.0,0.0,0.0,2.0,2.0,376.4,2.0,28.4675782
LIVE_BELIEF,EVENT_DRIVEN,RESTRICTION_CHANGE,HIGH,8,20,1.0,1.0,0.0,0.0,0.0,0.0,2.0,2.0,0.0,0.463764,0.24,0.0,0.0,0.0,0.0,0.0,0.0,2.0,2.0,376.4,4.0,28.4675782
LIVE_BELIEF,EVENT_DRIVEN,RESTRICTION_CHANGE,LOW,12,20,1.0,1.0,0.0,0.0,0.0,0.0,2.0,2.0,0.0,0.463774,0.24,0.0,0.0,0.0,0.0,0.0,0.0,2.0,1.0,377.4,6.0,28.46855485
LIVE_BELIEF,EVENT_DRIVEN,RESTRICTION_CHANGE,LOW,4,20,1.0,1.0,0.0,0.0,0.0,0.0,2.0,2.0,0.0,0.463774,0.24,0.0,0.0,0.0,0.0,0.0,0.0,2.0,1.0,377.4,2.0,28.46855485
LIVE_BELIEF,EVENT_DRIVEN,RESTRICTION_CHANGE,LOW,8,20,1.0,1.0,0.0,0.0,0.0,0.0,2.0,2.0,0.0,0.463774,0.24,0.0,0.0,0.0,0.0,0.0,0.0,2.0,1.0,377.4,4.0,28.46855485
LIVE_BELIEF,FAILURE_THRESHOLD,AVAILABILITY_LOSS,HIGH,12,20,1.0,1.0,1.0,0.0,2.0,0.0,2.0,2.0,2.0,0.463824,0.24,0.08,2.0,2.0,2.0,1.0,0.0,2.0,2.0,382.4,8.0,32.4734374
LIVE_BELIEF,FAILURE_THRESHOLD,AVAILABILITY_LOSS,HIGH,4,20,1.0,1.0,1.0,0.0,2.0,0.0,2.0,2.0,2.0,0.463824,0.24,0.08,2.0,2.0,2.0,1.0,0.0,2.0,2.0,382.4,4.0,32.4734374
LIVE_BELIEF,FAILURE_THRESHOLD,AVAILABILITY_LOSS,HIGH,8,20,1.0,1.0,1.0,0.0,2.0,0.0,2.0,2.0,2.0,0.463824,0.24,0.08,2.0,2.0,2.0,1.0,0.0,2.0,2.0,382.4,6.0,32.4734374
LIVE_BELIEF,FAILURE_THRESHOLD,AVAILABILITY_LOSS,LOW,12,20,1.0,1.0,1.0,0.0,2.0,0.0,2.0,2.0,2.0,0.463804,0.24,0.08,2.0,2.0,2.0,1.0,0.0,2.0,1.0,380.4,8.0,32.47148435
LIVE_BELIEF,FAILURE_THRESHOLD,AVAILABILITY_LOSS,LOW,4,20,1.0,1.0,1.0,0.0,2.0,0.0,2.0,2.0,2.0,0.463804,0.24,0.08,2.0,2.0,2.0,1.0,0.0,2.0,1.0,380.4,4.0,32.47148435
LIVE_BELIEF,FAILURE_THRESHOLD,AVAILABILITY_LOSS,LOW,8,20,1.0,1.0,1.0,0.0,2.0,0.0,2.0,2.0,2.0,0.463804,0.24,0.08,2.0,2.0,2.0,1.0,0.0,2.0,1.0,380.4,6.0,32.47148435
LIVE_BELIEF,FAILURE_THRESHOLD,CONTROL_FAILURE,HIGH,12,20,1.0,1.0,2.0,0.0,9.0,1.0,2.0,1.0,3.0,0.463784,0.12,0.12,2.0,0.0,3.0,1.0,0.0,2.0,0.0,378.4,15.0,30.46953135
LIVE_BELIEF,FAILURE_THRESHOLD,CONTROL_FAILURE,HIGH,4,20,1.0,1.0,2.0,0.0,5.0,1.0,2.0,1.0,3.0,0.463784,0.12,0.12,2.0,0.0,3.0,1.0,0.0,2.0,0.0,378.4,7.0,30.46953135
LIVE_BELIEF,FAILURE_THRESHOLD,CONTROL_FAILURE,HIGH,8,20,1.0,1.0,2.0,0.0,7.0,1.0,2.0,1.0,3.0,0.463784,0.12,0.12,2.0,0.0,3.0,1.0,0.0,2.0,0.0,378.4,11.0,30.46953135
LIVE_BELIEF,FAILURE_THRESHOLD,CONTROL_FAILURE,LOW,12,20,1.0,1.0,0.0,0.0,8.0,0.0,1.0,1.0,1.0,0.233784,0.12,0.04,0.0,0.0,1.0,0.0,0.0,1.0,0.0,378.4,13.0,16.41953135
LIVE_BELIEF,FAILURE_THRESHOLD,CONTROL_FAILURE,LOW,4,20,1.0,1.0,0.0,0.0,4.0,0.0,1.0,1.0,1.0,0.233784,0.12,0.04,0.0,0.0,1.0,0.0,0.0,1.0,0.0,378.4,5.0,16.41953135
LIVE_BELIEF,FAILURE_THRESHOLD,CONTROL_FAILURE,LOW,8,20,1.0,1.0,0.0,0.0,6.0,0.0,1.0,1.0,1.0,0.233784,0.12,0.04,0.0,0.0,1.0,0.0,0.0,1.0,0.0,378.4,9.0,16.41953135
LIVE_BELIEF,FAILURE_THRESHOLD,POSE_SHIFT,HIGH,12,20,1.0,1.0,1.0,0.0,2.0,0.0,2.0,2.0,2.0,0.463783,0.24,0.08,2.0,2.0,2.0,1.0,0.0,2.0,1.0,378.3,8.0,32.46943365
LIVE_BELIEF,FAILURE_THRESHOLD,POSE_SHIFT,HIGH,4,20,1.0,1.0,1.0,0.0,2.0,0.0,2.0,2.0,2.0,0.463783,0.24,0.08,2.0,2.0,2.0,1.0,0.0,2.0,1.0,378.3,4.0,32.46943365
LIVE_BELIEF,FAILURE_THRESHOLD,POSE_SHIFT,HIGH,8,20,1.0,1.0,1.0,0.0,2.0,0.0,2.0,2.0,2.0,0.463783,0.24,0.08,2.0,2.0,2.0,1.0,0.0,2.0,1.0,378.3,6.0,32.46943365
LIVE_BELIEF,FAILURE_THRESHOLD,POSE_SHIFT,LOW,12,20,1.0,1.0,1.0,0.0,2.0,0.0,2.0,2.0,2.0,0.4637835,0.24,0.08,2.0,2.0,2.0,1.0,0.0,2.0,1.0,378.35,8.0,32.46948245
LIVE_BELIEF,FAILURE_THRESHOLD,POSE_SHIFT,LOW,4,20,1.0,1.0,1.0,0.0,2.0,0.0,2.0,2.0,2.0,0.4637835,0.24,0.08,2.0,2.0,2.0,1.0,0.0,2.0,1.0,378.35,4.0,32.46948245
LIVE_BELIEF,FAILURE_THRESHOLD,POSE_SHIFT,LOW,8,20,1.0,1.0,1.0,0.0,2.0,0.0,2.0,2.0,2.0,0.4637835,0.24,0.08,2.0,2.0,2.0,1.0,0.0,2.0,1.0,378.35,6.0,32.46948245
LIVE_BELIEF,FAILURE_THRESHOLD,RESTRICTION_CHANGE,HIGH,12,20,1.0,1.0,1.0,0.0,2.0,0.0,2.0,2.0,2.0,0.463764,0.24,0.08,2.0,2.0,2.0,1.0,0.0,2.0,2.0,376.4,8.0,32.4675782
LIVE_BELIEF,FAILURE_THRESHOLD,RESTRICTION_CHANGE,HIGH,4,20,1.0,1.0,1.0,0.0,2.0,0.0,2.0,2.0,2.0,0.463764,0.24,0.08,2.0,2.0,2.0,1.0,0.0,2.0,2.0,376.4,4.0,32.4675782
LIVE_BELIEF,FAILURE_THRESHOLD,RESTRICTION_CHANGE,HIGH,8,20,1.0,1.0,1.0,0.0,2.0,0.0,2.0,2.0,2.0,0.463764,0.24,0.08,2.0,2.0,2.0,1.0,0.0,2.0,2.0,376.4,6.0,32.4675782
LIVE_BELIEF,FAILURE_THRESHOLD,RESTRICTION_CHANGE,LOW,12,20,1.0,1.0,1.0,0.0,2.0,0.0,2.0,2.0,2.0,0.463774,0.24,0.08,2.0,2.0,2.0,1.0,0.0,2.0,1.0,377.4,8.0,32.46855485
LIVE_BELIEF,FAILURE_THRESHOLD,RESTRICTION_CHANGE,LOW,4,20,1.0,1.0,1.0,0.0,2.0,0.0,2.0,2.0,2.0,0.463774,0.24,0.08,2.0,2.0,2.0,1.0,0.0,2.0,1.0,377.4,4.0,32.46855485
LIVE_BELIEF,FAILURE_THRESHOLD,RESTRICTION_CHANGE,LOW,8,20,1.0,1.0,1.0,0.0,2.0,0.0,2.0,2.0,2.0,0.463774,0.24,0.08,2.0,2.0,2.0,1.0,0.0,2.0,1.0,377.4,6.0,32.46855485
LIVE_BELIEF,HYBRID,AVAILABILITY_LOSS,HIGH,12,20,1.0,1.0,0.0,3.0,0.0,3.0,5.0,2.0,0.0,1.153824,0.24,0.0,0.0,0.0,0.0,0.0,0.0,5.0,2.0,382.4,6.0,58.6234374
LIVE_BELIEF,HYBRID,AVAILABILITY_LOSS,HIGH,4,20,1.0,1.0,0.0,0.0,0.0,0.0,2.0,2.0,0.0,0.463824,0.24,0.0,0.0,0.0,0.0,0.0,0.0,2.0,2.0,382.4,2.0,28.4734374
LIVE_BELIEF,HYBRID,AVAILABILITY_LOSS,HIGH,8,20,1.0,1.0,0.0,2.0,1.0,2.0,4.0,2.0,1.0,0.923824,0.24,0.04,1.0,1.0,1.0,0.0,0.0,4.0,2.0,382.4,5.0,50.5734374
LIVE_BELIEF,HYBRID,AVAILABILITY_LOSS,LOW,12,20,1.0,1.0,0.0,3.0,0.0,3.0,5.0,2.0,0.0,1.153804,0.24,0.0,0.0,0.0,0.0,0.0,0.0,5.0,1.0,380.4,6.0,58.62148435
LIVE_BELIEF,HYBRID,AVAILABILITY_LOSS,LOW,4,20,1.0,1.0,0.0,0.0,0.0,0.0,2.0,2.0,0.0,0.463804,0.24,0.0,0.0,0.0,0.0,0.0,0.0,2.0,1.0,380.4,2.0,28.47148435
LIVE_BELIEF,HYBRID,AVAILABILITY_LOSS,LOW,8,20,1.0,1.0,0.0,2.0,1.0,2.0,4.0,2.0,1.0,0.923804,0.24,0.04,1.0,1.0,1.0,0.0,0.0,4.0,1.0,380.4,5.0,50.57148435
LIVE_BELIEF,HYBRID,CONTROL_FAILURE,HIGH,12,20,1.0,1.0,2.0,5.0,2.0,6.0,7.0,1.0,3.0,1.613784,0.12,0.12,2.0,0.0,3.0,0.0,0.0,7.0,0.0,378.4,15.0,80.7195312
LIVE_BELIEF,HYBRID,CONTROL_FAILURE,HIGH,4,20,1.0,1.0,2.0,0.0,2.0,2.0,3.0,1.0,3.0,0.693784,0.12,0.12,1.5,0.0,3.0,0.0,0.0,3.0,0.0,378.4,7.0,40.5195312
LIVE_BELIEF,HYBRID,CONTROL_FAILURE,HIGH,8,20,1.0,1.0,2.0,2.0,2.0,4.0,5.0,1.0,3.0,1.153784,0.12,0.12,1.5,0.0,3.0,0.0,0.0,5.0,0.0,378.4,11.0,60.61953135
LIVE_BELIEF,HYBRID,CONTROL_FAILURE,LOW,12,20,1.0,1.0,0.0,4.0,1.0,4.0,5.0,1.0,1.0,1.153784,0.12,0.04,2.0,0.0,1.0,0.0,0.0,5.0,0.0,378.4,13.0,56.61953135
LIVE_BELIEF,HYBRID,CONTROL_FAILURE,LOW,4,20,1.0,1.0,0.0,0.0,1.0,1.0,2.0,1.0,1.0,0.463784,0.12,0.04,1.0,0.0,1.0,0.0,0.0,2.0,0.0,378.4,5.0,26.46953135
LIVE_BELIEF,HYBRID,CONTROL_FAILURE,LOW,8,20,1.0,1.0,0.0,2.0,1.0,3.0,4.0,1.0,1.0,0.923784,0.12,0.04,1.0,0.0,1.0,0.0,0.0,4.0,0.0,378.4,9.0,46.56953135
LIVE_BELIEF,HYBRID,POSE_SHIFT,HIGH,12,20,1.0,1.0,0.0,3.0,0.0,3.0,5.0,2.0,0.0,1.153783,0.24,0.0,0.0,0.0,0.0,0.0,0.0,5.0,1.0,378.3,6.0,58.61943365
LIVE_BELIEF,HYBRID,POSE_SHIFT,HIGH,4,20,1.0,1.0,0.0,0.0,0.0,0.0,2.0,2.0,0.0,0.463783,0.24,0.0,0.0,0.0,0.0,0.0,0.0,2.0,1.0,378.3,2.0,28.46943365
LIVE_BELIEF,HYBRID,POSE_SHIFT,HIGH,8,20,1.0,1.0,0.0,2.0,1.0,2.0,4.0,2.0,1.0,0.923783,0.24,0.04,1.0,1.0,1.0,0.0,0.0,4.0,1.0,378.3,5.0,50.56943365
LIVE_BELIEF,HYBRID,POSE_SHIFT,LOW,12,20,1.0,1.0,0.0,3.0,0.0,3.0,5.0,2.0,0.0,1.1537835,0.24,0.0,0.0,0.0,0.0,0.0,0.0,5.0,1.0,378.35,6.0,58.61948245
LIVE_BELIEF,HYBRID,POSE_SHIFT,LOW,4,20,1.0,1.0,0.0,0.0,0.0,0.0,2.0,2.0,0.0,0.4637835,0.24,0.0,0.0,0.0,0.0,0.0,0.0,2.0,1.0,378.35,2.0,28.46948245
LIVE_BELIEF,HYBRID,POSE_SHIFT,LOW,8,20,1.0,1.0,0.0,2.0,1.0,2.0,4.0,2.0,1.0,0.9237835,0.24,0.04,1.0,1.0,1.0,0.0,0.0,4.0,1.0,378.35,5.0,50.56948245
LIVE_BELIEF,HYBRID,RESTRICTION_CHANGE,HIGH,12,20,1.0,1.0,0.0,3.0,0.0,3.0,5.0,2.0,0.0,1.153764,0.24,0.0,0.0,0.0,0.0,0.0,0.0,5.0,2.0,376.4,6.0,58.6175782
LIVE_BELIEF,HYBRID,RESTRICTION_CHANGE,HIGH,4,20,1.0,1.0,0.0,0.0,0.0,0.0,2.0,2.0,0.0,0.463764,0.24,0.0,0.0,0.0,0.0,0.0,0.0,2.0,2.0,376.4,2.0,28.4675782
LIVE_BELIEF,HYBRID,RESTRICTION_CHANGE,HIGH,8,20,1.0,1.0,0.0,2.0,1.0,2.0,4.0,2.0,1.0,0.923764,0.24,0.04,1.0,1.0,1.0,0.0,0.0,4.0,2.0,376.4,5.0,50.5675782
LIVE_BELIEF,HYBRID,RESTRICTION_CHANGE,LOW,12,20,1.0,1.0,0.0,3.0,0.0,3.0,5.0,2.0,0.0,1.153774,0.24,0.0,0.0,0.0,0.0,0.0,0.0,5.0,1.0,377.4,6.0,58.61855485
LIVE_BELIEF,HYBRID,RESTRICTION_CHANGE,LOW,4,20,1.0,1.0,0.0,0.0,0.0,0.0,2.0,2.0,0.0,0.463774,0.24,0.0,0.0,0.0,0.0,0.0,0.0,2.0,1.0,377.4,2.0,28.46855485
LIVE_BELIEF,HYBRID,RESTRICTION_CHANGE,LOW,8,20,1.0,1.0,0.0,2.0,1.0,2.0,4.0,2.0,1.0,0.923774,0.24,0.04,1.0,1.0,1.0,0.0,0.0,4.0,1.0,377.4,5.0,50.56855485
LIVE_BELIEF,NO_REPLAN,AVAILABILITY_LOSS,HIGH,12,20,0.0,0.416667,10.0,0.0,11.0,0.0,1.0,1.0,11.0,0.233824,0.12,0.44,0.0,11.0,11.0,0.0,1.0,1.0,2.0,382.4,10.0,36.4234374
LIVE_BELIEF,NO_REPLAN,AVAILABILITY_LOSS,HIGH,4,20,0.0,0.25,6.0,0.0,7.0,0.0,1.0,1.0,7.0,0.233824,0.12,0.28,0.0,7.0,7.0,0.0,1.0,1.0,2.0,382.4,6.0,28.4234374
LIVE_BELIEF,NO_REPLAN,AVAILABILITY_LOSS,HIGH,8,20,0.0,0.375,8.0,0.0,9.0,0.0,1.0,1.0,9.0,0.233824,0.12,0.36,0.0,9.0,9.0,0.0,1.0,1.0,2.0,382.4,8.0,32.4234374
LIVE_BELIEF,NO_REPLAN,AVAILABILITY_LOSS,LOW,12,20,0.0,0.416667,10.0,0.0,11.0,0.0,1.0,1.0,11.0,0.233804,0.12,0.44,0.0,11.0,11.0,0.0,1.0,1.0,1.0,380.4,10.0,36.42148435
LIVE_BELIEF,NO_REPLAN,AVAILABILITY_LOSS,LOW,4,20,0.0,0.25,6.0,0.0,7.0,0.0,1.0,1.0,7.0,0.233804,0.12,0.28,0.0,7.0,7.0,0.0,1.0,1.0,1.0,380.4,6.0,28.42148435
LIVE_BELIEF,NO_REPLAN,AVAILABILITY_LOSS,LOW,8,20,0.0,0.375,8.0,0.0,9.0,0.0,1.0,1.0,9.0,0.233804,0.12,0.36,0.0,9.0,9.0,0.0,1.0,1.0,1.0,380.4,8.0,32.42148435
LIVE_BELIEF,NO_REPLAN,CONTROL_FAILURE,HIGH,12,20,1.0,1.0,2.0,0.0,10.0,0.0,1.0,1.0,3.0,0.233784,0.12,0.12,0.0,0.0,3.0,0.0,0.0,1.0,0.0,378.4,15.0,20.41953135
LIVE_BELIEF,NO_REPLAN,CONTROL_FAILURE,HIGH,4,20,1.0,1.0,2.0,0.0,6.0,0.0,1.0,1.0,3.0,0.233784,0.12,0.12,0.0,0.0,3.0,0.0,0.0,1.0,0.0,378.4,7.0,20.41953135
LIVE_BELIEF,NO_REPLAN,CONTROL_FAILURE,HIGH,8,20,1.0,1.0,2.0,0.0,8.0,0.0,1.0,1.0,3.0,0.233784,0.12,0.12,0.0,0.0,3.0,0.0,0.0,1.0,0.0,378.4,11.0,20.41953135
LIVE_BELIEF,NO_REPLAN,CONTROL_FAILURE,LOW,12,20,1.0,1.0,0.0,0.0,8.0,0.0,1.0,1.0,1.0,0.233784,0.12,0.04,0.0,0.0,1.0,0.0,0.0,1.0,0.0,378.4,13.0,16.41953135
LIVE_BELIEF,NO_REPLAN,CONTROL_FAILURE,LOW,4,20,1.0,1.0,0.0,0.0,4.0,0.0,1.0,1.0,1.0,0.233784,0.12,0.04,0.0,0.0,1.0,0.0,0.0,1.0,0.0,378.4,5.0,16.41953135
LIVE_BELIEF,NO_REPLAN,CONTROL_FAILURE,LOW,8,20,1.0,1.0,0.0,0.0,6.0,0.0,1.0,1.0,1.0,0.233784,0.12,0.04,0.0,0.0,1.0,0.0,0.0,1.0,0.0,378.4,9.0,16.41953135
LIVE_BELIEF,NO_REPLAN,POSE_SHIFT,HIGH,12,20,0.0,0.416667,10.0,0.0,11.0,0.0,1.0,1.0,11.0,0.233783,0.12,0.44,0.0,11.0,11.0,0.0,1.0,1.0,1.0,378.3,10.0,36.4194336
LIVE_BELIEF,NO_REPLAN,POSE_SHIFT,HIGH,4,20,0.0,0.25,6.0,0.0,7.0,0.0,1.0,1.0,7.0,0.233783,0.12,0.28,0.0,7.0,7.0,0.0,1.0,1.0,1.0,378.3,6.0,28.41943365
LIVE_BELIEF,NO_REPLAN,POSE_SHIFT,HIGH,8,20,0.0,0.375,8.0,0.0,9.0,0.0,1.0,1.0,9.0,0.233783,0.12,0.36,0.0,9.0,9.0,0.0,1.0,1.0,1.0,378.3,8.0,32.4194336
LIVE_BELIEF,NO_REPLAN,POSE_SHIFT,LOW,12,20,0.0,0.416667,10.0,0.0,11.0,0.0,1.0,1.0,11.0,0.2337835,0.12,0.44,0.0,11.0,11.0,0.0,1.0,1.0,1.0,378.35,10.0,36.4194824
LIVE_BELIEF,NO_REPLAN,POSE_SHIFT,LOW,4,20,0.0,0.25,6.0,0.0,7.0,0.0,1.0,1.0,7.0,0.2337835,0.12,0.28,0.0,7.0,7.0,0.0,1.0,1.0,1.0,378.35,6.0,28.41948245
LIVE_BELIEF,NO_REPLAN,POSE_SHIFT,LOW,8,20,0.0,0.375,8.0,0.0,9.0,0.0,1.0,1.0,9.0,0.2337835,0.12,0.36,0.0,9.0,9.0,0.0,1.0,1.0,1.0,378.35,8.0,32.4194824
LIVE_BELIEF,NO_REPLAN,RESTRICTION_CHANGE,HIGH,12,20,0.0,0.416667,10.0,0.0,11.0,0.0,1.0,1.0,11.0,0.233764,0.12,0.44,0.0,11.0,11.0,0.0,1.0,1.0,2.0,376.4,10.0,36.4175781
LIVE_BELIEF,NO_REPLAN,RESTRICTION_CHANGE,HIGH,4,20,0.0,0.25,6.0,0.0,7.0,0.0,1.0,1.0,7.0,0.233764,0.12,0.28,0.0,7.0,7.0,0.0,1.0,1.0,2.0,376.4,6.0,28.4175782
LIVE_BELIEF,NO_REPLAN,RESTRICTION_CHANGE,HIGH,8,20,0.0,0.375,8.0,0.0,9.0,0.0,1.0,1.0,9.0,0.233764,0.12,0.36,0.0,9.0,9.0,0.0,1.0,1.0,2.0,376.4,8.0,32.4175781
LIVE_BELIEF,NO_REPLAN,RESTRICTION_CHANGE,LOW,12,20,0.0,0.416667,10.0,0.0,11.0,0.0,1.0,1.0,11.0,0.233774,0.12,0.44,0.0,11.0,11.0,0.0,1.0,1.0,1.0,377.4,10.0,36.41855465
LIVE_BELIEF,NO_REPLAN,RESTRICTION_CHANGE,LOW,4,20,0.0,0.25,6.0,0.0,7.0,0.0,1.0,1.0,7.0,0.233774,0.12,0.28,0.0,7.0,7.0,0.0,1.0,1.0,1.0,377.4,6.0,28.41855485
LIVE_BELIEF,NO_REPLAN,RESTRICTION_CHANGE,LOW,8,20,0.0,0.375,8.0,0.0,9.0,0.0,1.0,1.0,9.0,0.233774,0.12,0.36,0.0,9.0,9.0,0.0,1.0,1.0,1.0,377.4,8.0,32.41855465
LIVE_BELIEF,PERIODIC_ONLY,AVAILABILITY_LOSS,HIGH,12,20,1.0,1.0,0.0,3.0,0.0,3.0,5.0,2.0,0.0,1.153824,0.24,0.0,0.0,0.0,0.0,0.0,0.0,5.0,2.0,382.4,6.0,58.6234374
LIVE_BELIEF,PERIODIC_ONLY,AVAILABILITY_LOSS,HIGH,4,20,1.0,1.0,0.0,0.0,1.0,0.0,2.0,2.0,1.0,0.463824,0.24,0.04,1.0,1.0,1.0,0.0,0.0,2.0,2.0,382.4,3.0,30.4734374
LIVE_BELIEF,PERIODIC_ONLY,AVAILABILITY_LOSS,HIGH,8,20,1.0,1.0,1.0,2.0,2.0,2.0,4.0,2.0,2.0,0.923824,0.24,0.08,2.0,2.0,2.0,0.0,0.0,4.0,2.0,382.4,6.0,52.5734374
LIVE_BELIEF,PERIODIC_ONLY,AVAILABILITY_LOSS,LOW,12,20,1.0,1.0,0.0,3.0,0.0,3.0,5.0,2.0,0.0,1.153804,0.24,0.0,0.0,0.0,0.0,0.0,0.0,5.0,1.0,380.4,6.0,58.62148435
LIVE_BELIEF,PERIODIC_ONLY,AVAILABILITY_LOSS,LOW,4,20,1.0,1.0,0.0,0.0,1.0,0.0,2.0,2.0,1.0,0.463804,0.24,0.04,1.0,1.0,1.0,0.0,0.0,2.0,1.0,380.4,3.0,30.47148435
LIVE_BELIEF,PERIODIC_ONLY,AVAILABILITY_LOSS,LOW,8,20,1.0,1.0,1.0,2.0,2.0,2.0,4.0,2.0,2.0,0.923804,0.24,0.08,2.0,2.0,2.0,0.0,0.0,4.0,1.0,380.4,6.0,52.57148435
LIVE_BELIEF,PERIODIC_ONLY,CONTROL_FAILURE,HIGH,12,20,1.0,1.0,2.0,4.0,2.0,5.0,6.0,1.0,3.0,1.383784,0.12,0.12,3.0,0.0,3.0,0.0,0.0,6.0,0.0,378.4,15.0,70.6695312
LIVE_BELIEF,PERIODIC_ONLY,CONTROL_FAILURE,HIGH,4,20,1.0,1.0,2.0,1.0,3.0,2.0,3.0,1.0,3.0,0.693784,0.12,0.12,2.0,0.0,3.0,0.0,0.0,3.0,0.0,378.4,7.0,40.5195312
LIVE_BELIEF,PERIODIC_ONLY,CONTROL_FAILURE,HIGH,8,20,1.0,1.0,2.0,2.0,4.0,3.0,4.0,1.0,3.0,0.923784,0.12,0.12,2.5,0.0,3.0,0.0,0.0,4.0,0.0,378.4,11.0,50.56953135
LIVE_BELIEF,PERIODIC_ONLY,CONTROL_FAILURE,LOW,12,20,1.0,1.0,0.0,4.0,2.0,4.0,5.0,1.0,1.0,1.153784,0.12,0.04,3.0,0.0,1.0,0.0,0.0,5.0,0.0,378.4,13.0,56.61953135
LIVE_BELIEF,PERIODIC_ONLY,CONTROL_FAILURE,LOW,4,20,1.0,1.0,0.0,0.0,1.0,1.0,2.0,1.0,1.0,0.463784,0.12,0.04,1.0,0.0,1.0,0.0,0.0,2.0,0.0,378.4,5.0,26.46953135
LIVE_BELIEF,PERIODIC_ONLY,CONTROL_FAILURE,LOW,8,20,1.0,1.0,0.0,3.0,2.0,3.0,4.0,1.0,1.0,0.923784,0.12,0.04,2.0,0.0,1.0,0.0,0.0,4.0,0.0,378.4,9.0,46.56953135
LIVE_BELIEF,PERIODIC_ONLY,POSE_SHIFT,HIGH,12,20,1.0,1.0,0.0,3.0,0.0,3.0,5.0,2.0,0.0,1.153783,0.24,0.0,0.0,0.0,0.0,0.0,0.0,5.0,1.0,378.3,6.0,58.61943365
LIVE_BELIEF,PERIODIC_ONLY,POSE_SHIFT,HIGH,4,20,1.0,1.0,0.0,0.0,1.0,0.0,2.0,2.0,1.0,0.463783,0.24,0.04,1.0,1.0,1.0,0.0,0.0,2.0,1.0,378.3,3.0,30.46943365
LIVE_BELIEF,PERIODIC_ONLY,POSE_SHIFT,HIGH,8,20,1.0,1.0,1.0,2.0,2.0,2.0,4.0,2.0,2.0,0.923783,0.24,0.08,2.0,2.0,2.0,0.0,0.0,4.0,1.0,378.3,6.0,52.56943365
LIVE_BELIEF,PERIODIC_ONLY,POSE_SHIFT,LOW,12,20,1.0,1.0,0.0,3.0,0.0,3.0,5.0,2.0,0.0,1.1537835,0.24,0.0,0.0,0.0,0.0,0.0,0.0,5.0,1.0,378.35,6.0,58.61948245
LIVE_BELIEF,PERIODIC_ONLY,POSE_SHIFT,LOW,4,20,1.0,1.0,0.0,0.0,1.0,0.0,2.0,2.0,1.0,0.4637835,0.24,0.04,1.0,1.0,1.0,0.0,0.0,2.0,1.0,378.35,3.0,30.46948245
LIVE_BELIEF,PERIODIC_ONLY,POSE_SHIFT,LOW,8,20,1.0,1.0,1.0,2.0,2.0,2.0,4.0,2.0,2.0,0.9237835,0.24,0.08,2.0,2.0,2.0,0.0,0.0,4.0,1.0,378.35,6.0,52.56948245
LIVE_BELIEF,PERIODIC_ONLY,RESTRICTION_CHANGE,HIGH,12,20,1.0,1.0,0.0,3.0,0.0,3.0,5.0,2.0,0.0,1.153764,0.24,0.0,0.0,0.0,0.0,0.0,0.0,5.0,2.0,376.4,6.0,58.6175782
LIVE_BELIEF,PERIODIC_ONLY,RESTRICTION_CHANGE,HIGH,4,20,1.0,1.0,0.0,0.0,1.0,0.0,2.0,2.0,1.0,0.463764,0.24,0.04,1.0,1.0,1.0,0.0,0.0,2.0,2.0,376.4,3.0,30.4675782
LIVE_BELIEF,PERIODIC_ONLY,RESTRICTION_CHANGE,HIGH,8,20,1.0,1.0,1.0,2.0,2.0,2.0,4.0,2.0,2.0,0.923764,0.24,0.08,2.0,2.0,2.0,0.0,0.0,4.0,2.0,376.4,6.0,52.5675782
LIVE_BELIEF,PERIODIC_ONLY,RESTRICTION_CHANGE,LOW,12,20,1.0,1.0,0.0,3.0,0.0,3.0,5.0,2.0,0.0,1.153774,0.24,0.0,0.0,0.0,0.0,0.0,0.0,5.0,1.0,377.4,6.0,58.61855485
LIVE_BELIEF,PERIODIC_ONLY,RESTRICTION_CHANGE,LOW,4,20,1.0,1.0,0.0,0.0,1.0,0.0,2.0,2.0,1.0,0.463774,0.24,0.04,1.0,1.0,1.0,0.0,0.0,2.0,1.0,377.4,3.0,30.46855485
LIVE_BELIEF,PERIODIC_ONLY,RESTRICTION_CHANGE,LOW,8,20,1.0,1.0,1.0,2.0,2.0,2.0,4.0,2.0,2.0,0.923774,0.24,0.08,2.0,2.0,2.0,0.0,0.0,4.0,1.0,377.4,6.0,52.56855485
LIVE_EPISODIC,EVENT_DRIVEN,AVAILABILITY_LOSS,HIGH,12,20,1.0,1.0,0.0,0.0,0.0,0.0,2.0,2.0,0.0,0.465694,0.24,0.0,0.0,0.0,0.0,0.0,0.0,2.0,4.0,569.4,6.0,28.65605485
LIVE_EPISODIC,EVENT_DRIVEN,AVAILABILITY_LOSS,HIGH,4,20,1.0,1.0,0.0,0.0,0.0,0.0,2.0,2.0,0.0,0.465694,0.24,0.0,0.0,0.0,0.0,0.0,0.0,2.0,4.0,569.4,2.0,28.65605485
LIVE_EPISODIC,EVENT_DRIVEN,AVAILABILITY_LOSS,HIGH,8,20,1.0,1.0,0.0,0.0,0.0,0.0,2.0,2.0,0.0,0.465694,0.24,0.0,0.0,0.0,0.0,0.0,0.0,2.0,4.0,569.4,4.0,28.65605485
LIVE_EPISODIC,EVENT_DRIVEN,AVAILABILITY_LOSS,LOW,12,20,1.0,1.0,0.0,0.0,0.0,0.0,2.0,2.0,0.0,0.464804,0.24,0.0,0.0,0.0,0.0,0.0,0.0,2.0,2.0,480.4,6.0,28.56914065
LIVE_EPISODIC,EVENT_DRIVEN,AVAILABILITY_LOSS,LOW,4,20,1.0,1.0,0.0,0.0,0.0,0.0,2.0,2.0,0.0,0.464804,0.24,0.0,0.0,0.0,0.0,0.0,0.0,2.0,2.0,480.4,2.0,28.56914065
LIVE_EPISODIC,EVENT_DRIVEN,AVAILABILITY_LOSS,LOW,8,20,1.0,1.0,0.0,0.0,0.0,0.0,2.0,2.0,0.0,0.464804,0.24,0.0,0.0,0.0,0.0,0.0,0.0,2.0,2.0,480.4,4.0,28.56914065
LIVE_EPISODIC,EVENT_DRIVEN,CONTROL_FAILURE,HIGH,12,20,1.0,1.0,0.0,0.0,1.0,0.0,2.0,2.0,1.0,0.464684,0.24,0.04,1.0,0.0,1.0,0.0,0.0,2.0,1.0,468.4,7.0,30.55742185
LIVE_EPISODIC,EVENT_DRIVEN,CONTROL_FAILURE,HIGH,4,20,1.0,1.0,0.0,0.0,1.0,0.0,2.0,2.0,1.0,0.464684,0.24,0.04,1.0,0.0,1.0,0.0,0.0,2.0,1.0,468.4,3.0,30.55742185
LIVE_EPISODIC,EVENT_DRIVEN,CONTROL_FAILURE,HIGH,8,20,1.0,1.0,0.0,0.0,1.0,0.0,2.0,2.0,1.0,0.464684,0.24,0.04,1.0,0.0,1.0,0.0,0.0,2.0,1.0,468.4,5.0,30.55742185
LIVE_EPISODIC,EVENT_DRIVEN,CONTROL_FAILURE,LOW,12,20,1.0,1.0,0.0,0.0,1.0,0.0,2.0,2.0,1.0,0.464684,0.24,0.04,1.0,0.0,1.0,0.0,0.0,2.0,1.0,468.4,7.0,30.55742185
LIVE_EPISODIC,EVENT_DRIVEN,CONTROL_FAILURE,LOW,4,20,1.0,1.0,0.0,0.0,1.0,0.0,2.0,2.0,1.0,0.464684,0.24,0.04,1.0,0.0,1.0,0.0,0.0,2.0,1.0,468.4,3.0,30.55742185
LIVE_EPISODIC,EVENT_DRIVEN,CONTROL_FAILURE,LOW,8,20,1.0,1.0,0.0,0.0,1.0,0.0,2.0,2.0,1.0,0.464684,0.24,0.04,1.0,0.0,1.0,0.0,0.0,2.0,1.0,468.4,5.0,30.55742185
LIVE_EPISODIC,EVENT_DRIVEN,POSE_SHIFT,HIGH,12,20,1.0,1.0,0.0,0.0,0.0,0.0,2.0,2.0,0.0,0.46477,0.24,0.0,0.0,0.0,0.0,0.0,0.0,2.0,2.0,477.0,6.0,28.5658203
LIVE_EPISODIC,EVENT_DRIVEN,POSE_SHIFT,HIGH,4,20,1.0,1.0,0.0,0.0,0.0,0.0,2.0,2.0,0.0,0.46477,0.24,0.0,0.0,0.0,0.0,0.0,0.0,2.0,2.0,477.0,2.0,28.5658203
LIVE_EPISODIC,EVENT_DRIVEN,POSE_SHIFT,HIGH,8,20,1.0,1.0,0.0,0.0,0.0,0.0,2.0,2.0,0.0,0.46477,0.24,0.0,0.0,0.0,0.0,0.0,0.0,2.0,2.0,477.0,4.0,28.5658203
LIVE_EPISODIC,EVENT_DRIVEN,POSE_SHIFT,LOW,12,20,1.0,1.0,0.0,0.0,0.0,0.0,2.0,2.0,0.0,0.464771,0.24,0.0,0.0,0.0,0.0,0.0,0.0,2.0,2.0,477.1,6.0,28.56591795
LIVE_EPISODIC,EVENT_DRIVEN,POSE_SHIFT,LOW,4,20,1.0,1.0,0.0,0.0,0.0,0.0,2.0,2.0,0.0,0.464771,0.24,0.0,0.0,0.0,0.0,0.0,0.0,2.0,2.0,477.1,2.0,28.56591795
LIVE_EPISODIC,EVENT_DRIVEN,POSE_SHIFT,LOW,8,20,1.0,1.0,0.0,0.0,0.0,0.0,2.0,2.0,0.0,0.464771,0.24,0.0,0.0,0.0,0.0,0.0,0.0,2.0,2.0,477.1,4.0,28.56591795
LIVE_EPISODIC,EVENT_DRIVEN,RESTRICTION_CHANGE,HIGH,12,20,1.0,1.0,0.0,0.0,0.0,0.0,2.0,2.0,0.0,0.465414,0.24,0.0,0.0,0.0,0.0,0.0,0.0,2.0,4.0,541.4,6.0,28.62871085
LIVE_EPISODIC,EVENT_DRIVEN,RESTRICTION_CHANGE,HIGH,4,20,1.0,1.0,0.0,0.0,0.0,0.0,2.0,2.0,0.0,0.465414,0.24,0.0,0.0,0.0,0.0,0.0,0.0,2.0,4.0,541.4,2.0,28.62871085
LIVE_EPISODIC,EVENT_DRIVEN,RESTRICTION_CHANGE,HIGH,8,20,1.0,1.0,0.0,0.0,0.0,0.0,2.0,2.0,0.0,0.465414,0.24,0.0,0.0,0.0,0.0,0.0,0.0,2.0,4.0,541.4,4.0,28.62871085
LIVE_EPISODIC,EVENT_DRIVEN,RESTRICTION_CHANGE,LOW,12,20,1.0,1.0,0.0,0.0,0.0,0.0,2.0,2.0,0.0,0.464664,0.24,0.0,0.0,0.0,0.0,0.0,0.0,2.0,2.0,466.4,6.0,28.55546885
LIVE_EPISODIC,EVENT_DRIVEN,RESTRICTION_CHANGE,LOW,4,20,1.0,1.0,0.0,0.0,0.0,0.0,2.0,2.0,0.0,0.464664,0.24,0.0,0.0,0.0,0.0,0.0,0.0,2.0,2.0,466.4,2.0,28.55546885
LIVE_EPISODIC,EVENT_DRIVEN,RESTRICTION_CHANGE,LOW,8,20,1.0,1.0,0.0,0.0,0.0,0.0,2.0,2.0,0.0,0.464664,0.24,0.0,0.0,0.0,0.0,0.0,0.0,2.0,2.0,466.4,4.0,28.55546885
LIVE_EPISODIC,FAILURE_THRESHOLD,AVAILABILITY_LOSS,HIGH,12,20,1.0,1.0,1.0,0.0,2.0,0.0,2.0,2.0,2.0,0.467234,0.24,0.08,2.0,2.0,2.0,1.0,0.0,2.0,6.0,723.4,7.0,32.80644535
LIVE_EPISODIC,FAILURE_THRESHOLD,AVAILABILITY_LOSS,HIGH,4,20,1.0,1.0,1.0,0.0,2.0,0.0,2.0,2.0,2.0,0.467234,0.24,0.08,2.0,2.0,2.0,1.0,0.0,2.0,6.0,723.4,3.0,32.80644535
LIVE_EPISODIC,FAILURE_THRESHOLD,AVAILABILITY_LOSS,HIGH,8,20,1.0,1.0,1.0,0.0,2.0,0.0,2.0,2.0,2.0,0.467234,0.24,0.08,2.0,2.0,2.0,1.0,0.0,2.0,6.0,723.4,5.0,32.80644535
LIVE_EPISODIC,FAILURE_THRESHOLD,AVAILABILITY_LOSS,LOW,12,20,1.0,1.0,1.0,0.0,2.0,0.0,2.0,2.0,2.0,0.466344,0.24,0.08,2.0,2.0,2.0,1.0,0.0,2.0,4.0,634.4,7.0,32.71953135
LIVE_EPISODIC,FAILURE_THRESHOLD,AVAILABILITY_LOSS,LOW,4,20,1.0,1.0,1.0,0.0,2.0,0.0,2.0,2.0,2.0,0.466344,0.24,0.08,2.0,2.0,2.0,1.0,0.0,2.0,4.0,634.4,3.0,32.71953135
LIVE_EPISODIC,FAILURE_THRESHOLD,AVAILABILITY_LOSS,LOW,8,20,1.0,1.0,1.0,0.0,2.0,0.0,2.0,2.0,2.0,0.466344,0.24,0.08,2.0,2.0,2.0,1.0,0.0,2.0,4.0,634.4,5.0,32.71953135
LIVE_EPISODIC,FAILURE_THRESHOLD,CONTROL_FAILURE,HIGH,12,20,1.0,1.0,1.0,0.0,2.0,0.0,2.0,2.0,2.0,0.465454,0.24,0.08,2.0,0.0,2.0,1.0,0.0,2.0,2.0,545.4,7.0,32.6326172
LIVE_EPISODIC,FAILURE_THRESHOLD,CONTROL_FAILURE,HIGH,4,20,1.0,1.0,1.0,0.0,2.0,0.0,2.0,2.0,2.0,0.465454,0.24,0.08,2.0,0.0,2.0,1.0,0.0,2.0,2.0,545.4,3.0,32.6326172
LIVE_EPISODIC,FAILURE_THRESHOLD,CONTROL_FAILURE,HIGH,8,20,1.0,1.0,1.0,0.0,2.0,0.0,2.0,2.0,2.0,0.465454,0.24,0.08,2.0,0.0,2.0,1.0,0.0,2.0,2.0,545.4,5.0,32.6326172
LIVE_EPISODIC,FAILURE_THRESHOLD,CONTROL_FAILURE,LOW,12,20,1.0,1.0,0.0,0.0,8.0,0.0,1.0,1.0,1.0,0.234684,0.12,0.04,0.0,0.0,1.0,0.0,0.0,1.0,1.0,468.4,7.0,16.50742185
LIVE_EPISODIC,FAILURE_THRESHOLD,CONTROL_FAILURE,LOW,4,20,1.0,1.0,0.0,0.0,4.0,0.0,1.0,1.0,1.0,0.234684,0.12,0.04,0.0,0.0,1.0,0.0,0.0,1.0,1.0,468.4,3.0,16.50742185
LIVE_EPISODIC,FAILURE_THRESHOLD,CONTROL_FAILURE,LOW,8,20,1.0,1.0,0.0,0.0,6.0,0.0,1.0,1.0,1.0,0.234684,0.12,0.04,0.0,0.0,1.0,0.0,0.0,1.0,1.0,468.4,5.0,16.50742185
LIVE_EPISODIC,FAILURE_THRESHOLD,POSE_SHIFT,HIGH,12,20,1.0,1.0,1.0,0.0,2.0,0.0,2.0,2.0,2.0,0.46631,0.24,0.08,2.0,2.0,2.0,1.0,0.0,2.0,4.0,631.0,7.0,32.71621105
LIVE_EPISODIC,FAILURE_THRESHOLD,POSE_SHIFT,HIGH,4,20,1.0,1.0,1.0,0.0,2.0,0.0,2.0,2.0,2.0,0.46631,0.24,0.08,2.0,2.0,2.0,1.0,0.0,2.0,4.0,631.0,3.0,32.71621105
LIVE_EPISODIC,FAILURE_THRESHOLD,POSE_SHIFT,HIGH,8,20,1.0,1.0,1.0,0.0,2.0,0.0,2.0,2.0,2.0,0.46631,0.24,0.08,2.0,2.0,2.0,1.0,0.0,2.0,4.0,631.0,5.0,32.71621105
LIVE_EPISODIC,FAILURE_THRESHOLD,POSE_SHIFT,LOW,12,20,1.0,1.0,1.0,0.0,2.0,0.0,2.0,2.0,2.0,0.466311,0.24,0.08,2.0,2.0,2.0,1.0,0.0,2.0,4.0,631.1,7.0,32.71630875
LIVE_EPISODIC,FAILURE_THRESHOLD,POSE_SHIFT,LOW,4,20,1.0,1.0,1.0,0.0,2.0,0.0,2.0,2.0,2.0,0.466311,0.24,0.08,2.0,2.0,2.0,1.0,0.0,2.0,4.0,631.1,3.0,32.71630875
LIVE_EPISODIC,FAILURE_THRESHOLD,POSE_SHIFT,LOW,8,20,1.0,1.0,1.0,0.0,2.0,0.0,2.0,2.0,2.0,0.466311,0.24,0.08,2.0,2.0,2.0,1.0,0.0,2.0,4.0,631.1,5.0,32.71630875
LIVE_EPISODIC,FAILURE_THRESHOLD,RESTRICTION_CHANGE,HIGH,12,20,1.0,1.0,1.0,0.0,2.0,0.0,2.0,2.0,2.0,0.466954,0.24,0.08,2.0,2.0,2.0,1.0,0.0,2.0,6.0,695.4,7.0,32.77910165
LIVE_EPISODIC,FAILURE_THRESHOLD,RESTRICTION_CHANGE,HIGH,4,20,1.0,1.0,1.0,0.0,2.0,0.0,2.0,2.0,2.0,0.466954,0.24,0.08,2.0,2.0,2.0,1.0,0.0,2.0,6.0,695.4,3.0,32.77910165
LIVE_EPISODIC,FAILURE_THRESHOLD,RESTRICTION_CHANGE,HIGH,8,20,1.0,1.0,1.0,0.0,2.0,0.0,2.0,2.0,2.0,0.466954,0.24,0.08,2.0,2.0,2.0,1.0,0.0,2.0,6.0,695.4,5.0,32.77910165
LIVE_EPISODIC,FAILURE_THRESHOLD,RESTRICTION_CHANGE,LOW,12,20,1.0,1.0,1.0,0.0,2.0,0.0,2.0,2.0,2.0,0.466204,0.24,0.08,2.0,2.0,2.0,1.0,0.0,2.0,4.0,620.4,7.0,32.70585935
LIVE_EPISODIC,FAILURE_THRESHOLD,RESTRICTION_CHANGE,LOW,4,20,1.0,1.0,1.0,0.0,2.0,0.0,2.0,2.0,2.0,0.466204,0.24,0.08,2.0,2.0,2.0,1.0,0.0,2.0,4.0,620.4,3.0,32.70585935
LIVE_EPISODIC,FAILURE_THRESHOLD,RESTRICTION_CHANGE,LOW,8,20,1.0,1.0,1.0,0.0,2.0,0.0,2.0,2.0,2.0,0.466204,0.24,0.08,2.0,2.0,2.0,1.0,0.0,2.0,4.0,620.4,5.0,32.70585935
LIVE_EPISODIC,HYBRID,AVAILABILITY_LOSS,HIGH,12,20,1.0,1.0,0.0,3.0,0.0,3.0,5.0,2.0,0.0,1.155694,0.24,0.0,0.0,0.0,0.0,0.0,0.0,5.0,4.0,569.4,6.0,58.80605485
LIVE_EPISODIC,HYBRID,AVAILABILITY_LOSS,HIGH,4,20,1.0,1.0,0.0,0.0,0.0,0.0,2.0,2.0,0.0,0.465694,0.24,0.0,0.0,0.0,0.0,0.0,0.0,2.0,4.0,569.4,2.0,28.65605485
LIVE_EPISODIC,HYBRID,AVAILABILITY_LOSS,HIGH,8,20,1.0,1.0,0.0,2.0,1.0,2.0,4.0,2.0,1.0,0.926464,0.24,0.04,1.0,1.0,1.0,0.0,0.0,4.0,5.0,646.4,5.0,50.8312501
LIVE_EPISODIC,HYBRID,AVAILABILITY_LOSS,LOW,12,20,1.0,1.0,0.0,3.0,0.0,3.0,5.0,2.0,0.0,1.154804,0.24,0.0,0.0,0.0,0.0,0.0,0.0,5.0,2.0,480.4,6.0,58.71914065
LIVE_EPISODIC,HYBRID,AVAILABILITY_LOSS,LOW,4,20,1.0,1.0,0.0,0.0,0.0,0.0,2.0,2.0,0.0,0.464804,0.24,0.0,0.0,0.0,0.0,0.0,0.0,2.0,2.0,480.4,2.0,28.56914065
LIVE_EPISODIC,HYBRID,AVAILABILITY_LOSS,LOW,8,20,1.0,1.0,0.0,2.0,1.0,2.0,4.0,2.0,1.0,0.925574,0.24,0.04,1.0,1.0,1.0,0.0,0.0,4.0,3.0,557.4,5.0,50.74433585
LIVE_EPISODIC,HYBRID,CONTROL_FAILURE,HIGH,12,20,1.0,1.0,1.0,3.0,1.0,3.0,5.0,2.0,2.0,1.155454,0.24,0.08,2.0,0.0,2.0,0.0,0.0,5.0,2.0,545.4,7.0,62.7826172
LIVE_EPISODIC,HYBRID,CONTROL_FAILURE,HIGH,4,20,1.0,1.0,0.0,0.0,1.0,0.0,2.0,2.0,1.0,0.464684,0.24,0.04,1.0,0.0,1.0,0.0,0.0,2.0,1.0,468.4,3.0,30.55742185
LIVE_EPISODIC,HYBRID,CONTROL_FAILURE,HIGH,8,20,1.0,1.0,0.0,2.0,1.0,2.0,4.0,2.0,1.0,0.924684,0.24,0.04,1.0,0.0,1.0,0.0,0.0,4.0,1.0,468.4,5.0,50.65742185
LIVE_EPISODIC,HYBRID,CONTROL_FAILURE,LOW,12,20,1.0,1.0,0.0,4.0,1.0,3.0,5.0,2.0,1.0,1.154684,0.24,0.04,2.0,0.0,1.0,0.0,0.0,5.0,1.0,468.4,7.0,60.70742185
LIVE_EPISODIC,HYBRID,CONTROL_FAILURE,LOW,4,20,1.0,1.0,0.0,0.0,1.0,0.0,2.0,2.0,1.0,0.464684,0.24,0.04,1.0,0.0,1.0,0.0,0.0,2.0,1.0,468.4,3.0,30.55742185
LIVE_EPISODIC,HYBRID,CONTROL_FAILURE,LOW,8,20,1.0,1.0,0.0,2.0,1.0,2.0,4.0,2.0,1.0,0.924684,0.24,0.04,1.0,0.0,1.0,0.0,0.0,4.0,1.0,468.4,5.0,50.65742185
LIVE_EPISODIC,HYBRID,POSE_SHIFT,HIGH,12,20,1.0,1.0,0.0,3.0,0.0,3.0,5.0,2.0,0.0,1.15477,0.24,0.0,0.0,0.0,0.0,0.0,0.0,5.0,2.0,477.0,6.0,58.7158203
LIVE_EPISODIC,HYBRID,POSE_SHIFT,HIGH,4,20,1.0,1.0,0.0,0.0,0.0,0.0,2.0,2.0,0.0,0.46477,0.24,0.0,0.0,0.0,0.0,0.0,0.0,2.0,2.0,477.0,2.0,28.5658203
LIVE_EPISODIC,HYBRID,POSE_SHIFT,HIGH,8,20,1.0,1.0,0.0,2.0,1.0,2.0,4.0,2.0,1.0,0.92554,0.24,0.04,1.0,1.0,1.0,0.0,0.0,4.0,3.0,554.0,5.0,50.7410157
LIVE_EPISODIC,HYBRID,POSE_SHIFT,LOW,12,20,1.0,1.0,0.0,3.0,0.0,3.0,5.0,2.0,0.0,1.154771,0.24,0.0,0.0,0.0,0.0,0.0,0.0,5.0,2.0,477.1,6.0,58.71591795
LIVE_EPISODIC,HYBRID,POSE_SHIFT,LOW,4,20,1.0,1.0,0.0,0.0,0.0,0.0,2.0,2.0,0.0,0.464771,0.24,0.0,0.0,0.0,0.0,0.0,0.0,2.0,2.0,477.1,2.0,28.56591795
LIVE_EPISODIC,HYBRID,POSE_SHIFT,LOW,8,20,1.0,1.0,0.0,2.0,1.0,2.0,4.0,2.0,1.0,0.925541,0.24,0.04,1.0,1.0,1.0,0.0,0.0,4.0,3.0,554.1,5.0,50.74111335
LIVE_EPISODIC,HYBRID,RESTRICTION_CHANGE,HIGH,12,20,1.0,1.0,0.0,3.0,0.0,3.0,5.0,2.0,0.0,1.155414,0.24,0.0,0.0,0.0,0.0,0.0,0.0,5.0,4.0,541.4,6.0,58.77871085
LIVE_EPISODIC,HYBRID,RESTRICTION_CHANGE,HIGH,4,20,1.0,1.0,0.0,0.0,0.0,0.0,2.0,2.0,0.0,0.465414,0.24,0.0,0.0,0.0,0.0,0.0,0.0,2.0,4.0,541.4,2.0,28.62871085
LIVE_EPISODIC,HYBRID,RESTRICTION_CHANGE,HIGH,8,20,1.0,1.0,0.0,2.0,1.0,2.0,4.0,2.0,1.0,0.926184,0.24,0.04,1.0,1.0,1.0,0.0,0.0,4.0,5.0,618.4,5.0,50.80390635
LIVE_EPISODIC,HYBRID,RESTRICTION_CHANGE,LOW,12,20,1.0,1.0,0.0,3.0,0.0,3.0,5.0,2.0,0.0,1.154664,0.24,0.0,0.0,0.0,0.0,0.0,0.0,5.0,2.0,466.4,6.0,58.70546885
LIVE_EPISODIC,HYBRID,RESTRICTION_CHANGE,LOW,4,20,1.0,1.0,0.0,0.0,0.0,0.0,2.0,2.0,0.0,0.464664,0.24,0.0,0.0,0.0,0.0,0.0,0.0,2.0,2.0,466.4,2.0,28.55546885
LIVE_EPISODIC,HYBRID,RESTRICTION_CHANGE,LOW,8,20,1.0,1.0,0.0,2.0,1.0,2.0,4.0,2.0,1.0,0.925434,0.24,0.04,1.0,1.0,1.0,0.0,0.0,4.0,3.0,543.4,5.0,50.7306641
LIVE_EPISODIC,NO_REPLAN,AVAILABILITY_LOSS,HIGH,12,20,0.0,0.416667,10.0,0.0,11.0,0.0,1.0,1.0,11.0,0.244234,0.12,0.44,0.0,11.0,11.0,0.0,1.0,1.0,15.0,1423.4,0.0,37.4400391
LIVE_EPISODIC,NO_REPLAN,AVAILABILITY_LOSS,HIGH,4,20,0.0,0.25,6.0,0.0,7.0,0.0,1.0,1.0,7.0,0.241084,0.12,0.28,0.0,7.0,7.0,0.0,1.0,1.0,11.0,1108.4,0.0,29.13242185
LIVE_EPISODIC,NO_REPLAN,AVAILABILITY_LOSS,HIGH,8,20,0.0,0.375,8.0,0.0,9.0,0.0,1.0,1.0,9.0,0.242654,0.12,0.36,0.0,9.0,9.0,0.0,1.0,1.0,13.0,1265.4,0.0,33.2857422
LIVE_EPISODIC,NO_REPLAN,AVAILABILITY_LOSS,LOW,12,20,0.0,0.416667,10.0,0.0,11.0,0.0,1.0,1.0,11.0,0.243344,0.12,0.44,0.0,11.0,11.0,0.0,1.0,1.0,13.0,1334.4,0.0,37.35312485
LIVE_EPISODIC,NO_REPLAN,AVAILABILITY_LOSS,LOW,4,20,0.0,0.25,6.0,0.0,7.0,0.0,1.0,1.0,7.0,0.240194,0.12,0.28,0.0,7.0,7.0,0.0,1.0,1.0,9.0,1019.4,0.0,29.04550785
LIVE_EPISODIC,NO_REPLAN,AVAILABILITY_LOSS,LOW,8,20,0.0,0.375,8.0,0.0,9.0,0.0,1.0,1.0,9.0,0.241764,0.12,0.36,0.0,9.0,9.0,0.0,1.0,1.0,11.0,1176.4,0.0,33.1988281
LIVE_EPISODIC,NO_REPLAN,CONTROL_FAILURE,HIGH,12,20,1.0,1.0,2.0,0.0,10.0,0.0,1.0,1.0,3.0,0.236224,0.12,0.12,0.0,0.0,3.0,0.0,0.0,1.0,3.0,622.4,7.0,20.6578124
LIVE_EPISODIC,NO_REPLAN,CONTROL_FAILURE,HIGH,4,20,1.0,1.0,2.0,0.0,6.0,0.0,1.0,1.0,3.0,0.236224,0.12,0.12,0.0,0.0,3.0,0.0,0.0,1.0,3.0,622.4,3.0,20.6578124
LIVE_EPISODIC,NO_REPLAN,CONTROL_FAILURE,HIGH,8,20,1.0,1.0,2.0,0.0,8.0,0.0,1.0,1.0,3.0,0.236224,0.12,0.12,0.0,0.0,3.0,0.0,0.0,1.0,3.0,622.4,5.0,20.6578124
LIVE_EPISODIC,NO_REPLAN,CONTROL_FAILURE,LOW,12,20,1.0,1.0,0.0,0.0,8.0,0.0,1.0,1.0,1.0,0.234684,0.12,0.04,0.0,0.0,1.0,0.0,0.0,1.0,1.0,468.4,7.0,16.50742185
LIVE_EPISODIC,NO_REPLAN,CONTROL_FAILURE,LOW,4,20,1.0,1.0,0.0,0.0,4.0,0.0,1.0,1.0,1.0,0.234684,0.12,0.04,0.0,0.0,1.0,0.0,0.0,1.0,1.0,468.4,3.0,16.50742185
LIVE_EPISODIC,NO_REPLAN,CONTROL_FAILURE,LOW,8,20,1.0,1.0,0.0,0.0,6.0,0.0,1.0,1.0,1.0,0.234684,0.12,0.04,0.0,0.0,1.0,0.0,0.0,1.0,1.0,468.4,5.0,16.50742185
LIVE_EPISODIC,NO_REPLAN,POSE_SHIFT,HIGH,12,20,0.0,0.416667,10.0,0.0,11.0,0.0,1.0,1.0,11.0,0.24331,0.12,0.44,0.0,11.0,11.0,0.0,1.0,1.0,13.0,1331.0,0.0,37.3498047
LIVE_EPISODIC,NO_REPLAN,POSE_SHIFT,HIGH,4,20,0.0,0.25,6.0,0.0,7.0,0.0,1.0,1.0,7.0,0.24016,0.12,0.28,0.0,7.0,7.0,0.0,1.0,1.0,9.0,1016.0,0.0,29.0421875
LIVE_EPISODIC,NO_REPLAN,POSE_SHIFT,HIGH,8,20,0.0,0.375,8.0,0.0,9.0,0.0,1.0,1.0,9.0,0.24173,0.12,0.36,0.0,9.0,9.0,0.0,1.0,1.0,11.0,1173.0,0.0,33.1955077
LIVE_EPISODIC,NO_REPLAN,POSE_SHIFT,LOW,12,20,0.0,0.416667,10.0,0.0,11.0,0.0,1.0,1.0,11.0,0.243311,0.12,0.44,0.0,11.0,11.0,0.0,1.0,1.0,13.0,1331.1,0.0,37.34990235
LIVE_EPISODIC,NO_REPLAN,POSE_SHIFT,LOW,4,20,0.0,0.25,6.0,0.0,7.0,0.0,1.0,1.0,7.0,0.240161,0.12,0.28,0.0,7.0,7.0,0.0,1.0,1.0,9.0,1016.1,0.0,29.04228515
LIVE_EPISODIC,NO_REPLAN,POSE_SHIFT,LOW,8,20,0.0,0.375,8.0,0.0,9.0,0.0,1.0,1.0,9.0,0.241731,0.12,0.36,0.0,9.0,9.0,0.0,1.0,1.0,11.0,1173.1,0.0,33.19560535
LIVE_EPISODIC,NO_REPLAN,RESTRICTION_CHANGE,HIGH,12,20,0.0,0.416667,10.0,0.0,11.0,0.0,1.0,1.0,11.0,0.243954,0.12,0.44,0.0,11.0,11.0,0.0,1.0,1.0,15.0,1395.4,0.0,37.41269535
LIVE_EPISODIC,NO_REPLAN,RESTRICTION_CHANGE,HIGH,4,20,0.0,0.25,6.0,0.0,7.0,0.0,1.0,1.0,7.0,0.240804,0.12,0.28,0.0,7.0,7.0,0.0,1.0,1.0,11.0,1080.4,0.0,29.1050782
LIVE_EPISODIC,NO_REPLAN,RESTRICTION_CHANGE,HIGH,8,20,0.0,0.375,8.0,0.0,9.0,0.0,1.0,1.0,9.0,0.242374,0.12,0.36,0.0,9.0,9.0,0.0,1.0,1.0,13.0,1237.4,0.0,33.25839835
LIVE_EPISODIC,NO_REPLAN,RESTRICTION_CHANGE,LOW,12,20,0.0,0.416667,10.0,0.0,11.0,0.0,1.0,1.0,11.0,0.243204,0.12,0.44,0.0,11.0,11.0,0.0,1.0,1.0,13.0,1320.4,0.0,37.3394531
LIVE_EPISODIC,NO_REPLAN,RESTRICTION_CHANGE,LOW,4,20,0.0,0.25,6.0,0.0,7.0,0.0,1.0,1.0,7.0,0.240054,0.12,0.28,0.0,7.0,7.0,0.0,1.0,1.0,9.0,1005.4,0.0,29.03183585
LIVE_EPISODIC,NO_REPLAN,RESTRICTION_CHANGE,LOW,8,20,0.0,0.375,8.0,0.0,9.0,0.0,1.0,1.0,9.0,0.241624,0.12,0.36,0.0,9.0,9.0,0.0,1.0,1.0,11.0,1162.4,0.0,33.1851562
LIVE_EPISODIC,PERIODIC_ONLY,AVAILABILITY_LOSS,HIGH,12,20,1.0,1.0,0.0,3.0,0.0,3.0,5.0,2.0,0.0,1.155694,0.24,0.0,0.0,0.0,0.0,0.0,0.0,5.0,4.0,569.4,6.0,58.80605485
LIVE_EPISODIC,PERIODIC_ONLY,AVAILABILITY_LOSS,HIGH,4,20,1.0,1.0,0.0,0.0,1.0,0.0,2.0,2.0,1.0,0.466464,0.24,0.04,1.0,1.0,1.0,0.0,0.0,2.0,5.0,646.4,3.0,30.7312501
LIVE_EPISODIC,PERIODIC_ONLY,AVAILABILITY_LOSS,HIGH,8,20,1.0,1.0,1.0,2.0,2.0,2.0,4.0,2.0,2.0,0.927234,0.24,0.08,2.0,2.0,2.0,0.0,0.0,4.0,6.0,723.4,5.0,52.90644535
LIVE_EPISODIC,PERIODIC_ONLY,AVAILABILITY_LOSS,LOW,12,20,1.0,1.0,0.0,3.0,0.0,3.0,5.0,2.0,0.0,1.154804,0.24,0.0,0.0,0.0,0.0,0.0,0.0,5.0,2.0,480.4,6.0,58.71914065
LIVE_EPISODIC,PERIODIC_ONLY,AVAILABILITY_LOSS,LOW,4,20,1.0,1.0,0.0,0.0,1.0,0.0,2.0,2.0,1.0,0.465574,0.24,0.04,1.0,1.0,1.0,0.0,0.0,2.0,3.0,557.4,3.0,30.64433585
LIVE_EPISODIC,PERIODIC_ONLY,AVAILABILITY_LOSS,LOW,8,20,1.0,1.0,1.0,2.0,2.0,2.0,4.0,2.0,2.0,0.926344,0.24,0.08,2.0,2.0,2.0,0.0,0.0,4.0,4.0,634.4,5.0,52.81953135
LIVE_EPISODIC,PERIODIC_ONLY,CONTROL_FAILURE,HIGH,12,20,1.0,1.0,2.0,4.0,2.0,4.0,6.0,2.0,3.0,1.386224,0.24,0.12,3.0,0.0,3.0,0.0,0.0,6.0,3.0,622.4,7.0,74.9078124
LIVE_EPISODIC,PERIODIC_ONLY,CONTROL_FAILURE,HIGH,4,20,1.0,1.0,0.0,0.0,1.0,0.0,2.0,2.0,1.0,0.464684,0.24,0.04,1.0,0.0,1.0,0.0,0.0,2.0,1.0,468.4,3.0,30.55742185
LIVE_EPISODIC,PERIODIC_ONLY,CONTROL_FAILURE,HIGH,8,20,1.0,1.0,1.0,2.0,2.0,2.0,4.0,2.0,2.0,0.925454,0.24,0.08,2.0,0.0,2.0,0.0,0.0,4.0,2.0,545.4,5.0,52.7326172
LIVE_EPISODIC,PERIODIC_ONLY,CONTROL_FAILURE,LOW,12,20,1.0,1.0,0.0,4.0,2.0,3.0,5.0,2.0,1.0,1.154684,0.24,0.04,3.0,0.0,1.0,0.0,0.0,5.0,1.0,468.4,7.0,60.70742185
LIVE_EPISODIC,PERIODIC_ONLY,CONTROL_FAILURE,LOW,4,20,1.0,1.0,0.0,0.0,1.0,0.0,2.0,2.0,1.0,0.464684,0.24,0.04,1.0,0.0,1.0,0.0,0.0,2.0,1.0,468.4,3.0,30.55742185
LIVE_EPISODIC,PERIODIC_ONLY,CONTROL_FAILURE,LOW,8,20,1.0,1.0,0.0,3.0,2.0,2.0,4.0,2.0,1.0,0.924684,0.24,0.04,2.0,0.0,1.0,0.0,0.0,4.0,1.0,468.4,5.0,50.65742185
LIVE_EPISODIC,PERIODIC_ONLY,POSE_SHIFT,HIGH,12,20,1.0,1.0,0.0,3.0,0.0,3.0,5.0,2.0,0.0,1.15477,0.24,0.0,0.0,0.0,0.0,0.0,0.0,5.0,2.0,477.0,6.0,58.7158203
LIVE_EPISODIC,PERIODIC_ONLY,POSE_SHIFT,HIGH,4,20,1.0,1.0,0.0,0.0,1.0,0.0,2.0,2.0,1.0,0.46554,0.24,0.04,1.0,1.0,1.0,0.0,0.0,2.0,3.0,554.0,3.0,30.6410157
LIVE_EPISODIC,PERIODIC_ONLY,POSE_SHIFT,HIGH,8,20,1.0,1.0,1.0,2.0,2.0,2.0,4.0,2.0,2.0,0.92631,0.24,0.08,2.0,2.0,2.0,0.0,0.0,4.0,4.0,631.0,5.0,52.81621105
LIVE_EPISODIC,PERIODIC_ONLY,POSE_SHIFT,LOW,12,20,1.0,1.0,0.0,3.0,0.0,3.0,5.0,2.0,0.0,1.154771,0.24,0.0,0.0,0.0,0.0,0.0,0.0,5.0,2.0,477.1,6.0,58.71591795
LIVE_EPISODIC,PERIODIC_ONLY,POSE_SHIFT,LOW,4,20,1.0,1.0,0.0,0.0,1.0,0.0,2.0,2.0,1.0,0.465541,0.24,0.04,1.0,1.0,1.0,0.0,0.0,2.0,3.0,554.1,3.0,30.64111335
LIVE_EPISODIC,PERIODIC_ONLY,POSE_SHIFT,LOW,8,20,1.0,1.0,1.0,2.0,2.0,2.0,4.0,2.0,2.0,0.926311,0.24,0.08,2.0,2.0,2.0,0.0,0.0,4.0,4.0,631.1,5.0,52.81630875
LIVE_EPISODIC,PERIODIC_ONLY,RESTRICTION_CHANGE,HIGH,12,20,1.0,1.0,0.0,3.0,0.0,3.0,5.0,2.0,0.0,1.155414,0.24,0.0,0.0,0.0,0.0,0.0,0.0,5.0,4.0,541.4,6.0,58.77871085
LIVE_EPISODIC,PERIODIC_ONLY,RESTRICTION_CHANGE,HIGH,4,20,1.0,1.0,0.0,0.0,1.0,0.0,2.0,2.0,1.0,0.466184,0.24,0.04,1.0,1.0,1.0,0.0,0.0,2.0,5.0,618.4,3.0,30.70390635
LIVE_EPISODIC,PERIODIC_ONLY,RESTRICTION_CHANGE,HIGH,8,20,1.0,1.0,1.0,2.0,2.0,2.0,4.0,2.0,2.0,0.926954,0.24,0.08,2.0,2.0,2.0,0.0,0.0,4.0,6.0,695.4,5.0,52.87910165
LIVE_EPISODIC,PERIODIC_ONLY,RESTRICTION_CHANGE,LOW,12,20,1.0,1.0,0.0,3.0,0.0,3.0,5.0,2.0,0.0,1.154664,0.24,0.0,0.0,0.0,0.0,0.0,0.0,5.0,2.0,466.4,6.0,58.70546885
LIVE_EPISODIC,PERIODIC_ONLY,RESTRICTION_CHANGE,LOW,4,20,1.0,1.0,0.0,0.0,1.0,0.0,2.0,2.0,1.0,0.465434,0.24,0.04,1.0,1.0,1.0,0.0,0.0,2.0,3.0,543.4,3.0,30.6306641
LIVE_EPISODIC,PERIODIC_ONLY,RESTRICTION_CHANGE,LOW,8,20,1.0,1.0,1.0,2.0,2.0,2.0,4.0,2.0,2.0,0.926204,0.24,0.08,2.0,2.0,2.0,0.0,0.0,4.0,4.0,620.4,5.0,52.80585935
NO_MEMORY,EVENT_DRIVEN,AVAILABILITY_LOSS,HIGH,12,20,0.25,0.56250025,0.0,0.0,0.0,1.0,9.75,8.75,8.5,2.2425,1.05,0.34,0.80681825,8.5,8.5,0.0,0.75,9.75,0.0,0.0,15.25,149.9875
NO_MEMORY,EVENT_DRIVEN,AVAILABILITY_LOSS,HIGH,4,20,0.25,0.4375,0.0,0.0,0.0,1.0,6.75,5.75,5.5,1.5525,0.69,0.22,0.76785725,5.5,5.5,0.0,0.75,6.75,0.0,0.0,7.25,101.8375
NO_MEMORY,EVENT_DRIVEN,AVAILABILITY_LOSS,HIGH,8,20,0.25,0.53125,0.0,0.0,0.0,1.0,8.25,7.25,7.0,1.8975,0.87,0.28,0.79166675,7.0,7.0,0.0,0.75,8.25,0.0,0.0,11.25,125.9125
NO_MEMORY,EVENT_DRIVEN,AVAILABILITY_LOSS,LOW,12,20,1.0,1.0,0.0,0.0,0.0,0.0,2.0,2.0,0.0,0.46,0.24,0.0,0.0,0.0,0.0,0.0,0.0,2.0,0.0,0.0,12.0,28.1
NO_MEMORY,EVENT_DRIVEN,AVAILABILITY_LOSS,LOW,4,20,1.0,1.0,0.0,0.0,0.0,0.0,2.0,2.0,0.0,0.46,0.24,0.0,0.0,0.0,0.0,0.0,0.0,2.0,0.0,0.0,4.0,28.1
NO_MEMORY,EVENT_DRIVEN,AVAILABILITY_LOSS,LOW,8,20,1.0,1.0,0.0,0.0,0.0,0.0,2.0,2.0,0.0,0.46,0.24,0.0,0.0,0.0,0.0,0.0,0.0,2.0,0.0,0.0,8.0,28.1
NO_MEMORY,EVENT_DRIVEN,CONTROL_FAILURE,HIGH,12,20,1.0,1.0,0.0,0.0,1.0,0.0,2.0,2.0,1.0,0.46,0.24,0.04,1.0,0.0,1.0,0.0,0.0,2.0,0.0,0.0,13.0,30.1
NO_MEMORY,EVENT_DRIVEN,CONTROL_FAILURE,HIGH,4,20,1.0,1.0,0.0,0.0,1.0,0.0,2.0,2.0,1.0,0.46,0.24,0.04,1.0,0.0,1.0,0.0,0.0,2.0,0.0,0.0,5.0,30.1
NO_MEMORY,EVENT_DRIVEN,CONTROL_FAILURE,HIGH,8,20,1.0,1.0,0.0,0.0,1.0,0.0,2.0,2.0,1.0,0.46,0.24,0.04,1.0,0.0,1.0,0.0,0.0,2.0,0.0,0.0,9.0,30.1
NO_MEMORY,EVENT_DRIVEN,CONTROL_FAILURE,LOW,12,20,1.0,1.0,0.0,0.0,1.0,0.0,2.0,2.0,1.0,0.46,0.24,0.04,1.0,0.0,1.0,0.0,0.0,2.0,0.0,0.0,13.0,30.1
NO_MEMORY,EVENT_DRIVEN,CONTROL_FAILURE,LOW,4,20,1.0,1.0,0.0,0.0,1.0,0.0,2.0,2.0,1.0,0.46,0.24,0.04,1.0,0.0,1.0,0.0,0.0,2.0,0.0,0.0,5.0,30.1
NO_MEMORY,EVENT_DRIVEN,CONTROL_FAILURE,LOW,8,20,1.0,1.0,0.0,0.0,1.0,0.0,2.0,2.0,1.0,0.46,0.24,0.04,1.0,0.0,1.0,0.0,0.0,2.0,0.0,0.0,9.0,30.1
NO_MEMORY,EVENT_DRIVEN,POSE_SHIFT,HIGH,12,20,1.0,1.0,0.0,0.0,0.0,0.0,2.0,2.0,0.0,0.46,0.24,0.0,0.0,0.0,0.0,0.0,0.0,2.0,0.0,0.0,12.0,28.1
NO_MEMORY,EVENT_DRIVEN,POSE_SHIFT,HIGH,4,20,1.0,1.0,0.0,0.0,0.0,0.0,2.0,2.0,0.0,0.46,0.24,0.0,0.0,0.0,0.0,0.0,0.0,2.0,0.0,0.0,4.0,28.1
NO_MEMORY,EVENT_DRIVEN,POSE_SHIFT,HIGH,8,20,1.0,1.0,0.0,0.0,0.0,0.0,2.0,2.0,0.0,0.46,0.24,0.0,0.0,0.0,0.0,0.0,0.0,2.0,0.0,0.0,8.0,28.1
NO_MEMORY,EVENT_DRIVEN,POSE_SHIFT,LOW,12,20,1.0,1.0,0.0,0.0,0.0,0.0,2.0,2.0,0.0,0.46,0.24,0.0,0.0,0.0,0.0,0.0,0.0,2.0,0.0,0.0,12.0,28.1
NO_MEMORY,EVENT_DRIVEN,POSE_SHIFT,LOW,4,20,1.0,1.0,0.0,0.0,0.0,0.0,2.0,2.0,0.0,0.46,0.24,0.0,0.0,0.0,0.0,0.0,0.0,2.0,0.0,0.0,4.0,28.1
NO_MEMORY,EVENT_DRIVEN,POSE_SHIFT,LOW,8,20,1.0,1.0,0.0,0.0,0.0,0.0,2.0,2.0,0.0,0.46,0.24,0.0,0.0,0.0,0.0,0.0,0.0,2.0,0.0,0.0,8.0,28.1
NO_MEMORY,EVENT_DRIVEN,RESTRICTION_CHANGE,HIGH,12,20,0.25,0.56250025,0.0,0.0,0.0,1.0,9.75,8.75,8.5,2.2425,1.05,0.34,0.80681825,8.5,8.5,0.0,0.75,9.75,0.0,0.0,15.25,149.9875
NO_MEMORY,EVENT_DRIVEN,RESTRICTION_CHANGE,HIGH,4,20,0.25,0.4375,0.0,0.0,0.0,1.0,6.75,5.75,5.5,1.5525,0.69,0.22,0.76785725,5.5,5.5,0.0,0.75,6.75,0.0,0.0,7.25,101.8375
NO_MEMORY,EVENT_DRIVEN,RESTRICTION_CHANGE,HIGH,8,20,0.25,0.53125,0.0,0.0,0.0,1.0,8.25,7.25,7.0,1.8975,0.87,0.28,0.79166675,7.0,7.0,0.0,0.75,8.25,0.0,0.0,11.25,125.9125
NO_MEMORY,EVENT_DRIVEN,RESTRICTION_CHANGE,LOW,12,20,1.0,1.0,0.0,0.0,0.0,0.0,2.0,2.0,0.0,0.46,0.24,0.0,0.0,0.0,0.0,0.0,0.0,2.0,0.0,0.0,12.0,28.1
NO_MEMORY,EVENT_DRIVEN,RESTRICTION_CHANGE,LOW,4,20,1.0,1.0,0.0,0.0,0.0,0.0,2.0,2.0,0.0,0.46,0.24,0.0,0.0,0.0,0.0,0.0,0.0,2.0,0.0,0.0,4.0,28.1
NO_MEMORY,EVENT_DRIVEN,RESTRICTION_CHANGE,LOW,8,20,1.0,1.0,0.0,0.0,0.0,0.0,2.0,2.0,0.0,0.46,0.24,0.0,0.0,0.0,0.0,0.0,0.0,2.0,0.0,0.0,8.0,28.1
NO_MEMORY,FAILURE_THRESHOLD,AVAILABILITY_LOSS,HIGH,12,20,0.25,0.56250025,7.0,0.0,8.0,0.0,2.0,2.0,8.75,0.46,0.24,0.35,2.0,8.75,8.75,1.0,0.75,2.0,0.0,0.0,15.5,45.6
NO_MEMORY,FAILURE_THRESHOLD,AVAILABILITY_LOSS,HIGH,4,20,0.25,0.4375,4.0,0.0,5.0,0.0,2.0,2.0,5.75,0.46,0.24,0.23,2.0,5.75,5.75,1.0,0.75,2.0,0.0,0.0,7.5,39.6
NO_MEMORY,FAILURE_THRESHOLD,AVAILABILITY_LOSS,HIGH,8,20,0.25,0.53125,5.5,0.0,6.5,0.0,2.0,2.0,7.25,0.46,0.24,0.29,2.0,7.25,7.25,1.0,0.75,2.0,0.0,0.0,11.5,42.6
NO_MEMORY,FAILURE_THRESHOLD,AVAILABILITY_LOSS,LOW,12,20,1.0,1.0,1.0,0.0,2.0,0.0,2.0,2.0,2.0,0.46,0.24,0.08,2.0,2.0,2.0,1.0,0.0,2.0,0.0,0.0,14.0,32.1
NO_MEMORY,FAILURE_THRESHOLD,AVAILABILITY_LOSS,LOW,4,20,1.0,1.0,1.0,0.0,2.0,0.0,2.0,2.0,2.0,0.46,0.24,0.08,2.0,2.0,2.0,1.0,0.0,2.0,0.0,0.0,6.0,32.1
NO_MEMORY,FAILURE_THRESHOLD,AVAILABILITY_LOSS,LOW,8,20,1.0,1.0,1.0,0.0,2.0,0.0,2.0,2.0,2.0,0.46,0.24,0.08,2.0,2.0,2.0,1.0,0.0,2.0,0.0,0.0,10.0,32.1
NO_MEMORY,FAILURE_THRESHOLD,CONTROL_FAILURE,HIGH,12,20,1.0,1.0,1.0,0.0,2.0,0.0,2.0,2.0,2.0,0.46,0.24,0.08,2.0,0.0,2.0,1.0,0.0,2.0,0.0,0.0,14.0,32.1
NO_MEMORY,FAILURE_THRESHOLD,CONTROL_FAILURE,HIGH,4,20,1.0,1.0,1.0,0.0,2.0,0.0,2.0,2.0,2.0,0.46,0.24,0.08,2.0,0.0,2.0,1.0,0.0,2.0,0.0,0.0,6.0,32.1
NO_MEMORY,FAILURE_THRESHOLD,CONTROL_FAILURE,HIGH,8,20,1.0,1.0,1.0,0.0,2.0,0.0,2.0,2.0,2.0,0.46,0.24,0.08,2.0,0.0,2.0,1.0,0.0,2.0,0.0,0.0,10.0,32.1
NO_MEMORY,FAILURE_THRESHOLD,CONTROL_FAILURE,LOW,12,20,1.0,1.0,0.0,0.0,8.0,0.0,1.0,1.0,1.0,0.23,0.12,0.04,0.0,0.0,1.0,0.0,0.0,1.0,0.0,0.0,13.0,16.05
NO_MEMORY,FAILURE_THRESHOLD,CONTROL_FAILURE,LOW,4,20,1.0,1.0,0.0,0.0,4.0,0.0,1.0,1.0,1.0,0.23,0.12,0.04,0.0,0.0,1.0,0.0,0.0,1.0,0.0,0.0,5.0,16.05
NO_MEMORY,FAILURE_THRESHOLD,CONTROL_FAILURE,LOW,8,20,1.0,1.0,0.0,0.0,6.0,0.0,1.0,1.0,1.0,0.23,0.12,0.04,0.0,0.0,1.0,0.0,0.0,1.0,0.0,0.0,9.0,16.05
NO_MEMORY,FAILURE_THRESHOLD,POSE_SHIFT,HIGH,12,20,1.0,1.0,1.0,0.0,2.0,0.0,2.0,2.0,2.0,0.46,0.24,0.08,2.0,2.0,2.0,1.0,0.0,2.0,0.0,0.0,14.0,32.1
NO_MEMORY,FAILURE_THRESHOLD,POSE_SHIFT,HIGH,4,20,1.0,1.0,1.0,0.0,2.0,0.0,2.0,2.0,2.0,0.46,0.24,0.08,2.0,2.0,2.0,1.0,0.0,2.0,0.0,0.0,6.0,32.1
NO_MEMORY,FAILURE_THRESHOLD,POSE_SHIFT,HIGH,8,20,1.0,1.0,1.0,0.0,2.0,0.0,2.0,2.0,2.0,0.46,0.24,0.08,2.0,2.0,2.0,1.0,0.0,2.0,0.0,0.0,10.0,32.1
NO_MEMORY,FAILURE_THRESHOLD,POSE_SHIFT,LOW,12,20,1.0,1.0,1.0,0.0,2.0,0.0,2.0,2.0,2.0,0.46,0.24,0.08,2.0,2.0,2.0,1.0,0.0,2.0,0.0,0.0,14.0,32.1
NO_MEMORY,FAILURE_THRESHOLD,POSE_SHIFT,LOW,4,20,1.0,1.0,1.0,0.0,2.0,0.0,2.0,2.0,2.0,0.46,0.24,0.08,2.0,2.0,2.0,1.0,0.0,2.0,0.0,0.0,6.0,32.1
NO_MEMORY,FAILURE_THRESHOLD,POSE_SHIFT,LOW,8,20,1.0,1.0,1.0,0.0,2.0,0.0,2.0,2.0,2.0,0.46,0.24,0.08,2.0,2.0,2.0,1.0,0.0,2.0,0.0,0.0,10.0,32.1
NO_MEMORY,FAILURE_THRESHOLD,RESTRICTION_CHANGE,HIGH,12,20,0.25,0.56250025,7.0,0.0,8.0,0.0,2.0,2.0,8.75,0.46,0.24,0.35,2.0,8.75,8.75,1.0,0.75,2.0,0.0,0.0,15.5,45.6
NO_MEMORY,FAILURE_THRESHOLD,RESTRICTION_CHANGE,HIGH,4,20,0.25,0.4375,4.0,0.0,5.0,0.0,2.0,2.0,5.75,0.46,0.24,0.23,2.0,5.75,5.75,1.0,0.75,2.0,0.0,0.0,7.5,39.6
NO_MEMORY,FAILURE_THRESHOLD,RESTRICTION_CHANGE,HIGH,8,20,0.25,0.53125,5.5,0.0,6.5,0.0,2.0,2.0,7.25,0.46,0.24,0.29,2.0,7.25,7.25,1.0,0.75,2.0,0.0,0.0,11.5,42.6
NO_MEMORY,FAILURE_THRESHOLD,RESTRICTION_CHANGE,LOW,12,20,1.0,1.0,1.0,0.0,2.0,0.0,2.0,2.0,2.0,0.46,0.24,0.08,2.0,2.0,2.0,1.0,0.0,2.0,0.0,0.0,14.0,32.1
NO_MEMORY,FAILURE_THRESHOLD,RESTRICTION_CHANGE,LOW,4,20,1.0,1.0,1.0,0.0,2.0,0.0,2.0,2.0,2.0,0.46,0.24,0.08,2.0,2.0,2.0,1.0,0.0,2.0,0.0,0.0,6.0,32.1
NO_MEMORY,FAILURE_THRESHOLD,RESTRICTION_CHANGE,LOW,8,20,1.0,1.0,1.0,0.0,2.0,0.0,2.0,2.0,2.0,0.46,0.24,0.08,2.0,2.0,2.0,1.0,0.0,2.0,0.0,0.0,10.0,32.1
NO_MEMORY,HYBRID,AVAILABILITY_LOSS,HIGH,12,20,0.25,0.56250025,4.25,1.25,4.25,2.0,7.5,5.5,9.25,1.725,0.66,0.37,1.5833335,9.25,9.25,0.0,0.75,7.5,0.0,0.0,16.0,115.875
NO_MEMORY,HYBRID,AVAILABILITY_LOSS,HIGH,4,20,0.25,0.4375,2.75,0.25,2.75,1.0,5.0,4.0,6.25,1.15,0.48,0.25,1.45833325,6.25,6.25,0.0,0.75,5.0,0.0,0.0,8.0,78.75
NO_MEMORY,HYBRID,AVAILABILITY_LOSS,HIGH,8,20,0.25,0.53125,3.25,1.25,4.25,1.0,5.75,4.75,7.5,1.3225,0.57,0.3,1.6875,7.5,7.5,0.0,0.75,5.75,0.0,0.0,11.75,91.7875
NO_MEMORY,HYBRID,AVAILABILITY_LOSS,LOW,12,20,1.0,1.0,1.0,2.0,1.0,1.0,5.0,4.0,2.0,1.15,0.48,0.08,1.0,2.0,2.0,0.0,0.0,5.0,0.0,0.0,14.0,70.25
NO_MEMORY,HYBRID,AVAILABILITY_LOSS,LOW,4,20,1.0,1.0,0.0,0.0,0.0,0.0,2.0,2.0,0.0,0.46,0.24,0.0,0.0,0.0,0.0,0.0,0.0,2.0,0.0,0.0,4.0,28.1
NO_MEMORY,HYBRID,AVAILABILITY_LOSS,LOW,8,20,1.0,1.0,1.0,2.0,2.0,1.0,5.0,4.0,3.0,1.15,0.48,0.12,1.5,3.0,3.0,0.0,0.0,5.0,0.0,0.0,11.0,72.25
NO_MEMORY,HYBRID,CONTROL_FAILURE,HIGH,12,20,1.0,1.0,1.0,4.0,2.0,2.0,6.0,4.0,3.0,1.38,0.48,0.12,2.0,0.0,3.0,0.0,0.0,6.0,0.0,0.0,15.0,82.3
NO_MEMORY,HYBRID,CONTROL_FAILURE,HIGH,4,20,1.0,1.0,0.0,0.0,1.0,0.0,2.0,2.0,1.0,0.46,0.24,0.04,1.0,0.0,1.0,0.0,0.0,2.0,0.0,0.0,5.0,30.1
NO_MEMORY,HYBRID,CONTROL_FAILURE,HIGH,8,20,1.0,1.0,1.0,2.0,2.0,1.0,5.0,4.0,3.0,1.15,0.48,0.12,1.5,0.0,3.0,0.0,0.0,5.0,0.0,0.0,11.0,72.25
NO_MEMORY,HYBRID,CONTROL_FAILURE,LOW,12,20,1.0,1.0,0.0,4.0,1.0,2.0,5.0,3.0,1.0,1.15,0.36,0.04,2.0,0.0,1.0,0.0,0.0,5.0,0.0,0.0,13.0,64.25
NO_MEMORY,HYBRID,CONTROL_FAILURE,LOW,4,20,1.0,1.0,0.0,0.0,1.0,0.0,2.0,2.0,1.0,0.46,0.24,0.04,1.0,0.0,1.0,0.0,0.0,2.0,0.0,0.0,5.0,30.1
NO_MEMORY,HYBRID,CONTROL_FAILURE,LOW,8,20,1.0,1.0,0.0,2.0,1.0,1.0,4.0,3.0,1.0,0.92,0.36,0.04,1.0,0.0,1.0,0.0,0.0,4.0,0.0,0.0,9.0,54.2
NO_MEMORY,HYBRID,POSE_SHIFT,HIGH,12,20,1.0,1.0,1.0,2.0,1.0,1.0,5.0,4.0,2.0,1.15,0.48,0.08,1.0,2.0,2.0,0.0,0.0,5.0,0.0,0.0,14.0,70.25
NO_MEMORY,HYBRID,POSE_SHIFT,HIGH,4,20,1.0,1.0,0.0,0.0,0.0,0.0,2.0,2.0,0.0,0.46,0.24,0.0,0.0,0.0,0.0,0.0,0.0,2.0,0.0,0.0,4.0,28.1
NO_MEMORY,HYBRID,POSE_SHIFT,HIGH,8,20,1.0,1.0,1.0,2.0,2.0,1.0,5.0,4.0,3.0,1.15,0.48,0.12,1.5,3.0,3.0,0.0,0.0,5.0,0.0,0.0,11.0,72.25
NO_MEMORY,HYBRID,POSE_SHIFT,LOW,12,20,1.0,1.0,1.0,2.0,1.0,1.0,5.0,4.0,2.0,1.15,0.48,0.08,1.0,2.0,2.0,0.0,0.0,5.0,0.0,0.0,14.0,70.25
NO_MEMORY,HYBRID,POSE_SHIFT,LOW,4,20,1.0,1.0,0.0,0.0,0.0,0.0,2.0,2.0,0.0,0.46,0.24,0.0,0.0,0.0,0.0,0.0,0.0,2.0,0.0,0.0,4.0,28.1
NO_MEMORY,HYBRID,POSE_SHIFT,LOW,8,20,1.0,1.0,1.0,2.0,2.0,1.0,5.0,4.0,3.0,1.15,0.48,0.12,1.5,3.0,3.0,0.0,0.0,5.0,0.0,0.0,11.0,72.25
NO_MEMORY,HYBRID,RESTRICTION_CHANGE,HIGH,12,20,0.25,0.56250025,4.25,1.25,4.25,2.0,7.5,5.5,9.25,1.725,0.66,0.37,1.5833335,9.25,9.25,0.0,0.75,7.5,0.0,0.0,16.0,115.875
NO_MEMORY,HYBRID,RESTRICTION_CHANGE,HIGH,4,20,0.25,0.4375,2.75,0.25,2.75,1.0,5.0,4.0,6.25,1.15,0.48,0.25,1.45833325,6.25,6.25,0.0,0.75,5.0,0.0,0.0,8.0,78.75
NO_MEMORY,HYBRID,RESTRICTION_CHANGE,HIGH,8,20,0.25,0.53125,3.25,1.25,4.25,1.0,5.75,4.75,7.5,1.3225,0.57,0.3,1.6875,7.5,7.5,0.0,0.75,5.75,0.0,0.0,11.75,91.7875
NO_MEMORY,HYBRID,RESTRICTION_CHANGE,LOW,12,20,1.0,1.0,1.0,2.0,1.0,1.0,5.0,4.0,2.0,1.15,0.48,0.08,1.0,2.0,2.0,0.0,0.0,5.0,0.0,0.0,14.0,70.25
NO_MEMORY,HYBRID,RESTRICTION_CHANGE,LOW,4,20,1.0,1.0,0.0,0.0,0.0,0.0,2.0,2.0,0.0,0.46,0.24,0.0,0.0,0.0,0.0,0.0,0.0,2.0,0.0,0.0,4.0,28.1
NO_MEMORY,HYBRID,RESTRICTION_CHANGE,LOW,8,20,1.0,1.0,1.0,2.0,2.0,1.0,5.0,4.0,3.0,1.15,0.48,0.12,1.5,3.0,3.0,0.0,0.0,5.0,0.0,0.0,11.0,72.25
NO_MEMORY,NO_REPLAN,AVAILABILITY_LOSS,HIGH,12,20,0.0,0.416667,10.0,0.0,11.0,0.0,1.0,1.0,11.0,0.23,0.12,0.44,0.0,11.0,11.0,0.0,1.0,1.0,0.0,0.0,16.0,36.05
NO_MEMORY,NO_REPLAN,AVAILABILITY_LOSS,HIGH,4,20,0.0,0.25,6.0,0.0,7.0,0.0,1.0,1.0,7.0,0.23,0.12,0.28,0.0,7.0,7.0,0.0,1.0,1.0,0.0,0.0,8.0,28.05
NO_MEMORY,NO_REPLAN,AVAILABILITY_LOSS,HIGH,8,20,0.0,0.375,8.0,0.0,9.0,0.0,1.0,1.0,9.0,0.23,0.12,0.36,0.0,9.0,9.0,0.0,1.0,1.0,0.0,0.0,12.0,32.05
NO_MEMORY,NO_REPLAN,AVAILABILITY_LOSS,LOW,12,20,0.0,0.416667,10.0,0.0,11.0,0.0,1.0,1.0,11.0,0.23,0.12,0.44,0.0,11.0,11.0,0.0,1.0,1.0,0.0,0.0,16.0,36.05
NO_MEMORY,NO_REPLAN,AVAILABILITY_LOSS,LOW,4,20,0.0,0.25,6.0,0.0,7.0,0.0,1.0,1.0,7.0,0.23,0.12,0.28,0.0,7.0,7.0,0.0,1.0,1.0,0.0,0.0,8.0,28.05
NO_MEMORY,NO_REPLAN,AVAILABILITY_LOSS,LOW,8,20,0.0,0.375,8.0,0.0,9.0,0.0,1.0,1.0,9.0,0.23,0.12,0.36,0.0,9.0,9.0,0.0,1.0,1.0,0.0,0.0,12.0,32.05
NO_MEMORY,NO_REPLAN,CONTROL_FAILURE,HIGH,12,20,1.0,1.0,2.0,0.0,10.0,0.0,1.0,1.0,3.0,0.23,0.12,0.12,0.0,0.0,3.0,0.0,0.0,1.0,0.0,0.0,15.0,20.05
NO_MEMORY,NO_REPLAN,CONTROL_FAILURE,HIGH,4,20,1.0,1.0,2.0,0.0,6.0,0.0,1.0,1.0,3.0,0.23,0.12,0.12,0.0,0.0,3.0,0.0,0.0,1.0,0.0,0.0,7.0,20.05
NO_MEMORY,NO_REPLAN,CONTROL_FAILURE,HIGH,8,20,1.0,1.0,2.0,0.0,8.0,0.0,1.0,1.0,3.0,0.23,0.12,0.12,0.0,0.0,3.0,0.0,0.0,1.0,0.0,0.0,11.0,20.05
NO_MEMORY,NO_REPLAN,CONTROL_FAILURE,LOW,12,20,1.0,1.0,0.0,0.0,8.0,0.0,1.0,1.0,1.0,0.23,0.12,0.04,0.0,0.0,1.0,0.0,0.0,1.0,0.0,0.0,13.0,16.05
NO_MEMORY,NO_REPLAN,CONTROL_FAILURE,LOW,4,20,1.0,1.0,0.0,0.0,4.0,0.0,1.0,1.0,1.0,0.23,0.12,0.04,0.0,0.0,1.0,0.0,0.0,1.0,0.0,0.0,5.0,16.05
NO_MEMORY,NO_REPLAN,CONTROL_FAILURE,LOW,8,20,1.0,1.0,0.0,0.0,6.0,0.0,1.0,1.0,1.0,0.23,0.12,0.04,0.0,0.0,1.0,0.0,0.0,1.0,0.0,0.0,9.0,16.05
NO_MEMORY,NO_REPLAN,POSE_SHIFT,HIGH,12,20,0.0,0.416667,10.0,0.0,11.0,0.0,1.0,1.0,11.0,0.23,0.12,0.44,0.0,11.0,11.0,0.0,1.0,1.0,0.0,0.0,16.0,36.05
NO_MEMORY,NO_REPLAN,POSE_SHIFT,HIGH,4,20,0.0,0.25,6.0,0.0,7.0,0.0,1.0,1.0,7.0,0.23,0.12,0.28,0.0,7.0,7.0,0.0,1.0,1.0,0.0,0.0,8.0,28.05
NO_MEMORY,NO_REPLAN,POSE_SHIFT,HIGH,8,20,0.0,0.375,8.0,0.0,9.0,0.0,1.0,1.0,9.0,0.23,0.12,0.36,0.0,9.0,9.0,0.0,1.0,1.0,0.0,0.0,12.0,32.05
NO_MEMORY,NO_REPLAN,POSE_SHIFT,LOW,12,20,0.0,0.416667,10.0,0.0,11.0,0.0,1.0,1.0,11.0,0.23,0.12,0.44,0.0,11.0,11.0,0.0,1.0,1.0,0.0,0.0,16.0,36.05
NO_MEMORY,NO_REPLAN,POSE_SHIFT,LOW,4,20,0.0,0.25,6.0,0.0,7.0,0.0,1.0,1.0,7.0,0.23,0.12,0.28,0.0,7.0,7.0,0.0,1.0,1.0,0.0,0.0,8.0,28.05
NO_MEMORY,NO_REPLAN,POSE_SHIFT,LOW,8,20,0.0,0.375,8.0,0.0,9.0,0.0,1.0,1.0,9.0,0.23,0.12,0.36,0.0,9.0,9.0,0.0,1.0,1.0,0.0,0.0,12.0,32.05
NO_MEMORY,NO_REPLAN,RESTRICTION_CHANGE,HIGH,12,20,0.0,0.416667,10.0,0.0,11.0,0.0,1.0,1.0,11.0,0.23,0.12,0.44,0.0,11.0,11.0,0.0,1.0,1.0,0.0,0.0,16.0,36.05
NO_MEMORY,NO_REPLAN,RESTRICTION_CHANGE,HIGH,4,20,0.0,0.25,6.0,0.0,7.0,0.0,1.0,1.0,7.0,0.23,0.12,0.28,0.0,7.0,7.0,0.0,1.0,1.0,0.0,0.0,8.0,28.05
NO_MEMORY,NO_REPLAN,RESTRICTION_CHANGE,HIGH,8,20,0.0,0.375,8.0,0.0,9.0,0.0,1.0,1.0,9.0,0.23,0.12,0.36,0.0,9.0,9.0,0.0,1.0,1.0,0.0,0.0,12.0,32.05
NO_MEMORY,NO_REPLAN,RESTRICTION_CHANGE,LOW,12,20,0.0,0.416667,10.0,0.0,11.0,0.0,1.0,1.0,11.0,0.23,0.12,0.44,0.0,11.0,11.0,0.0,1.0,1.0,0.0,0.0,16.0,36.05
NO_MEMORY,NO_REPLAN,RESTRICTION_CHANGE,LOW,4,20,0.0,0.25,6.0,0.0,7.0,0.0,1.0,1.0,7.0,0.23,0.12,0.28,0.0,7.0,7.0,0.0,1.0,1.0,0.0,0.0,8.0,28.05
NO_MEMORY,NO_REPLAN,RESTRICTION_CHANGE,LOW,8,20,0.0,0.375,8.0,0.0,9.0,0.0,1.0,1.0,9.0,0.23,0.12,0.36,0.0,9.0,9.0,0.0,1.0,1.0,0.0,0.0,12.0,32.05
NO_MEMORY,PERIODIC_ONLY,AVAILABILITY_LOSS,HIGH,12,20,0.0,0.5208335,6.25,1.25,6.25,2.0,6.0,4.0,9.75,1.38,0.48,0.39,2.1875,9.75,9.75,0.0,1.0,6.0,0.0,0.0,16.0,95.8
NO_MEMORY,PERIODIC_ONLY,AVAILABILITY_LOSS,HIGH,4,20,0.25,0.4375,3.0,0.0,4.0,0.0,2.75,2.75,5.5,0.6325,0.33,0.22,1.75,5.5,5.5,0.0,0.75,2.75,0.0,0.0,7.25,49.6375
NO_MEMORY,PERIODIC_ONLY,AVAILABILITY_LOSS,HIGH,8,20,0.0,0.5,4.5,1.25,5.5,1.0,5.0,4.0,8.0,1.15,0.48,0.32,2.62500025,8.0,8.0,0.0,1.0,5.0,0.0,0.0,12.0,82.25
NO_MEMORY,PERIODIC_ONLY,AVAILABILITY_LOSS,LOW,12,20,0.0,0.916667,3.0,3.0,3.0,1.0,6.0,5.0,5.0,1.38,0.6,0.2,1.5,5.0,5.0,0.0,1.0,6.0,0.0,0.0,16.0,90.3
NO_MEMORY,PERIODIC_ONLY,AVAILABILITY_LOSS,LOW,4,20,1.0,1.0,0.0,0.0,1.0,0.0,2.0,2.0,1.0,0.46,0.24,0.04,1.0,1.0,1.0,0.0,0.0,2.0,0.0,0.0,5.0,30.1
NO_MEMORY,PERIODIC_ONLY,AVAILABILITY_LOSS,LOW,8,20,0.0,0.875,3.0,2.0,4.0,1.0,5.0,4.0,5.0,1.15,0.48,0.2,2.5,5.0,5.0,0.0,1.0,5.0,0.0,0.0,12.0,76.25
NO_MEMORY,PERIODIC_ONLY,CONTROL_FAILURE,HIGH,12,20,1.0,1.0,2.0,4.0,2.0,3.0,6.0,3.0,3.0,1.38,0.36,0.12,3.0,0.0,3.0,0.0,0.0,6.0,0.0,0.0,15.0,78.3
NO_MEMORY,PERIODIC_ONLY,CONTROL_FAILURE,HIGH,4,20,1.0,1.0,0.0,0.0,1.0,0.0,2.0,2.0,1.0,0.46,0.24,0.04,1.0,0.0,1.0,0.0,0.0,2.0,0.0,0.0,5.0,30.1
NO_MEMORY,PERIODIC_ONLY,CONTROL_FAILURE,HIGH,8,20,1.0,1.0,1.0,2.0,4.0,1.0,4.0,3.0,3.0,0.92,0.36,0.12,2.0,0.0,3.0,0.0,0.0,4.0,0.0,0.0,11.0,58.2
NO_MEMORY,PERIODIC_ONLY,CONTROL_FAILURE,LOW,12,20,1.0,1.0,0.0,4.0,2.0,2.0,5.0,3.0,1.0,1.15,0.36,0.04,3.0,0.0,1.0,0.0,0.0,5.0,0.0,0.0,13.0,64.25
NO_MEMORY,PERIODIC_ONLY,CONTROL_FAILURE,LOW,4,20,1.0,1.0,0.0,0.0,1.0,0.0,2.0,2.0,1.0,0.46,0.24,0.04,1.0,0.0,1.0,0.0,0.0,2.0,0.0,0.0,5.0,30.1
NO_MEMORY,PERIODIC_ONLY,CONTROL_FAILURE,LOW,8,20,1.0,1.0,0.0,3.0,2.0,1.0,4.0,3.0,1.0,0.92,0.36,0.04,2.0,0.0,1.0,0.0,0.0,4.0,0.0,0.0,9.0,54.2
NO_MEMORY,PERIODIC_ONLY,POSE_SHIFT,HIGH,12,20,0.0,0.916667,3.0,3.0,3.0,1.0,6.0,5.0,5.0,1.38,0.6,0.2,1.5,5.0,5.0,0.0,1.0,6.0,0.0,0.0,16.0,90.3
NO_MEMORY,PERIODIC_ONLY,POSE_SHIFT,HIGH,4,20,1.0,1.0,0.0,0.0,1.0,0.0,2.0,2.0,1.0,0.46,0.24,0.04,1.0,1.0,1.0,0.0,0.0,2.0,0.0,0.0,5.0,30.1
NO_MEMORY,PERIODIC_ONLY,POSE_SHIFT,HIGH,8,20,0.0,0.875,3.0,2.0,4.0,1.0,5.0,4.0,5.0,1.15,0.48,0.2,2.5,5.0,5.0,0.0,1.0,5.0,0.0,0.0,12.0,76.25
NO_MEMORY,PERIODIC_ONLY,POSE_SHIFT,LOW,12,20,0.0,0.916667,3.0,3.0,3.0,1.0,6.0,5.0,5.0,1.38,0.6,0.2,1.5,5.0,5.0,0.0,1.0,6.0,0.0,0.0,16.0,90.3
NO_MEMORY,PERIODIC_ONLY,POSE_SHIFT,LOW,4,20,1.0,1.0,0.0,0.0,1.0,0.0,2.0,2.0,1.0,0.46,0.24,0.04,1.0,1.0,1.0,0.0,0.0,2.0,0.0,0.0,5.0,30.1
NO_MEMORY,PERIODIC_ONLY,POSE_SHIFT,LOW,8,20,0.0,0.875,3.0,2.0,4.0,1.0,5.0,4.0,5.0,1.15,0.48,0.2,2.5,5.0,5.0,0.0,1.0,5.0,0.0,0.0,12.0,76.25
NO_MEMORY,PERIODIC_ONLY,RESTRICTION_CHANGE,HIGH,12,20,0.0,0.5208335,6.25,1.25,6.25,2.0,6.0,4.0,9.75,1.38,0.48,0.39,2.1875,9.75,9.75,0.0,1.0,6.0,0.0,0.0,16.0,95.8
NO_MEMORY,PERIODIC_ONLY,RESTRICTION_CHANGE,HIGH,4,20,0.25,0.4375,3.0,0.0,4.0,0.0,2.75,2.75,5.5,0.6325,0.33,0.22,1.75,5.5,5.5,0.0,0.75,2.75,0.0,0.0,7.25,49.6375
NO_MEMORY,PERIODIC_ONLY,RESTRICTION_CHANGE,HIGH,8,20,0.0,0.5,4.5,1.25,5.5,1.0,5.0,4.0,8.0,1.15,0.48,0.32,2.62500025,8.0,8.0,0.0,1.0,5.0,0.0,0.0,12.0,82.25
NO_MEMORY,PERIODIC_ONLY,RESTRICTION_CHANGE,LOW,12,20,0.0,0.916667,3.0,3.0,3.0,1.0,6.0,5.0,5.0,1.38,0.6,0.2,1.5,5.0,5.0,0.0,1.0,6.0,0.0,0.0,16.0,90.3
NO_MEMORY,PERIODIC_ONLY,RESTRICTION_CHANGE,LOW,4,20,1.0,1.0,0.0,0.0,1.0,0.0,2.0,2.0,1.0,0.46,0.24,0.04,1.0,1.0,1.0,0.0,0.0,2.0,0.0,0.0,5.0,30.1
NO_MEMORY,PERIODIC_ONLY,RESTRICTION_CHANGE,LOW,8,20,0.0,0.875,3.0,2.0,4.0,1.0,5.0,4.0,5.0,1.15,0.48,0.2,2.5,5.0,5.0,0.0,1.0,5.0,0.0,0.0,12.0,76.25
