storage_variant,trigger_policy,quality_id,effective_n,estimate,ci_low,ci_high,draw_indices_sha256
LIVE_BELIEF,EVENT_DRIVEN,Q00_CLEAN,12,1.0,1.0,1.0,e25260e64229797b39a95de4662b63b7fa9917117d20faee6ae5c0ef90843ea9
LIVE_BELIEF,EVENT_DRIVEN,Q01_RECALL75,12,0.812985,0.770833,0.857639,dee0d68a3620e7eb958be7a16b120cd8b92c43ba766361077b388bb3d1bb94f1
LIVE_BELIEF,EVENT_DRIVEN,Q02_RECALL50,12,0.659556,0.600694,0.71875,884a682d1f2428aa2c9b4cfa48dcd1f2010610ac62ee96df5ac7dec37106de8a
LIVE_BELIEF,EVENT_DRIVEN,Q03_RECALL25,12,0.503118,0.447917,0.5625,8ee079dbb875ad5966dcd2c6e969c950dc670f02f7fd03cec334714ad04509aa
LIVE_BELIEF,EVENT_DRIVEN,Q04_DELAY1,12,1.0,1.0,1.0,efe3585791dcf1188d5c9478cec968eadd06a030092e862462ea86da8c38fb57
LIVE_BELIEF,EVENT_DRIVEN,Q05_DELAY3,12,1.0,1.0,1.0,a2838cfc64d979bfd7e15e6f02638dee3a213520ce4f50da1b35eea78bd6a139
LIVE_BELIEF,EVENT_DRIVEN,Q06_FALSE3,12,1.0,1.0,1.0,a4ad0876455e0dfa29b1eefd60a099a319d6247a76ff3bb0689e2e1f033dea69
LIVE_BELIEF,EVENT_DRIVEN,Q07_DUP_OOO,12,1.0,1.0,1.0,7be78687bd3786e02893be7b9f70878aab0092c138eda8164995a04ed426f9f5
LIVE_BELIEF,EVENT_DRIVEN,Q08_GUARDED,12,0.812678,0.770833,0.857639,b1293e8b39b4f218a6c572816ed514a8e5da0647c184ca9ee880ed5e74b01df3
LIVE_BELIEF,EVENT_DRIVEN,Q09_HOSTILE,12,0.660247,0.600694,0.722222,54942c14daf726337e9138e1122780707697114e8363be7934eafc0c6142d6ab
LIVE_BELIEF,FAILURE_THRESHOLD,Q00_CLEAN,12,0.25,0.25,0.25,ccb199a3dc9e8f0e2469fcec2863920e405b993bd99e26403685cea083108a04
LIVE_BELIEF,FAILURE_THRESHOLD,Q01_RECALL75,12,0.25,0.25,0.25,2a490760919cd30971ba70c0ccddf68d0b7eb61d9fa49217027d4b2e643a938d
LIVE_BELIEF,FAILURE_THRESHOLD,Q02_RECALL50,12,0.25,0.25,0.25,9330b4b17893d089dda3a9e67260f6c5f6573da43816520e6096f6449f0e7682
LIVE_BELIEF,FAILURE_THRESHOLD,Q03_RECALL25,12,0.25,0.25,0.25,4d455e30d8e64dd7b2e57b7012aef3d841d28e2368ae5a1a85232f5794f80dc4
LIVE_BELIEF,FAILURE_THRESHOLD,Q04_DELAY1,12,0.25,0.25,0.25,399b6c025288fd9f3d29f1bbb1e9d07dc15fb934a9aecc9a9539a65e5be7d1f3
LIVE_BELIEF,FAILURE_THRESHOLD,Q05_DELAY3,12,1.0,1.0,1.0,74c76e343610218d20668e47b4f1f6ab84c1f21e0e3b2e91cbc3e75b7d61c867
LIVE_BELIEF,FAILURE_THRESHOLD,Q06_FALSE3,12,0.25,0.25,0.25,fb74864f90abf4ed34dcc9545c0ba9082dac48de69f3e466d063324bfd1b8444
LIVE_BELIEF,FAILURE_THRESHOLD,Q07_DUP_OOO,12,1.0,1.0,1.0,ef9382418c924af2586c0cb55c93a1e34286c2cf7dc8c27d8e13d97f77e2d179
LIVE_BELIEF,FAILURE_THRESHOLD,Q08_GUARDED,12,0.812549,0.770833,0.861111,5325b401987701bb06065a66c64e432ea1b85a453b9f3a4c8902c104f2fff085
LIVE_BELIEF,FAILURE_THRESHOLD,Q09_HOSTILE,12,0.25,0.25,0.25,8d7805d59f39dd35d27dba845d3330192a1665d18868ca737fb0ca761e47ea2c
LIVE_BELIEF,HYBRID,Q00_CLEAN,12,1.0,1.0,1.0,a49cd4375b0356e62a239ddeb5e29ba1f6478573d300b95d19b84775498807dc
LIVE_BELIEF,HYBRID,Q01_RECALL75,12,0.812402,0.770833,0.857639,878b0c5d39e07c65874b71d8191dd98bdb03f6c45759d8276a33984d23398278
LIVE_BELIEF,HYBRID,Q02_RECALL50,12,0.659827,0.600694,0.722222,7a69e5e828fddfdfbdec9dd5a5fae42cb53979d9aad56d06d7b0830945059838
LIVE_BELIEF,HYBRID,Q03_RECALL25,12,0.503886,0.447917,0.565972,8149292fbf4713da29f4c8298e56840d01e434a1777efcb9caa02d1701de6ca6
LIVE_BELIEF,HYBRID,Q04_DELAY1,12,1.0,1.0,1.0,cbff35fea84ae0aa96012e75f4b8172e427a4f19e4babd48127c6caef8d2363e
LIVE_BELIEF,HYBRID,Q05_DELAY3,12,1.0,1.0,1.0,eab85aec971649a50fa71aed7012825a6931c6ebac01e56f08f5cbc333887a85
LIVE_BELIEF,HYBRID,Q06_FALSE3,12,1.0,1.0,1.0,1b2a8c97850b842a2789d1bfac42aa8b61653b084fda3babedf913330525b70a
LIVE_BELIEF,HYBRID,Q07_DUP_OOO,12,1.0,1.0,1.0,7902cc8468b36217519dac94a5ca048ab67e7c5a8cd7504f93e0b5fd76ef0c31
LIVE_BELIEF,HYBRID,Q08_GUARDED,12,0.812285,0.770833,0.857639,9a55f3d15f9f8ce0f5710e144af4914fa13dbd8610bcdc9395dfc13d048cd784
LIVE_BELIEF,HYBRID,Q09_HOSTILE,12,0.399307,0.357639,0.4375,e2f1c6f619b8a2f1c7719b4f7c84bf7cffb5711bd5e089d21da5d3b7891a24a2
LIVE_BELIEF,PERIODIC_ONLY,Q00_CLEAN,12,0.5,0.5,0.5,4eef35a47680ced36b456fc47a866931fe45d5aad3b5f678020ca25adbcdb3ee
LIVE_BELIEF,PERIODIC_ONLY,Q01_RECALL75,12,0.441079,0.416667,0.465278,b8f269c8164539dcf37eb4e3b000ba2aca55ab983f3c5377a83b9de07eb3780f
LIVE_BELIEF,PERIODIC_ONLY,Q02_RECALL50,12,0.388756,0.361111,0.416667,fb1e03081d4b36ea455ebd28d2c1d7c130a2ac58541ad6edf50b1f678637d781
LIVE_BELIEF,PERIODIC_ONLY,Q03_RECALL25,12,0.333503,0.3125,0.354167,dd4e7994e36e8612969273cf7a91494ed992885d5b993f4ca971a0463fc48779
LIVE_BELIEF,PERIODIC_ONLY,Q04_DELAY1,12,0.5,0.5,0.5,bdd939e5ae23879c3e1bf0173a8c7176d5063aabf0dd76236e64a0cf58859b40
LIVE_BELIEF,PERIODIC_ONLY,Q05_DELAY3,12,0.5,0.5,0.5,85f2d87941a2493336bf2eeb7b73678105afaa0c2c01454028fcdedb7f370518
LIVE_BELIEF,PERIODIC_ONLY,Q06_FALSE3,12,0.5,0.5,0.5,0aa722185444be02f7da69974d8b5d331edecc8126042bb70cb9465e12517dd8
LIVE_BELIEF,PERIODIC_ONLY,Q07_DUP_OOO,12,0.75,0.75,0.75,5b3b0ba8486644812f06a4895a82177d267088d4fb47c3222c766130f35642c3
LIVE_BELIEF,PERIODIC_ONLY,Q08_GUARDED,12,0.621492,0.583333,0.659722,10a2e8cf15485c5826ec8f436cfbea01f829dd52d1122b2ea59dd0b3c87dc965
LIVE_BELIEF,PERIODIC_ONLY,Q09_HOSTILE,12,0.389081,0.361111,0.416667,f44ac87ae9b1fb77761f75bbcb84ec8eecc14e45c48425206f8c6033be577321
LIVE_EPISODIC,EVENT_DRIVEN,Q00_CLEAN,12,1.0,1.0,1.0,ad6450f9d62af00f0c666e3df04eb1cca7b791bdaf9d8808546e2b8cd665f111
LIVE_EPISODIC,EVENT_DRIVEN,Q01_RECALL75,12,0.812162,0.770833,0.857639,9962c979b5746ccccf6b7e41978024afe7003ddf4e44d5dd46b3fe6adb93fd0e
LIVE_EPISODIC,EVENT_DRIVEN,Q02_RECALL50,12,0.659909,0.600694,0.722222,d407515544828e3069b31f4b21d1d1bf55405960427f5afb719fc42767ff95fc
LIVE_EPISODIC,EVENT_DRIVEN,Q03_RECALL25,12,0.503802,0.447917,0.569444,bab19654effe1220022f14216b46b26ab29301ced6a61eeea92b1b2a504146e4
LIVE_EPISODIC,EVENT_DRIVEN,Q04_DELAY1,12,1.0,1.0,1.0,c01bcf38196e4b858549c9aa31792604aa04f1852fbf7a02b4874edc0ec8416c
LIVE_EPISODIC,EVENT_DRIVEN,Q05_DELAY3,12,1.0,1.0,1.0,77c24529a8808c8bdf2353669ee339feb1c8eba7c80d31c3dcde7cb71386aefb
LIVE_EPISODIC,EVENT_DRIVEN,Q06_FALSE3,12,1.0,1.0,1.0,ffd4c7060f45a148e35fa118e6c6734a239a4ab1cb10c3b7a12431edbfdf1921
LIVE_EPISODIC,EVENT_DRIVEN,Q07_DUP_OOO,12,1.0,1.0,1.0,8a6df5eaf560277c6c669ccbacd7c74a91b3dda510dc2b3bc5d781227a2eb67c
LIVE_EPISODIC,EVENT_DRIVEN,Q08_GUARDED,12,0.812336,0.770833,0.857639,13659395c192ce864a9f3642f9430d3914b35b42bc5891043a58a4c0e70bdf8c
LIVE_EPISODIC,EVENT_DRIVEN,Q09_HOSTILE,12,0.659691,0.600694,0.71875,ac27a9c83377a86f68c2848aa6b792b42ff7db535ba66de097996901dae6fea0
LIVE_EPISODIC,FAILURE_THRESHOLD,Q00_CLEAN,12,1.0,1.0,1.0,0fe417f31b6eaa443d9076d3196de0df98e8a573bab0ca262444bee4d238b1ea
LIVE_EPISODIC,FAILURE_THRESHOLD,Q01_RECALL75,12,1.0,1.0,1.0,0ef691f6aa70c2b9bd87e3fc1e51d85593566467856ce388f66868ac41f9cb61
LIVE_EPISODIC,FAILURE_THRESHOLD,Q02_RECALL50,12,1.0,1.0,1.0,6d34673691b9362e7b2118a6452bdba36007cbfc63f39ad25aac21a1c5ba5003
LIVE_EPISODIC,FAILURE_THRESHOLD,Q03_RECALL25,12,1.0,1.0,1.0,ced867dbec7a22ec7fdf24a2da2f6dc4212926be370033c161b8eb78c6048b57
LIVE_EPISODIC,FAILURE_THRESHOLD,Q04_DELAY1,12,1.0,1.0,1.0,258c261c0fb47d1b52ca36133d29dfcb771b01a604d7880326ee21127d628a6c
LIVE_EPISODIC,FAILURE_THRESHOLD,Q05_DELAY3,12,1.0,1.0,1.0,6c9d586514b842af38092c39b0dbbb5196025c3332e30a3328cc073204dcf2be
LIVE_EPISODIC,FAILURE_THRESHOLD,Q06_FALSE3,12,1.0,1.0,1.0,4b9e36138b1270ed8051698636894b78ed1a701fc4c5efb2388b2b6372ff3ebb
LIVE_EPISODIC,FAILURE_THRESHOLD,Q07_DUP_OOO,12,1.0,1.0,1.0,074e9e1e330a8299e0eb55c3d8d7663b070ba9d0f3b9844c6801f9af7211b051
LIVE_EPISODIC,FAILURE_THRESHOLD,Q08_GUARDED,12,1.0,1.0,1.0,a4a0fb033a6589d751603a3e83b26f4e22ca5e1e7334d160611498e76d61902f
LIVE_EPISODIC,FAILURE_THRESHOLD,Q09_HOSTILE,12,1.0,1.0,1.0,22694547d37f520ddd604e3d3e09914629c48806f54b7f91d894657d836f9981
LIVE_EPISODIC,HYBRID,Q00_CLEAN,12,1.0,1.0,1.0,a1cfdc04845d3040e933384e56f53e4f9c9dc6cca5163f9a0fd9a257df6c4c24
LIVE_EPISODIC,HYBRID,Q01_RECALL75,12,1.0,1.0,1.0,fe243199bb6fb22314525f7c287bfaa5883eb4f90f996da8dcadb18ea5030232
LIVE_EPISODIC,HYBRID,Q02_RECALL50,12,1.0,1.0,1.0,721e746dc731211dbb4ae12a266379e9389218c3484e5bfc8bd6b80b20f85a1c
LIVE_EPISODIC,HYBRID,Q03_RECALL25,12,1.0,1.0,1.0,0fedcae609a84e675db28d9fc54011f0162843748edc9cb13b8a5cdd244d75f3
LIVE_EPISODIC,HYBRID,Q04_DELAY1,12,1.0,1.0,1.0,4fd9386ab34d66a6c60b3000b533a4b6571d4dce0924a78d0e7e9159a2ebd178
LIVE_EPISODIC,HYBRID,Q05_DELAY3,12,1.0,1.0,1.0,99b1b219e02c871fb7d5073efb060fa2c91b1e87ce145d19423a5925af8f9485
LIVE_EPISODIC,HYBRID,Q06_FALSE3,12,1.0,1.0,1.0,3eb842b5dc6262df1953778d03a80e37d150954e779ab6b1bbf82224d47733a6
LIVE_EPISODIC,HYBRID,Q07_DUP_OOO,12,1.0,1.0,1.0,7875329ada61bca1b6046525dfc86ff6795b7abf0348d32ec766b05878f50db3
LIVE_EPISODIC,HYBRID,Q08_GUARDED,12,1.0,1.0,1.0,2e881d17a71611bec0978bf80944c722beda967b63187f8ae040ec87f5b12c19
LIVE_EPISODIC,HYBRID,Q09_HOSTILE,12,0.75,0.75,0.75,39bfdf280fe3876b663c2053ddd47378b16fc3cab1d1ce39aee85b42309b84bb
LIVE_EPISODIC,PERIODIC_ONLY,Q00_CLEAN,12,1.0,1.0,1.0,a1a6726f0328ee399a6c39d92bd69fab9faf8ac1430be8bcdc834eb25cfa6635
LIVE_EPISODIC,PERIODIC_ONLY,Q01_RECALL75,12,1.0,1.0,1.0,8bd5c0f240ea1e26537b6deccb5e92cd8de57fa3d68b1c3713501d6304b9feb6
LIVE_EPISODIC,PERIODIC_ONLY,Q02_RECALL50,12,1.0,1.0,1.0,e4a3247b54ffe989017ad62c6a65ddd1e0f3ea01a6d09c7c8b983e6325cb2706
LIVE_EPISODIC,PERIODIC_ONLY,Q03_RECALL25,12,1.0,1.0,1.0,043ef58c97887ee66e31501be21c140d1ca06e776272e26f53d4d8aa6e1dd5d4
LIVE_EPISODIC,PERIODIC_ONLY,Q04_DELAY1,12,1.0,1.0,1.0,a57941c208914294b74f66fa6a5cfa5a0ec32d9dda10feed00158ef3ef266c55
LIVE_EPISODIC,PERIODIC_ONLY,Q05_DELAY3,12,1.0,1.0,1.0,07e7b0fcceea169c1d5faeef52de9b1b47cde51cfd3a99a02a517e0c03aece7b
LIVE_EPISODIC,PERIODIC_ONLY,Q06_FALSE3,12,1.0,1.0,1.0,a65d79e0d763b4e5003ced45f6439fdc58dff4b84fae177867be08791ab5b111
LIVE_EPISODIC,PERIODIC_ONLY,Q07_DUP_OOO,12,1.0,1.0,1.0,1beb3f4c448f1fd84fdd0649be7472ec24d713f04a29d8827710102de27704f3
LIVE_EPISODIC,PERIODIC_ONLY,Q08_GUARDED,12,1.0,1.0,1.0,d42a50fe9c09866b144af1ad9a84b080333758d4be855a487e5e3f3faa7d62fa
LIVE_EPISODIC,PERIODIC_ONLY,Q09_HOSTILE,12,0.5,0.5,0.5,d05ce1d522e3db101be36fdaf092059f14bf288a8a0a3f0c5a6e436ecc49432a
