seed,variant_id,correctness,adverse_composite,semantic_mutation_correctness,history_correctness,stale_action_rate,invalid_target_rate,repeated_failed_target_rate,unnecessary_scan_rate,failure_explanation_accuracy,context_facts_mean,context_bytes_mean,control_correctness
20263001,FIXED_M5,0.25,0.3333333333333333,0.25,0.16666666666666666,0.0,1.0,0.0,0.08333333333333333,0.3333333333333333,16.0,1316.0,1.0
20263001,LIVE_SEMANTIC,0.25,0.3333333333333333,0.25,0.16666666666666666,0.0,1.0,0.0,0.08333333333333333,0.3333333333333333,16.0,1316.6666666666667,1.0
20263001,LIVE_EPISODIC,0.4166666666666667,0.3333333333333333,0.4166666666666667,0.5,0.0,1.0,0.0,0.08333333333333333,1.0,16.666666666666668,1421.3333333333333,1.0
20263001,LIVE_SEPARATE,0.4166666666666667,0.3333333333333333,0.4166666666666667,0.5,0.0,1.0,0.0,0.08333333333333333,1.0,16.666666666666668,1422.0,1.0
20263002,FIXED_M5,0.25,0.3333333333333333,0.25,0.16666666666666666,0.0,1.0,0.0,0.08333333333333333,0.3333333333333333,16.0,1319.0,1.0
20263002,LIVE_SEMANTIC,0.25,0.3333333333333333,0.25,0.16666666666666666,0.0,1.0,0.0,0.08333333333333333,0.3333333333333333,16.0,1318.3333333333333,1.0
20263002,LIVE_EPISODIC,0.4166666666666667,0.3333333333333333,0.4166666666666667,0.5,0.0,1.0,0.0,0.08333333333333333,1.0,16.666666666666668,1421.6666666666667,1.0
20263002,LIVE_SEPARATE,0.4166666666666667,0.3333333333333333,0.4166666666666667,0.5,0.0,1.0,0.0,0.08333333333333333,1.0,16.666666666666668,1421.0,1.0
20263003,FIXED_M5,0.4166666666666667,0.2222222222222222,0.4166666666666667,0.3333333333333333,0.0,0.6666666666666666,0.0,0.08333333333333333,0.3333333333333333,16.0,1317.0,1.0
20263003,LIVE_SEMANTIC,0.5,0.2222222222222222,0.5,0.3333333333333333,0.0,0.6666666666666666,0.0,0.0,0.3333333333333333,16.0,1317.6666666666667,1.0
20263003,LIVE_EPISODIC,0.5833333333333334,0.2222222222222222,0.5833333333333334,0.6666666666666666,0.0,0.6666666666666666,0.0,0.08333333333333333,1.0,16.666666666666668,1419.6666666666667,1.0
20263003,LIVE_SEPARATE,0.6666666666666666,0.2222222222222222,0.6666666666666666,0.6666666666666666,0.0,0.6666666666666666,0.0,0.0,1.0,16.666666666666668,1420.3333333333333,1.0
20263004,FIXED_M5,0.4166666666666667,0.2222222222222222,0.4166666666666667,0.3333333333333333,0.0,0.6666666666666666,0.0,0.08333333333333333,0.3333333333333333,16.0,1317.0,1.0
20263004,LIVE_SEMANTIC,0.75,0.1111111111111111,0.75,0.5,0.0,0.0,0.3333333333333333,0.0,0.3333333333333333,16.0,1317.3333333333333,1.0
20263004,LIVE_EPISODIC,0.5833333333333334,0.2222222222222222,0.5833333333333334,0.6666666666666666,0.0,0.6666666666666666,0.0,0.08333333333333333,1.0,16.666666666666668,1419.6666666666667,1.0
20263004,LIVE_SEPARATE,1.0,0.0,1.0,1.0,0.0,0.0,0.0,0.0,1.0,16.666666666666668,1420.0,1.0
20263005,FIXED_M5,0.4166666666666667,0.2222222222222222,0.4166666666666667,0.3333333333333333,0.0,0.6666666666666666,0.0,0.08333333333333333,0.3333333333333333,16.0,1317.0,1.0
20263005,LIVE_SEMANTIC,0.75,0.1111111111111111,0.75,0.5,0.0,0.0,0.3333333333333333,0.0,0.3333333333333333,16.0,1317.6666666666667,1.0
20263005,LIVE_EPISODIC,0.5833333333333334,0.2222222222222222,0.5833333333333334,0.6666666666666666,0.0,0.6666666666666666,0.0,0.08333333333333333,1.0,16.666666666666668,1422.3333333333333,1.0
20263005,LIVE_SEPARATE,1.0,0.0,1.0,1.0,0.0,0.0,0.0,0.0,1.0,16.666666666666668,1423.0,1.0
20263006,FIXED_M5,0.25,0.3333333333333333,0.25,0.16666666666666666,0.0,1.0,0.0,0.08333333333333333,0.3333333333333333,16.0,1316.0,1.0
20263006,LIVE_SEMANTIC,0.4166666666666667,0.2222222222222222,0.4166666666666667,0.3333333333333333,0.0,0.6666666666666666,0.0,0.08333333333333333,0.3333333333333333,16.0,1316.0,1.0
20263006,LIVE_EPISODIC,0.4166666666666667,0.3333333333333333,0.4166666666666667,0.5,0.0,1.0,0.0,0.08333333333333333,1.0,16.666666666666668,1418.6666666666667,1.0
20263006,LIVE_SEPARATE,0.5833333333333334,0.2222222222222222,0.5833333333333334,0.6666666666666666,0.0,0.6666666666666666,0.0,0.08333333333333333,1.0,16.666666666666668,1418.6666666666667,1.0
20263007,FIXED_M5,0.25,0.3333333333333333,0.25,0.16666666666666666,0.0,1.0,0.0,0.08333333333333333,0.3333333333333333,16.0,1316.0,1.0
20263007,LIVE_SEMANTIC,0.6666666666666666,0.2222222222222222,0.6666666666666666,0.3333333333333333,0.0,0.0,0.6666666666666666,0.0,0.3333333333333333,16.0,1319.0,1.0
20263007,LIVE_EPISODIC,0.4166666666666667,0.3333333333333333,0.4166666666666667,0.5,0.0,1.0,0.0,0.08333333333333333,1.0,16.666666666666668,1418.6666666666667,1.0
20263007,LIVE_SEPARATE,1.0,0.0,1.0,1.0,0.0,0.0,0.0,0.0,1.0,16.666666666666668,1421.6666666666667,1.0
20263008,FIXED_M5,0.25,0.3333333333333333,0.25,0.16666666666666666,0.0,1.0,0.0,0.08333333333333333,0.3333333333333333,16.0,1316.0,1.0
20263008,LIVE_SEMANTIC,0.5833333333333334,0.3333333333333333,0.5833333333333334,0.3333333333333333,0.0,0.3333333333333333,0.6666666666666666,0.0,0.3333333333333333,16.0,1314.6666666666667,1.0
20263008,LIVE_EPISODIC,0.4166666666666667,0.3333333333333333,0.4166666666666667,0.5,0.0,1.0,0.0,0.08333333333333333,1.0,16.666666666666668,1418.6666666666667,1.0
20263008,LIVE_SEPARATE,0.8333333333333334,0.05555555555555555,0.8333333333333334,0.8333333333333334,0.0,0.16666666666666666,0.0,0.0,1.0,16.666666666666668,1417.3333333333333,1.0
20263009,FIXED_M5,0.25,0.3333333333333333,0.25,0.16666666666666666,0.0,1.0,0.0,0.08333333333333333,0.3333333333333333,16.0,1316.0,1.0
20263009,LIVE_SEMANTIC,0.6666666666666666,0.2222222222222222,0.6666666666666666,0.3333333333333333,0.0,0.0,0.6666666666666666,0.0,0.3333333333333333,16.0,1317.6666666666667,1.0
20263009,LIVE_EPISODIC,0.4166666666666667,0.3333333333333333,0.4166666666666667,0.5,0.0,1.0,0.0,0.08333333333333333,1.0,16.666666666666668,1418.6666666666667,1.0
20263009,LIVE_SEPARATE,1.0,0.0,1.0,1.0,0.0,0.0,0.0,0.0,1.0,16.666666666666668,1420.3333333333333,1.0
20263010,FIXED_M5,0.25,0.3333333333333333,0.25,0.16666666666666666,0.0,1.0,0.0,0.08333333333333333,0.3333333333333333,16.0,1318.0,1.0
20263010,LIVE_SEMANTIC,0.75,0.1111111111111111,0.75,0.5,0.0,0.0,0.3333333333333333,0.0,0.3333333333333333,16.0,1318.0,1.0
20263010,LIVE_EPISODIC,0.4166666666666667,0.3333333333333333,0.4166666666666667,0.5,0.0,1.0,0.0,0.08333333333333333,1.0,16.666666666666668,1420.6666666666667,1.0
20263010,LIVE_SEPARATE,1.0,0.0,1.0,1.0,0.0,0.0,0.0,0.0,1.0,16.666666666666668,1420.6666666666667,1.0
20263011,FIXED_M5,0.25,0.3333333333333333,0.25,0.16666666666666666,0.0,1.0,0.0,0.08333333333333333,0.3333333333333333,16.0,1318.0,1.0
20263011,LIVE_SEMANTIC,0.75,0.1111111111111111,0.75,0.5,0.0,0.0,0.3333333333333333,0.0,0.3333333333333333,16.0,1317.3333333333333,1.0
20263011,LIVE_EPISODIC,0.4166666666666667,0.3333333333333333,0.4166666666666667,0.5,0.0,1.0,0.0,0.08333333333333333,1.0,16.666666666666668,1420.6666666666667,1.0
20263011,LIVE_SEPARATE,1.0,0.0,1.0,1.0,0.0,0.0,0.0,0.0,1.0,16.666666666666668,1420.0,1.0
20263012,FIXED_M5,0.25,0.3333333333333333,0.25,0.16666666666666666,0.0,1.0,0.0,0.08333333333333333,0.3333333333333333,16.0,1316.0,1.0
20263012,LIVE_SEMANTIC,0.6666666666666666,0.2222222222222222,0.6666666666666666,0.3333333333333333,0.0,0.0,0.6666666666666666,0.0,0.3333333333333333,16.0,1318.3333333333333,1.0
20263012,LIVE_EPISODIC,0.4166666666666667,0.3333333333333333,0.4166666666666667,0.5,0.0,1.0,0.0,0.08333333333333333,1.0,16.666666666666668,1418.6666666666667,1.0
20263012,LIVE_SEPARATE,1.0,0.0,1.0,1.0,0.0,0.0,0.0,0.0,1.0,16.666666666666668,1421.0,1.0
20263013,FIXED_M5,0.4166666666666667,0.2222222222222222,0.4166666666666667,0.3333333333333333,0.0,0.6666666666666666,0.0,0.08333333333333333,0.3333333333333333,16.0,1318.0,1.0
20263013,LIVE_SEMANTIC,0.5,0.2222222222222222,0.5,0.3333333333333333,0.0,0.6666666666666666,0.0,0.0,0.3333333333333333,16.0,1318.0,1.0
20263013,LIVE_EPISODIC,0.5833333333333334,0.2222222222222222,0.5833333333333334,0.6666666666666666,0.0,0.6666666666666666,0.0,0.08333333333333333,1.0,16.666666666666668,1420.0,1.0
20263013,LIVE_SEPARATE,0.6666666666666666,0.2222222222222222,0.6666666666666666,0.6666666666666666,0.0,0.6666666666666666,0.0,0.0,1.0,16.666666666666668,1420.0,1.0
20263014,FIXED_M5,0.25,0.3333333333333333,0.25,0.16666666666666666,0.0,1.0,0.0,0.08333333333333333,0.3333333333333333,16.0,1318.0,1.0
20263014,LIVE_SEMANTIC,0.75,0.1111111111111111,0.75,0.5,0.0,0.0,0.3333333333333333,0.0,0.3333333333333333,16.0,1318.0,1.0
20263014,LIVE_EPISODIC,0.4166666666666667,0.3333333333333333,0.4166666666666667,0.5,0.0,1.0,0.0,0.08333333333333333,1.0,16.666666666666668,1423.3333333333333,1.0
20263014,LIVE_SEPARATE,1.0,0.0,1.0,1.0,0.0,0.0,0.0,0.0,1.0,16.666666666666668,1423.3333333333333,1.0
20263015,FIXED_M5,0.4166666666666667,0.2222222222222222,0.4166666666666667,0.3333333333333333,0.0,0.6666666666666666,0.0,0.08333333333333333,0.3333333333333333,16.0,1317.0,1.0
20263015,LIVE_SEMANTIC,0.75,0.1111111111111111,0.75,0.5,0.0,0.0,0.3333333333333333,0.0,0.3333333333333333,16.0,1319.6666666666667,1.0
20263015,LIVE_EPISODIC,0.5833333333333334,0.2222222222222222,0.5833333333333334,0.6666666666666666,0.0,0.6666666666666666,0.0,0.08333333333333333,1.0,16.666666666666668,1419.0,1.0
20263015,LIVE_SEPARATE,1.0,0.0,1.0,1.0,0.0,0.0,0.0,0.0,1.0,16.666666666666668,1421.6666666666667,1.0
20263016,FIXED_M5,0.4166666666666667,0.2222222222222222,0.4166666666666667,0.3333333333333333,0.0,0.6666666666666666,0.0,0.08333333333333333,0.3333333333333333,16.0,1317.0,1.0
20263016,LIVE_SEMANTIC,0.75,0.1111111111111111,0.75,0.5,0.0,0.0,0.3333333333333333,0.0,0.3333333333333333,16.0,1318.3333333333333,1.0
20263016,LIVE_EPISODIC,0.5833333333333334,0.2222222222222222,0.5833333333333334,0.6666666666666666,0.0,0.6666666666666666,0.0,0.08333333333333333,1.0,16.666666666666668,1422.3333333333333,1.0
20263016,LIVE_SEPARATE,1.0,0.0,1.0,1.0,0.0,0.0,0.0,0.0,1.0,16.666666666666668,1423.6666666666667,1.0
20263017,FIXED_M5,0.4166666666666667,0.2222222222222222,0.4166666666666667,0.3333333333333333,0.0,0.6666666666666666,0.0,0.08333333333333333,0.3333333333333333,16.0,1316.0,1.0
20263017,LIVE_SEMANTIC,0.5,0.2222222222222222,0.5,0.3333333333333333,0.0,0.6666666666666666,0.0,0.0,0.3333333333333333,16.0,1317.0,1.0
20263017,LIVE_EPISODIC,0.5833333333333334,0.2222222222222222,0.5833333333333334,0.6666666666666666,0.0,0.6666666666666666,0.0,0.08333333333333333,1.0,16.666666666666668,1421.3333333333333,1.0
20263017,LIVE_SEPARATE,0.6666666666666666,0.2222222222222222,0.6666666666666666,0.6666666666666666,0.0,0.6666666666666666,0.0,0.0,1.0,16.666666666666668,1422.3333333333333,1.0
20263018,FIXED_M5,0.5,0.2222222222222222,0.5,0.3333333333333333,0.0,0.6666666666666666,0.0,0.0,0.3333333333333333,16.0,1317.0,1.0
20263018,LIVE_SEMANTIC,0.75,0.1111111111111111,0.75,0.5,0.0,0.0,0.3333333333333333,0.0,0.3333333333333333,16.0,1317.6666666666667,1.0
20263018,LIVE_EPISODIC,0.6666666666666666,0.2222222222222222,0.6666666666666666,0.6666666666666666,0.0,0.6666666666666666,0.0,0.0,1.0,16.666666666666668,1422.3333333333333,1.0
20263018,LIVE_SEPARATE,1.0,0.0,1.0,1.0,0.0,0.0,0.0,0.0,1.0,16.666666666666668,1423.0,1.0
20263019,FIXED_M5,0.25,0.3333333333333333,0.25,0.16666666666666666,0.0,1.0,0.0,0.08333333333333333,0.3333333333333333,16.0,1320.0,1.0
20263019,LIVE_SEMANTIC,0.6666666666666666,0.2222222222222222,0.6666666666666666,0.3333333333333333,0.0,0.0,0.6666666666666666,0.0,0.3333333333333333,16.0,1321.6666666666667,1.0
20263019,LIVE_EPISODIC,0.4166666666666667,0.3333333333333333,0.4166666666666667,0.5,0.0,1.0,0.0,0.08333333333333333,1.0,16.666666666666668,1422.0,1.0
20263019,LIVE_SEPARATE,1.0,0.0,1.0,1.0,0.0,0.0,0.0,0.0,1.0,16.666666666666668,1423.6666666666667,1.0
20263020,FIXED_M5,0.4166666666666667,0.2222222222222222,0.4166666666666667,0.3333333333333333,0.0,0.6666666666666666,0.0,0.08333333333333333,0.3333333333333333,16.0,1315.0,1.0
20263020,LIVE_SEMANTIC,0.5833333333333334,0.3333333333333333,0.5833333333333334,0.3333333333333333,0.0,0.3333333333333333,0.6666666666666666,0.0,0.3333333333333333,16.0,1316.0,1.0
20263020,LIVE_EPISODIC,0.5833333333333334,0.2222222222222222,0.5833333333333334,0.6666666666666666,0.0,0.6666666666666666,0.0,0.08333333333333333,1.0,16.666666666666668,1420.3333333333333,1.0
20263020,LIVE_SEPARATE,0.8333333333333334,0.05555555555555555,0.8333333333333334,0.8333333333333334,0.0,0.16666666666666666,0.0,0.0,1.0,16.666666666666668,1421.3333333333333,1.0
20263021,FIXED_M5,0.5,0.2222222222222222,0.5,0.3333333333333333,0.0,0.6666666666666666,0.0,0.0,0.3333333333333333,16.0,1318.0,1.0
20263021,LIVE_SEMANTIC,0.5833333333333334,0.3333333333333333,0.5833333333333334,0.3333333333333333,0.0,0.3333333333333333,0.6666666666666666,0.0,0.3333333333333333,16.0,1319.3333333333333,1.0
20263021,LIVE_EPISODIC,0.6666666666666666,0.2222222222222222,0.6666666666666666,0.6666666666666666,0.0,0.6666666666666666,0.0,0.0,1.0,16.666666666666668,1420.6666666666667,1.0
20263021,LIVE_SEPARATE,0.8333333333333334,0.05555555555555555,0.8333333333333334,0.8333333333333334,0.0,0.16666666666666666,0.0,0.0,1.0,16.666666666666668,1422.0,1.0
20263022,FIXED_M5,0.25,0.3333333333333333,0.25,0.16666666666666666,0.0,1.0,0.0,0.08333333333333333,0.3333333333333333,16.0,1316.0,1.0
20263022,LIVE_SEMANTIC,0.6666666666666666,0.2222222222222222,0.6666666666666666,0.3333333333333333,0.0,0.0,0.6666666666666666,0.0,0.3333333333333333,16.0,1317.6666666666667,1.0
20263022,LIVE_EPISODIC,0.4166666666666667,0.3333333333333333,0.4166666666666667,0.5,0.0,1.0,0.0,0.08333333333333333,1.0,16.666666666666668,1418.0,1.0
20263022,LIVE_SEPARATE,1.0,0.0,1.0,1.0,0.0,0.0,0.0,0.0,1.0,16.666666666666668,1419.6666666666667,1.0
20263023,FIXED_M5,0.25,0.3333333333333333,0.25,0.16666666666666666,0.0,1.0,0.0,0.08333333333333333,0.3333333333333333,16.0,1318.0,1.0
20263023,LIVE_SEMANTIC,0.25,0.3333333333333333,0.25,0.16666666666666666,0.0,1.0,0.0,0.08333333333333333,0.3333333333333333,16.0,1317.3333333333333,1.0
20263023,LIVE_EPISODIC,0.4166666666666667,0.3333333333333333,0.4166666666666667,0.5,0.0,1.0,0.0,0.08333333333333333,1.0,16.666666666666668,1420.6666666666667,1.0
20263023,LIVE_SEPARATE,0.4166666666666667,0.3333333333333333,0.4166666666666667,0.5,0.0,1.0,0.0,0.08333333333333333,1.0,16.666666666666668,1420.0,1.0
20263024,FIXED_M5,0.3333333333333333,0.3333333333333333,0.3333333333333333,0.16666666666666666,0.0,1.0,0.0,0.0,0.3333333333333333,16.0,1314.0,1.0
20263024,LIVE_SEMANTIC,0.6666666666666666,0.2222222222222222,0.6666666666666666,0.3333333333333333,0.0,0.0,0.6666666666666666,0.0,0.3333333333333333,16.0,1316.0,1.0
20263024,LIVE_EPISODIC,0.5,0.3333333333333333,0.5,0.5,0.0,1.0,0.0,0.0,1.0,16.666666666666668,1419.3333333333333,1.0
20263024,LIVE_SEPARATE,1.0,0.0,1.0,1.0,0.0,0.0,0.0,0.0,1.0,16.666666666666668,1421.3333333333333,1.0
20263025,FIXED_M5,0.25,0.3333333333333333,0.25,0.16666666666666666,0.0,1.0,0.0,0.08333333333333333,0.3333333333333333,16.0,1316.0,1.0
20263025,LIVE_SEMANTIC,0.6666666666666666,0.2222222222222222,0.6666666666666666,0.3333333333333333,0.0,0.0,0.6666666666666666,0.0,0.3333333333333333,16.0,1317.3333333333333,1.0
20263025,LIVE_EPISODIC,0.4166666666666667,0.3333333333333333,0.4166666666666667,0.5,0.0,1.0,0.0,0.08333333333333333,1.0,16.666666666666668,1418.6666666666667,1.0
20263025,LIVE_SEPARATE,1.0,0.0,1.0,1.0,0.0,0.0,0.0,0.0,1.0,16.666666666666668,1420.0,1.0
20263026,FIXED_M5,0.3333333333333333,0.3333333333333333,0.3333333333333333,0.16666666666666666,0.0,1.0,0.0,0.0,0.3333333333333333,16.0,1316.0,1.0
20263026,LIVE_SEMANTIC,0.3333333333333333,0.3333333333333333,0.3333333333333333,0.16666666666666666,0.0,1.0,0.0,0.0,0.3333333333333333,16.0,1316.0,1.0
20263026,LIVE_EPISODIC,0.5,0.3333333333333333,0.5,0.5,0.0,1.0,0.0,0.0,1.0,16.666666666666668,1418.6666666666667,1.0
20263026,LIVE_SEPARATE,0.5,0.3333333333333333,0.5,0.5,0.0,1.0,0.0,0.0,1.0,16.666666666666668,1418.6666666666667,1.0
20263027,FIXED_M5,0.4166666666666667,0.2222222222222222,0.4166666666666667,0.3333333333333333,0.0,0.6666666666666666,0.0,0.08333333333333333,0.3333333333333333,16.0,1321.0,1.0
20263027,LIVE_SEMANTIC,0.5,0.2222222222222222,0.5,0.3333333333333333,0.0,0.6666666666666666,0.0,0.0,0.3333333333333333,16.0,1319.6666666666667,1.0
20263027,LIVE_EPISODIC,0.5833333333333334,0.2222222222222222,0.5833333333333334,0.6666666666666666,0.0,0.6666666666666666,0.0,0.08333333333333333,1.0,16.666666666666668,1423.6666666666667,1.0
20263027,LIVE_SEPARATE,0.6666666666666666,0.2222222222222222,0.6666666666666666,0.6666666666666666,0.0,0.6666666666666666,0.0,0.0,1.0,16.666666666666668,1422.3333333333333,1.0
20263028,FIXED_M5,0.25,0.3333333333333333,0.25,0.16666666666666666,0.0,1.0,0.0,0.08333333333333333,0.3333333333333333,16.0,1316.0,1.0
20263028,LIVE_SEMANTIC,0.6666666666666666,0.2222222222222222,0.6666666666666666,0.3333333333333333,0.0,0.0,0.6666666666666666,0.0,0.3333333333333333,16.0,1317.3333333333333,1.0
20263028,LIVE_EPISODIC,0.4166666666666667,0.3333333333333333,0.4166666666666667,0.5,0.0,1.0,0.0,0.08333333333333333,1.0,16.666666666666668,1418.0,1.0
20263028,LIVE_SEPARATE,1.0,0.0,1.0,1.0,0.0,0.0,0.0,0.0,1.0,16.666666666666668,1419.3333333333333,1.0
20263029,FIXED_M5,0.4166666666666667,0.2222222222222222,0.4166666666666667,0.3333333333333333,0.0,0.6666666666666666,0.0,0.08333333333333333,0.3333333333333333,16.0,1317.0,1.0
20263029,LIVE_SEMANTIC,0.75,0.1111111111111111,0.75,0.5,0.0,0.0,0.3333333333333333,0.0,0.3333333333333333,16.0,1317.6666666666667,1.0
20263029,LIVE_EPISODIC,0.5833333333333334,0.2222222222222222,0.5833333333333334,0.6666666666666666,0.0,0.6666666666666666,0.0,0.08333333333333333,1.0,16.666666666666668,1419.0,1.0
20263029,LIVE_SEPARATE,1.0,0.0,1.0,1.0,0.0,0.0,0.0,0.0,1.0,16.666666666666668,1419.6666666666667,1.0
20263030,FIXED_M5,0.25,0.3333333333333333,0.25,0.16666666666666666,0.0,1.0,0.0,0.08333333333333333,0.3333333333333333,16.0,1315.0,1.0
20263030,LIVE_SEMANTIC,0.6666666666666666,0.2222222222222222,0.6666666666666666,0.3333333333333333,0.0,0.0,0.6666666666666666,0.0,0.3333333333333333,16.0,1317.3333333333333,1.0
20263030,LIVE_EPISODIC,0.4166666666666667,0.3333333333333333,0.4166666666666667,0.5,0.0,1.0,0.0,0.08333333333333333,1.0,16.666666666666668,1420.3333333333333,1.0
20263030,LIVE_SEPARATE,1.0,0.0,1.0,1.0,0.0,0.0,0.0,0.0,1.0,16.666666666666668,1422.6666666666667,1.0
20263031,FIXED_M5,0.25,0.3333333333333333,0.25,0.16666666666666666,0.0,1.0,0.0,0.08333333333333333,0.3333333333333333,16.0,1315.0,1.0
20263031,LIVE_SEMANTIC,0.6666666666666666,0.2222222222222222,0.6666666666666666,0.3333333333333333,0.0,0.0,0.6666666666666666,0.0,0.3333333333333333,16.0,1317.3333333333333,1.0
20263031,LIVE_EPISODIC,0.4166666666666667,0.3333333333333333,0.4166666666666667,0.5,0.0,1.0,0.0,0.08333333333333333,1.0,16.666666666666668,1417.6666666666667,1.0
20263031,LIVE_SEPARATE,1.0,0.0,1.0,1.0,0.0,0.0,0.0,0.0,1.0,16.666666666666668,1420.0,1.0
20263032,FIXED_M5,0.3333333333333333,0.3333333333333333,0.3333333333333333,0.16666666666666666,0.0,1.0,0.0,0.0,0.3333333333333333,16.0,1316.0,1.0
20263032,LIVE_SEMANTIC,0.5833333333333334,0.3333333333333333,0.5833333333333334,0.3333333333333333,0.0,0.3333333333333333,0.6666666666666666,0.0,0.3333333333333333,16.0,1318.0,1.0
20263032,LIVE_EPISODIC,0.5,0.3333333333333333,0.5,0.5,0.0,1.0,0.0,0.0,1.0,16.666666666666668,1418.0,1.0
20263032,LIVE_SEPARATE,0.8333333333333334,0.05555555555555555,0.8333333333333334,0.8333333333333334,0.0,0.16666666666666666,0.0,0.0,1.0,16.666666666666668,1420.0,1.0
20263033,FIXED_M5,0.25,0.3333333333333333,0.25,0.16666666666666666,0.0,1.0,0.0,0.08333333333333333,0.3333333333333333,16.0,1316.0,1.0
20263033,LIVE_SEMANTIC,0.75,0.1111111111111111,0.75,0.5,0.0,0.0,0.3333333333333333,0.0,0.3333333333333333,16.0,1316.6666666666667,1.0
20263033,LIVE_EPISODIC,0.4166666666666667,0.3333333333333333,0.4166666666666667,0.5,0.0,1.0,0.0,0.08333333333333333,1.0,16.666666666666668,1421.3333333333333,1.0
20263033,LIVE_SEPARATE,1.0,0.0,1.0,1.0,0.0,0.0,0.0,0.0,1.0,16.666666666666668,1422.0,1.0
20263034,FIXED_M5,0.25,0.3333333333333333,0.25,0.16666666666666666,0.0,1.0,0.0,0.08333333333333333,0.3333333333333333,16.0,1319.0,1.0
20263034,LIVE_SEMANTIC,0.25,0.3333333333333333,0.25,0.16666666666666666,0.0,1.0,0.0,0.08333333333333333,0.3333333333333333,16.0,1317.0,1.0
20263034,LIVE_EPISODIC,0.4166666666666667,0.3333333333333333,0.4166666666666667,0.5,0.0,1.0,0.0,0.08333333333333333,1.0,16.666666666666668,1421.6666666666667,1.0
20263034,LIVE_SEPARATE,0.4166666666666667,0.3333333333333333,0.4166666666666667,0.5,0.0,1.0,0.0,0.08333333333333333,1.0,16.666666666666668,1419.6666666666667,1.0
20263035,FIXED_M5,0.4166666666666667,0.2222222222222222,0.4166666666666667,0.3333333333333333,0.0,0.6666666666666666,0.0,0.08333333333333333,0.3333333333333333,16.0,1318.0,1.0
20263035,LIVE_SEMANTIC,0.75,0.1111111111111111,0.75,0.5,0.0,0.0,0.3333333333333333,0.0,0.3333333333333333,16.0,1317.6666666666667,1.0
20263035,LIVE_EPISODIC,0.5833333333333334,0.2222222222222222,0.5833333333333334,0.6666666666666666,0.0,0.6666666666666666,0.0,0.08333333333333333,1.0,16.666666666666668,1423.3333333333333,1.0
20263035,LIVE_SEPARATE,1.0,0.0,1.0,1.0,0.0,0.0,0.0,0.0,1.0,16.666666666666668,1423.0,1.0
20263036,FIXED_M5,0.4166666666666667,0.2222222222222222,0.4166666666666667,0.3333333333333333,0.0,0.6666666666666666,0.0,0.08333333333333333,0.3333333333333333,16.0,1316.0,1.0
20263036,LIVE_SEMANTIC,0.75,0.1111111111111111,0.75,0.5,0.0,0.0,0.3333333333333333,0.0,0.3333333333333333,16.0,1317.6666666666667,1.0
20263036,LIVE_EPISODIC,0.5833333333333334,0.2222222222222222,0.5833333333333334,0.6666666666666666,0.0,0.6666666666666666,0.0,0.08333333333333333,1.0,16.666666666666668,1418.6666666666667,1.0
20263036,LIVE_SEPARATE,1.0,0.0,1.0,1.0,0.0,0.0,0.0,0.0,1.0,16.666666666666668,1420.3333333333333,1.0
20263037,FIXED_M5,0.3333333333333333,0.3333333333333333,0.3333333333333333,0.16666666666666666,0.0,1.0,0.0,0.0,0.3333333333333333,16.0,1318.0,1.0
20263037,LIVE_SEMANTIC,0.75,0.1111111111111111,0.75,0.5,0.0,0.0,0.3333333333333333,0.0,0.3333333333333333,16.0,1320.0,1.0
20263037,LIVE_EPISODIC,0.5,0.3333333333333333,0.5,0.5,0.0,1.0,0.0,0.0,1.0,16.666666666666668,1420.6666666666667,1.0
20263037,LIVE_SEPARATE,1.0,0.0,1.0,1.0,0.0,0.0,0.0,0.0,1.0,16.666666666666668,1422.6666666666667,1.0
20263038,FIXED_M5,0.4166666666666667,0.2222222222222222,0.4166666666666667,0.3333333333333333,0.0,0.6666666666666666,0.0,0.08333333333333333,0.3333333333333333,16.0,1317.0,1.0
20263038,LIVE_SEMANTIC,0.75,0.1111111111111111,0.75,0.5,0.0,0.0,0.3333333333333333,0.0,0.3333333333333333,16.0,1317.6666666666667,1.0
20263038,LIVE_EPISODIC,0.5833333333333334,0.2222222222222222,0.5833333333333334,0.6666666666666666,0.0,0.6666666666666666,0.0,0.08333333333333333,1.0,16.666666666666668,1419.0,1.0
20263038,LIVE_SEPARATE,1.0,0.0,1.0,1.0,0.0,0.0,0.0,0.0,1.0,16.666666666666668,1419.6666666666667,1.0
20263039,FIXED_M5,0.3333333333333333,0.3333333333333333,0.3333333333333333,0.16666666666666666,0.0,1.0,0.0,0.0,0.3333333333333333,16.0,1318.0,1.0
20263039,LIVE_SEMANTIC,0.6666666666666666,0.2222222222222222,0.6666666666666666,0.3333333333333333,0.0,0.0,0.6666666666666666,0.0,0.3333333333333333,16.0,1320.0,1.0
20263039,LIVE_EPISODIC,0.5,0.3333333333333333,0.5,0.5,0.0,1.0,0.0,0.0,1.0,16.666666666666668,1420.6666666666667,1.0
20263039,LIVE_SEPARATE,1.0,0.0,1.0,1.0,0.0,0.0,0.0,0.0,1.0,16.666666666666668,1422.6666666666667,1.0
20263040,FIXED_M5,0.25,0.3333333333333333,0.25,0.16666666666666666,0.0,1.0,0.0,0.08333333333333333,0.3333333333333333,16.0,1317.0,1.0
20263040,LIVE_SEMANTIC,0.25,0.3333333333333333,0.25,0.16666666666666666,0.0,1.0,0.0,0.08333333333333333,0.3333333333333333,16.0,1318.3333333333333,1.0
20263040,LIVE_EPISODIC,0.4166666666666667,0.3333333333333333,0.4166666666666667,0.5,0.0,1.0,0.0,0.08333333333333333,1.0,16.666666666666668,1419.6666666666667,1.0
20263040,LIVE_SEPARATE,0.4166666666666667,0.3333333333333333,0.4166666666666667,0.5,0.0,1.0,0.0,0.08333333333333333,1.0,16.666666666666668,1421.0,1.0
20263041,FIXED_M5,0.4166666666666667,0.2222222222222222,0.4166666666666667,0.3333333333333333,0.0,0.6666666666666666,0.0,0.08333333333333333,0.3333333333333333,16.0,1318.0,1.0
20263041,LIVE_SEMANTIC,0.75,0.1111111111111111,0.75,0.5,0.0,0.0,0.3333333333333333,0.0,0.3333333333333333,16.0,1319.6666666666667,1.0
20263041,LIVE_EPISODIC,0.5833333333333334,0.2222222222222222,0.5833333333333334,0.6666666666666666,0.0,0.6666666666666666,0.0,0.08333333333333333,1.0,16.666666666666668,1420.6666666666667,1.0
20263041,LIVE_SEPARATE,1.0,0.0,1.0,1.0,0.0,0.0,0.0,0.0,1.0,16.666666666666668,1422.3333333333333,1.0
20263042,FIXED_M5,0.4166666666666667,0.2222222222222222,0.4166666666666667,0.3333333333333333,0.0,0.6666666666666666,0.0,0.08333333333333333,0.3333333333333333,16.0,1317.0,1.0
20263042,LIVE_SEMANTIC,0.75,0.1111111111111111,0.75,0.5,0.0,0.0,0.3333333333333333,0.0,0.3333333333333333,16.0,1319.3333333333333,1.0
20263042,LIVE_EPISODIC,0.5833333333333334,0.2222222222222222,0.5833333333333334,0.6666666666666666,0.0,0.6666666666666666,0.0,0.08333333333333333,1.0,16.666666666666668,1419.6666666666667,1.0
20263042,LIVE_SEPARATE,1.0,0.0,1.0,1.0,0.0,0.0,0.0,0.0,1.0,16.666666666666668,1422.0,1.0
20263043,FIXED_M5,0.4166666666666667,0.2222222222222222,0.4166666666666667,0.3333333333333333,0.0,0.6666666666666666,0.0,0.08333333333333333,0.3333333333333333,16.0,1316.0,1.0
20263043,LIVE_SEMANTIC,0.75,0.1111111111111111,0.75,0.5,0.0,0.0,0.3333333333333333,0.0,0.3333333333333333,16.0,1317.3333333333333,1.0
20263043,LIVE_EPISODIC,0.5833333333333334,0.2222222222222222,0.5833333333333334,0.6666666666666666,0.0,0.6666666666666666,0.0,0.08333333333333333,1.0,16.666666666666668,1418.0,1.0
20263043,LIVE_SEPARATE,1.0,0.0,1.0,1.0,0.0,0.0,0.0,0.0,1.0,16.666666666666668,1419.3333333333333,1.0
20263044,FIXED_M5,0.25,0.3333333333333333,0.25,0.16666666666666666,0.0,1.0,0.0,0.08333333333333333,0.3333333333333333,16.0,1314.0,1.0
20263044,LIVE_SEMANTIC,0.5833333333333334,0.3333333333333333,0.5833333333333334,0.3333333333333333,0.0,0.3333333333333333,0.6666666666666666,0.0,0.3333333333333333,16.0,1316.0,1.0
20263044,LIVE_EPISODIC,0.4166666666666667,0.3333333333333333,0.4166666666666667,0.5,0.0,1.0,0.0,0.08333333333333333,1.0,16.666666666666668,1416.0,1.0
20263044,LIVE_SEPARATE,0.8333333333333334,0.05555555555555555,0.8333333333333334,0.8333333333333334,0.0,0.16666666666666666,0.0,0.0,1.0,16.666666666666668,1418.0,1.0
20263045,FIXED_M5,0.25,0.3333333333333333,0.25,0.16666666666666666,0.0,1.0,0.0,0.08333333333333333,0.3333333333333333,16.0,1317.0,1.0
20263045,LIVE_SEMANTIC,0.6666666666666666,0.2222222222222222,0.6666666666666666,0.3333333333333333,0.0,0.0,0.6666666666666666,0.0,0.3333333333333333,16.0,1318.0,1.0
20263045,LIVE_EPISODIC,0.4166666666666667,0.3333333333333333,0.4166666666666667,0.5,0.0,1.0,0.0,0.08333333333333333,1.0,16.666666666666668,1419.6666666666667,1.0
20263045,LIVE_SEPARATE,1.0,0.0,1.0,1.0,0.0,0.0,0.0,0.0,1.0,16.666666666666668,1420.6666666666667,1.0
20263046,FIXED_M5,0.25,0.3333333333333333,0.25,0.16666666666666666,0.0,1.0,0.0,0.08333333333333333,0.3333333333333333,16.0,1319.0,1.0
20263046,LIVE_SEMANTIC,0.75,0.1111111111111111,0.75,0.5,0.0,0.0,0.3333333333333333,0.0,0.3333333333333333,16.0,1319.0,1.0
20263046,LIVE_EPISODIC,0.4166666666666667,0.3333333333333333,0.4166666666666667,0.5,0.0,1.0,0.0,0.08333333333333333,1.0,16.666666666666668,1421.6666666666667,1.0
20263046,LIVE_SEPARATE,1.0,0.0,1.0,1.0,0.0,0.0,0.0,0.0,1.0,16.666666666666668,1421.6666666666667,1.0
20263047,FIXED_M5,0.25,0.3333333333333333,0.25,0.16666666666666666,0.0,1.0,0.0,0.08333333333333333,0.3333333333333333,16.0,1317.0,1.0
20263047,LIVE_SEMANTIC,0.6666666666666666,0.2222222222222222,0.6666666666666666,0.3333333333333333,0.0,0.0,0.6666666666666666,0.0,0.3333333333333333,16.0,1319.0,1.0
20263047,LIVE_EPISODIC,0.4166666666666667,0.3333333333333333,0.4166666666666667,0.5,0.0,1.0,0.0,0.08333333333333333,1.0,16.666666666666668,1419.0,1.0
20263047,LIVE_SEPARATE,1.0,0.0,1.0,1.0,0.0,0.0,0.0,0.0,1.0,16.666666666666668,1421.0,1.0
20263048,FIXED_M5,0.4166666666666667,0.2222222222222222,0.4166666666666667,0.3333333333333333,0.0,0.6666666666666666,0.0,0.08333333333333333,0.3333333333333333,16.0,1317.0,1.0
20263048,LIVE_SEMANTIC,0.75,0.1111111111111111,0.75,0.5,0.0,0.0,0.3333333333333333,0.0,0.3333333333333333,16.0,1316.6666666666667,1.0
20263048,LIVE_EPISODIC,0.5833333333333334,0.2222222222222222,0.5833333333333334,0.6666666666666666,0.0,0.6666666666666666,0.0,0.08333333333333333,1.0,16.666666666666668,1422.3333333333333,1.0
20263048,LIVE_SEPARATE,1.0,0.0,1.0,1.0,0.0,0.0,0.0,0.0,1.0,16.666666666666668,1422.0,1.0
20263049,FIXED_M5,0.25,0.3333333333333333,0.25,0.16666666666666666,0.0,1.0,0.0,0.08333333333333333,0.3333333333333333,16.0,1319.0,1.0
20263049,LIVE_SEMANTIC,0.75,0.1111111111111111,0.75,0.5,0.0,0.0,0.3333333333333333,0.0,0.3333333333333333,16.0,1319.6666666666667,1.0
20263049,LIVE_EPISODIC,0.4166666666666667,0.3333333333333333,0.4166666666666667,0.5,0.0,1.0,0.0,0.08333333333333333,1.0,16.666666666666668,1421.0,1.0
20263049,LIVE_SEPARATE,1.0,0.0,1.0,1.0,0.0,0.0,0.0,0.0,1.0,16.666666666666668,1421.6666666666667,1.0
20263050,FIXED_M5,0.4166666666666667,0.2222222222222222,0.4166666666666667,0.3333333333333333,0.0,0.6666666666666666,0.0,0.08333333333333333,0.3333333333333333,16.0,1320.0,1.0
20263050,LIVE_SEMANTIC,0.5833333333333334,0.3333333333333333,0.5833333333333334,0.3333333333333333,0.0,0.3333333333333333,0.6666666666666666,0.0,0.3333333333333333,16.0,1318.0,1.0
20263050,LIVE_EPISODIC,0.5833333333333334,0.2222222222222222,0.5833333333333334,0.6666666666666666,0.0,0.6666666666666666,0.0,0.08333333333333333,1.0,16.666666666666668,1425.3333333333333,1.0
20263050,LIVE_SEPARATE,0.8333333333333334,0.05555555555555555,0.8333333333333334,0.8333333333333334,0.0,0.16666666666666666,0.0,0.0,1.0,16.666666666666668,1423.3333333333333,1.0
20263051,FIXED_M5,0.25,0.3333333333333333,0.25,0.16666666666666666,0.0,1.0,0.0,0.08333333333333333,0.3333333333333333,16.0,1317.0,1.0
20263051,LIVE_SEMANTIC,0.75,0.1111111111111111,0.75,0.5,0.0,0.0,0.3333333333333333,0.0,0.3333333333333333,16.0,1317.6666666666667,1.0
20263051,LIVE_EPISODIC,0.4166666666666667,0.3333333333333333,0.4166666666666667,0.5,0.0,1.0,0.0,0.08333333333333333,1.0,16.666666666666668,1419.6666666666667,1.0
20263051,LIVE_SEPARATE,1.0,0.0,1.0,1.0,0.0,0.0,0.0,0.0,1.0,16.666666666666668,1420.3333333333333,1.0
20263052,FIXED_M5,0.5,0.2222222222222222,0.5,0.3333333333333333,0.0,0.6666666666666666,0.0,0.0,0.3333333333333333,16.0,1317.0,1.0
20263052,LIVE_SEMANTIC,0.75,0.1111111111111111,0.75,0.5,0.0,0.0,0.3333333333333333,0.0,0.3333333333333333,16.0,1317.6666666666667,1.0
20263052,LIVE_EPISODIC,0.6666666666666666,0.2222222222222222,0.6666666666666666,0.6666666666666666,0.0,0.6666666666666666,0.0,0.0,1.0,16.666666666666668,1419.6666666666667,1.0
20263052,LIVE_SEPARATE,1.0,0.0,1.0,1.0,0.0,0.0,0.0,0.0,1.0,16.666666666666668,1420.3333333333333,1.0
20263053,FIXED_M5,0.25,0.3333333333333333,0.25,0.16666666666666666,0.0,1.0,0.0,0.08333333333333333,0.3333333333333333,16.0,1317.0,1.0
20263053,LIVE_SEMANTIC,0.4166666666666667,0.2222222222222222,0.4166666666666667,0.3333333333333333,0.0,0.6666666666666666,0.0,0.08333333333333333,0.3333333333333333,16.0,1317.0,1.0
20263053,LIVE_EPISODIC,0.4166666666666667,0.3333333333333333,0.4166666666666667,0.5,0.0,1.0,0.0,0.08333333333333333,1.0,16.666666666666668,1419.6666666666667,1.0
20263053,LIVE_SEPARATE,0.5833333333333334,0.2222222222222222,0.5833333333333334,0.6666666666666666,0.0,0.6666666666666666,0.0,0.08333333333333333,1.0,16.666666666666668,1419.6666666666667,1.0
20263054,FIXED_M5,0.3333333333333333,0.3333333333333333,0.3333333333333333,0.16666666666666666,0.0,1.0,0.0,0.0,0.3333333333333333,16.0,1318.0,1.0
20263054,LIVE_SEMANTIC,0.75,0.1111111111111111,0.75,0.5,0.0,0.0,0.3333333333333333,0.0,0.3333333333333333,16.0,1320.0,1.0
20263054,LIVE_EPISODIC,0.5,0.3333333333333333,0.5,0.5,0.0,1.0,0.0,0.0,1.0,16.666666666666668,1420.6666666666667,1.0
20263054,LIVE_SEPARATE,1.0,0.0,1.0,1.0,0.0,0.0,0.0,0.0,1.0,16.666666666666668,1422.6666666666667,1.0
20263055,FIXED_M5,0.3333333333333333,0.3333333333333333,0.3333333333333333,0.16666666666666666,0.0,1.0,0.0,0.0,0.3333333333333333,16.0,1319.0,1.0
20263055,LIVE_SEMANTIC,0.6666666666666666,0.2222222222222222,0.6666666666666666,0.3333333333333333,0.0,0.0,0.6666666666666666,0.0,0.3333333333333333,16.0,1320.3333333333333,1.0
20263055,LIVE_EPISODIC,0.5,0.3333333333333333,0.5,0.5,0.0,1.0,0.0,0.0,1.0,16.666666666666668,1421.6666666666667,1.0
20263055,LIVE_SEPARATE,1.0,0.0,1.0,1.0,0.0,0.0,0.0,0.0,1.0,16.666666666666668,1423.0,1.0
20263056,FIXED_M5,0.25,0.3333333333333333,0.25,0.16666666666666666,0.0,1.0,0.0,0.08333333333333333,0.3333333333333333,16.0,1317.0,1.0
20263056,LIVE_SEMANTIC,0.25,0.3333333333333333,0.25,0.16666666666666666,0.0,1.0,0.0,0.08333333333333333,0.3333333333333333,16.0,1319.6666666666667,1.0
20263056,LIVE_EPISODIC,0.4166666666666667,0.3333333333333333,0.4166666666666667,0.5,0.0,1.0,0.0,0.08333333333333333,1.0,16.666666666666668,1419.6666666666667,1.0
20263056,LIVE_SEPARATE,0.4166666666666667,0.3333333333333333,0.4166666666666667,0.5,0.0,1.0,0.0,0.08333333333333333,1.0,16.666666666666668,1422.3333333333333,1.0
20263057,FIXED_M5,0.4166666666666667,0.2222222222222222,0.4166666666666667,0.3333333333333333,0.0,0.6666666666666666,0.0,0.08333333333333333,0.3333333333333333,16.0,1318.0,1.0
20263057,LIVE_SEMANTIC,0.75,0.1111111111111111,0.75,0.5,0.0,0.0,0.3333333333333333,0.0,0.3333333333333333,16.0,1319.3333333333333,1.0
20263057,LIVE_EPISODIC,0.5833333333333334,0.2222222222222222,0.5833333333333334,0.6666666666666666,0.0,0.6666666666666666,0.0,0.08333333333333333,1.0,16.666666666666668,1420.6666666666667,1.0
20263057,LIVE_SEPARATE,1.0,0.0,1.0,1.0,0.0,0.0,0.0,0.0,1.0,16.666666666666668,1422.0,1.0
20263058,FIXED_M5,0.25,0.3333333333333333,0.25,0.16666666666666666,0.0,1.0,0.0,0.08333333333333333,0.3333333333333333,16.0,1316.0,1.0
20263058,LIVE_SEMANTIC,0.4166666666666667,0.2222222222222222,0.4166666666666667,0.3333333333333333,0.0,0.6666666666666666,0.0,0.08333333333333333,0.3333333333333333,16.0,1317.6666666666667,1.0
20263058,LIVE_EPISODIC,0.4166666666666667,0.3333333333333333,0.4166666666666667,0.5,0.0,1.0,0.0,0.08333333333333333,1.0,16.666666666666668,1418.6666666666667,1.0
20263058,LIVE_SEPARATE,0.5833333333333334,0.2222222222222222,0.5833333333333334,0.6666666666666666,0.0,0.6666666666666666,0.0,0.08333333333333333,1.0,16.666666666666668,1420.3333333333333,1.0
20263059,FIXED_M5,0.4166666666666667,0.2222222222222222,0.4166666666666667,0.3333333333333333,0.0,0.6666666666666666,0.0,0.08333333333333333,0.3333333333333333,16.0,1316.0,1.0
20263059,LIVE_SEMANTIC,0.75,0.1111111111111111,0.75,0.5,0.0,0.0,0.3333333333333333,0.0,0.3333333333333333,16.0,1317.3333333333333,1.0
20263059,LIVE_EPISODIC,0.5833333333333334,0.2222222222222222,0.5833333333333334,0.6666666666666666,0.0,0.6666666666666666,0.0,0.08333333333333333,1.0,16.666666666666668,1418.0,1.0
20263059,LIVE_SEPARATE,1.0,0.0,1.0,1.0,0.0,0.0,0.0,0.0,1.0,16.666666666666668,1419.3333333333333,1.0
20263060,FIXED_M5,0.25,0.3333333333333333,0.25,0.16666666666666666,0.0,1.0,0.0,0.08333333333333333,0.3333333333333333,16.0,1319.0,1.0
20263060,LIVE_SEMANTIC,0.75,0.1111111111111111,0.75,0.5,0.0,0.0,0.3333333333333333,0.0,0.3333333333333333,16.0,1318.3333333333333,1.0
20263060,LIVE_EPISODIC,0.4166666666666667,0.3333333333333333,0.4166666666666667,0.5,0.0,1.0,0.0,0.08333333333333333,1.0,16.666666666666668,1421.6666666666667,1.0
20263060,LIVE_SEPARATE,1.0,0.0,1.0,1.0,0.0,0.0,0.0,0.0,1.0,16.666666666666668,1421.0,1.0
20263061,FIXED_M5,0.25,0.3333333333333333,0.25,0.16666666666666666,0.0,1.0,0.0,0.08333333333333333,0.3333333333333333,16.0,1319.0,1.0
20263061,LIVE_SEMANTIC,0.6666666666666666,0.2222222222222222,0.6666666666666666,0.3333333333333333,0.0,0.0,0.6666666666666666,0.0,0.3333333333333333,16.0,1320.0,1.0
20263061,LIVE_EPISODIC,0.4166666666666667,0.3333333333333333,0.4166666666666667,0.5,0.0,1.0,0.0,0.08333333333333333,1.0,16.666666666666668,1421.0,1.0
20263061,LIVE_SEPARATE,1.0,0.0,1.0,1.0,0.0,0.0,0.0,0.0,1.0,16.666666666666668,1422.0,1.0
20263062,FIXED_M5,0.3333333333333333,0.3333333333333333,0.3333333333333333,0.16666666666666666,0.0,1.0,0.0,0.0,0.3333333333333333,16.0,1316.0,1.0
20263062,LIVE_SEMANTIC,0.6666666666666666,0.2222222222222222,0.6666666666666666,0.3333333333333333,0.0,0.0,0.6666666666666666,0.0,0.3333333333333333,16.0,1318.0,1.0
20263062,LIVE_EPISODIC,0.5,0.3333333333333333,0.5,0.5,0.0,1.0,0.0,0.0,1.0,16.666666666666668,1418.6666666666667,1.0
20263062,LIVE_SEPARATE,1.0,0.0,1.0,1.0,0.0,0.0,0.0,0.0,1.0,16.666666666666668,1420.6666666666667,1.0
20263063,FIXED_M5,0.3333333333333333,0.3333333333333333,0.3333333333333333,0.16666666666666666,0.0,1.0,0.0,0.0,0.3333333333333333,16.0,1317.0,1.0
20263063,LIVE_SEMANTIC,0.6666666666666666,0.2222222222222222,0.6666666666666666,0.3333333333333333,0.0,0.0,0.6666666666666666,0.0,0.3333333333333333,16.0,1319.0,1.0
20263063,LIVE_EPISODIC,0.5,0.3333333333333333,0.5,0.5,0.0,1.0,0.0,0.0,1.0,16.666666666666668,1419.6666666666667,1.0
20263063,LIVE_SEPARATE,1.0,0.0,1.0,1.0,0.0,0.0,0.0,0.0,1.0,16.666666666666668,1421.6666666666667,1.0
20263064,FIXED_M5,0.4166666666666667,0.2222222222222222,0.4166666666666667,0.3333333333333333,0.0,0.6666666666666666,0.0,0.08333333333333333,0.3333333333333333,16.0,1318.0,1.0
20263064,LIVE_SEMANTIC,0.75,0.1111111111111111,0.75,0.5,0.0,0.0,0.3333333333333333,0.0,0.3333333333333333,16.0,1319.3333333333333,1.0
20263064,LIVE_EPISODIC,0.5833333333333334,0.2222222222222222,0.5833333333333334,0.6666666666666666,0.0,0.6666666666666666,0.0,0.08333333333333333,1.0,16.666666666666668,1420.6666666666667,1.0
20263064,LIVE_SEPARATE,1.0,0.0,1.0,1.0,0.0,0.0,0.0,0.0,1.0,16.666666666666668,1422.0,1.0
