run,variant,event_stratum,cases,successes,mission_success_fraction,success_wilson95_low,success_wilson95_high,forbidden_region_violations,invalid_affordance_choices,invalid_initial_plans,replans,stale_belief_failures,mean_replanning_latency_us,mean_route_cost_m,mean_context_facts,mean_geometry_queries,mean_semantic_queries
a,T0,INSTRUCTION_CHANGED,45,0,0.000000,0.000000,0.078652,0,19,26,0,0,0.000000,6.179342,15.000000,1.000000,0.000000
a,T0,INSTRUCTION_CHANGED+ROOM_RESTRICTED,12,0,0.000000,0.000000,0.242494,0,0,12,0,0,0.000000,11.143016,15.000000,1.000000,0.000000
a,T0,INSTRUCTION_CHANGED+ROOM_RESTRICTED+ROUTE_BLOCKED,4,0,0.000000,0.000000,0.489891,0,0,4,0,0,0.000000,11.269240,15.000000,1.000000,0.000000
a,T0,INSTRUCTION_CHANGED+ROUTE_BLOCKED,19,0,0.000000,0.000000,0.168179,0,13,6,0,0,0.000000,3.276226,15.000000,1.000000,0.000000
a,T0,NONE,176,0,0.000000,0.000000,0.021360,0,88,88,0,0,0.000000,5.303783,15.000000,1.000000,0.000000
a,T0,ROOM_RESTRICTED,44,0,0.000000,0.000000,0.080296,0,0,44,0,0,0.000000,11.149403,15.000000,1.000000,0.000000
a,T0,ROOM_RESTRICTED+ROUTE_BLOCKED,20,0,0.000000,0.000000,0.161125,0,0,20,0,0,0.000000,11.241488,15.000000,1.000000,0.000000
a,T0,ROUTE_BLOCKED,80,0,0.000000,0.000000,0.045818,0,40,40,0,0,0.000000,5.255530,15.000000,1.000000,0.000000
a,T1,INSTRUCTION_CHANGED,45,14,0.311111,0.195287,0.456648,0,19,10,45,0,21.311111,6.088889,21.000000,1.000000,0.000000
a,T1,INSTRUCTION_CHANGED+ROOM_RESTRICTED,12,0,0.000000,0.000000,0.242494,12,0,5,12,0,35.000000,11.000000,21.000000,1.000000,0.000000
a,T1,INSTRUCTION_CHANGED+ROOM_RESTRICTED+ROUTE_BLOCKED,4,0,0.000000,0.000000,0.489891,4,0,2,4,0,35.000000,11.000000,21.000000,1.000000,0.000000
a,T1,INSTRUCTION_CHANGED+ROUTE_BLOCKED,19,3,0.157895,0.055205,0.375655,0,13,2,19,0,14.368421,3.263158,21.000000,1.000000,0.000000
a,T1,NONE,176,40,0.227273,0.171574,0.294622,0,88,34,0,0,0.000000,5.267045,21.000000,1.000000,0.000000
a,T1,ROOM_RESTRICTED,44,0,0.000000,0.000000,0.080296,44,0,28,0,0,0.000000,11.000000,21.000000,1.000000,0.000000
a,T1,ROOM_RESTRICTED+ROUTE_BLOCKED,20,0,0.000000,0.000000,0.161125,20,0,11,0,0,0.000000,11.000000,21.000000,1.000000,0.000000
a,T1,ROUTE_BLOCKED,80,20,0.250000,0.168062,0.354847,0,40,15,0,0,0.000000,5.212500,21.000000,1.000000,0.000000
a,T2,INSTRUCTION_CHANGED,45,26,0.577778,0.433008,0.710313,0,0,14,45,1,25.977778,8.311111,13.000000,1.000000,1.000000
a,T2,INSTRUCTION_CHANGED+ROOM_RESTRICTED,12,0,0.000000,0.000000,0.242494,12,0,5,12,0,35.000000,11.000000,13.000000,1.000000,1.000000
a,T2,INSTRUCTION_CHANGED+ROOM_RESTRICTED+ROUTE_BLOCKED,4,0,0.000000,0.000000,0.489891,4,0,2,4,0,35.000000,11.000000,13.000000,1.000000,1.000000
a,T2,INSTRUCTION_CHANGED+ROUTE_BLOCKED,19,10,0.526316,0.317078,0.726702,0,0,4,19,4,21.000000,6.421053,13.000000,1.000000,1.000000
a,T2,NONE,176,90,0.511364,0.438064,0.584178,0,0,41,0,13,0.000000,7.539773,13.000000,1.000000,1.000000
a,T2,ROOM_RESTRICTED,44,0,0.000000,0.000000,0.080296,44,0,28,0,0,0.000000,11.000000,13.000000,1.000000,1.000000
a,T2,ROOM_RESTRICTED+ROUTE_BLOCKED,20,0,0.000000,0.000000,0.161125,20,0,11,0,0,0.000000,11.000000,13.000000,1.000000,1.000000
a,T2,ROUTE_BLOCKED,80,35,0.437500,0.334139,0.546589,0,0,24,0,8,0.000000,8.212500,13.000000,1.000000,1.000000
a,T3,INSTRUCTION_CHANGED,45,28,0.622222,0.476299,0.748919,0,0,11,45,0,25.044444,5.777778,15.000000,1.022222,1.000000
a,T3,INSTRUCTION_CHANGED+ROOM_RESTRICTED,12,0,0.000000,0.000000,0.242494,0,0,3,12,0,39.083333,0.000000,15.000000,1.000000,1.000000
a,T3,INSTRUCTION_CHANGED+ROOM_RESTRICTED+ROUTE_BLOCKED,4,0,0.000000,0.000000,0.489891,0,0,0,4,0,35.000000,0.000000,15.000000,1.000000,1.000000
a,T3,INSTRUCTION_CHANGED+ROUTE_BLOCKED,19,13,0.684211,0.460104,0.846356,0,0,5,19,0,20.631579,4.842105,15.000000,1.210526,1.000000
a,T3,NONE,176,143,0.812500,0.748391,0.863259,0,0,33,0,0,0.000000,7.250000,15.000000,1.073864,1.000000
a,T3,ROOM_RESTRICTED,44,44,1.000000,0.919704,1.000000,0,0,7,23,0,10.977273,12.000000,15.000000,1.000000,1.000000
a,T3,ROOM_RESTRICTED+ROUTE_BLOCKED,20,20,1.000000,0.838875,1.000000,0,0,4,13,0,13.650000,12.000000,15.000000,1.000000,1.000000
a,T3,ROUTE_BLOCKED,80,62,0.775000,0.672132,0.852668,0,0,18,0,0,0.000000,7.387500,15.000000,1.100000,1.000000
a,T4,INSTRUCTION_CHANGED,45,28,0.622222,0.476299,0.748919,0,0,8,45,0,25.044444,5.044444,15.688889,1.022222,1.000000
a,T4,INSTRUCTION_CHANGED+ROOM_RESTRICTED,12,0,0.000000,0.000000,0.242494,0,0,0,12,0,36.750000,0.000000,15.666667,1.000000,1.000000
a,T4,INSTRUCTION_CHANGED+ROOM_RESTRICTED+ROUTE_BLOCKED,4,0,0.000000,0.000000,0.489891,0,0,0,4,0,35.000000,0.000000,15.750000,1.000000,1.000000
a,T4,INSTRUCTION_CHANGED+ROUTE_BLOCKED,19,13,0.684211,0.460104,0.846356,0,0,4,19,0,20.263158,4.263158,15.631579,1.210526,1.000000
a,T4,NONE,176,153,0.869318,0.811541,0.911318,0,0,23,0,0,0.000000,7.306818,15.715909,1.073864,1.000000
a,T4,ROOM_RESTRICTED,44,44,1.000000,0.919704,1.000000,0,0,0,16,0,7.636364,12.000000,15.727273,1.000000,1.000000
a,T4,ROOM_RESTRICTED+ROUTE_BLOCKED,20,20,1.000000,0.838875,1.000000,0,0,0,9,0,9.450000,12.000000,15.600000,1.000000,1.000000
a,T4,ROUTE_BLOCKED,80,65,0.812500,0.713417,0.882947,0,0,15,0,0,0.000000,7.425000,15.675000,1.100000,1.000000
b,T0,INSTRUCTION_CHANGED,45,0,0.000000,0.000000,0.078652,0,24,21,0,0,0.000000,4.960874,15.000000,1.000000,0.000000
b,T0,INSTRUCTION_CHANGED+ROOM_RESTRICTED,12,0,0.000000,0.000000,0.242494,0,0,12,0,0,0.000000,11.186527,15.000000,1.000000,0.000000
b,T0,INSTRUCTION_CHANGED+ROOM_RESTRICTED+ROUTE_BLOCKED,4,0,0.000000,0.000000,0.489891,0,0,4,0,0,0.000000,11.266738,15.000000,1.000000,0.000000
b,T0,INSTRUCTION_CHANGED+ROUTE_BLOCKED,19,0,0.000000,0.000000,0.168179,0,8,11,0,0,0.000000,6.058775,15.000000,1.000000,0.000000
b,T0,NONE,167,0,0.000000,0.000000,0.022486,0,85,82,0,0,0.000000,5.194889,15.000000,1.000000,0.000000
b,T0,ROOM_RESTRICTED,50,0,0.000000,0.000000,0.071348,0,0,50,0,0,0.000000,11.176952,15.000000,1.000000,0.000000
b,T0,ROOM_RESTRICTED+ROUTE_BLOCKED,14,0,0.000000,0.000000,0.215311,0,0,14,0,0,0.000000,11.186900,15.000000,1.000000,0.000000
b,T0,ROUTE_BLOCKED,89,0,0.000000,0.000000,0.041377,0,43,46,0,0,0.000000,5.481187,15.000000,1.000000,0.000000
b,T1,INSTRUCTION_CHANGED,45,10,0.222222,0.125447,0.362693,0,24,8,45,0,18.511111,4.911111,21.000000,1.000000,0.000000
b,T1,INSTRUCTION_CHANGED+ROOM_RESTRICTED,12,0,0.000000,0.000000,0.242494,12,0,8,12,0,35.000000,11.000000,21.000000,1.000000,0.000000
b,T1,INSTRUCTION_CHANGED+ROOM_RESTRICTED+ROUTE_BLOCKED,4,0,0.000000,0.000000,0.489891,4,0,3,4,0,35.000000,11.000000,21.000000,1.000000,0.000000
b,T1,INSTRUCTION_CHANGED+ROUTE_BLOCKED,19,6,0.315789,0.153644,0.539896,0,8,4,19,0,21.000000,6.052632,21.000000,1.000000,0.000000
b,T1,NONE,167,44,0.263473,0.202521,0.335061,0,85,22,0,0,0.000000,5.149701,21.000000,1.000000,0.000000
b,T1,ROOM_RESTRICTED,50,0,0.000000,0.000000,0.071348,50,0,23,0,0,0.000000,11.000000,21.000000,1.000000,0.000000
b,T1,ROOM_RESTRICTED+ROUTE_BLOCKED,14,0,0.000000,0.000000,0.215311,14,0,7,0,0,0.000000,11.000000,21.000000,1.000000,0.000000
b,T1,ROUTE_BLOCKED,89,23,0.258427,0.178815,0.358029,0,43,17,0,0,0.000000,5.438202,21.000000,1.000000,0.000000
b,T2,INSTRUCTION_CHANGED,45,23,0.511111,0.370045,0.650430,0,0,10,45,2,23.644444,7.355556,13.000000,1.000000,1.000000
b,T2,INSTRUCTION_CHANGED+ROOM_RESTRICTED,12,0,0.000000,0.000000,0.242494,12,0,8,12,0,35.000000,11.000000,13.000000,1.000000,1.000000
b,T2,INSTRUCTION_CHANGED+ROOM_RESTRICTED+ROUTE_BLOCKED,4,0,0.000000,0.000000,0.489891,4,0,3,4,0,35.000000,11.000000,13.000000,1.000000,1.000000
b,T2,INSTRUCTION_CHANGED+ROUTE_BLOCKED,19,8,0.421053,0.231419,0.637241,0,0,5,19,3,26.526316,8.684211,13.000000,1.000000,1.000000
b,T2,NONE,167,86,0.514970,0.439690,0.589576,0,0,37,0,13,0.000000,7.724551,13.000000,1.000000,1.000000
b,T2,ROOM_RESTRICTED,50,0,0.000000,0.000000,0.071348,50,0,23,0,0,0.000000,11.000000,13.000000,1.000000,1.000000
b,T2,ROOM_RESTRICTED+ROUTE_BLOCKED,14,0,0.000000,0.000000,0.215311,14,0,7,0,0,0.000000,11.000000,13.000000,1.000000,1.000000
b,T2,ROUTE_BLOCKED,89,48,0.539326,0.436295,0.639103,0,0,23,0,8,0.000000,7.797753,13.000000,1.000000,1.000000
b,T3,INSTRUCTION_CHANGED,45,28,0.622222,0.476299,0.748919,0,0,8,45,0,26.288889,5.755556,15.000000,1.044444,1.000000
b,T3,INSTRUCTION_CHANGED+ROOM_RESTRICTED,12,0,0.000000,0.000000,0.242494,0,0,1,12,0,36.166667,0.000000,15.000000,1.000000,1.000000
b,T3,INSTRUCTION_CHANGED+ROOM_RESTRICTED+ROUTE_BLOCKED,4,0,0.000000,0.000000,0.489891,0,0,1,4,0,36.750000,0.000000,15.000000,1.000000,1.000000
b,T3,INSTRUCTION_CHANGED+ROUTE_BLOCKED,19,12,0.631579,0.410395,0.808505,0,0,3,19,0,28.000000,5.947368,15.000000,1.157895,1.000000
b,T3,NONE,167,138,0.826347,0.761734,0.876285,0,0,29,0,0,0.000000,7.203593,15.000000,1.077844,1.000000
b,T3,ROOM_RESTRICTED,50,50,1.000000,0.928652,1.000000,0,0,7,34,0,14.280000,12.000000,15.000000,1.000000,1.000000
b,T3,ROOM_RESTRICTED+ROUTE_BLOCKED,14,14,1.000000,0.784689,1.000000,0,0,4,11,0,16.500000,12.000000,15.000000,1.000000,1.000000
b,T3,ROUTE_BLOCKED,89,74,0.831461,0.740374,0.895117,0,0,15,0,0,0.000000,7.089888,15.000000,1.089888,1.000000
b,T4,INSTRUCTION_CHANGED,45,28,0.622222,0.476299,0.748919,0,0,5,45,0,26.133333,5.022222,15.666667,1.044444,1.000000
b,T4,INSTRUCTION_CHANGED+ROOM_RESTRICTED,12,0,0.000000,0.000000,0.242494,0,0,0,12,0,35.583333,0.000000,15.666667,1.000000,1.000000
b,T4,INSTRUCTION_CHANGED+ROOM_RESTRICTED+ROUTE_BLOCKED,4,0,0.000000,0.000000,0.489891,0,0,0,4,0,35.000000,0.000000,15.750000,1.000000,1.000000
b,T4,INSTRUCTION_CHANGED+ROUTE_BLOCKED,19,12,0.631579,0.410395,0.808505,0,0,3,19,0,28.000000,5.947368,15.368421,1.157895,1.000000
b,T4,NONE,167,143,0.856287,0.795067,0.901485,0,0,24,0,0,0.000000,7.233533,15.598802,1.077844,1.000000
b,T4,ROOM_RESTRICTED,50,50,1.000000,0.928652,1.000000,0,0,0,27,0,11.340000,12.000000,15.660000,1.000000,1.000000
b,T4,ROOM_RESTRICTED+ROUTE_BLOCKED,14,14,1.000000,0.784689,1.000000,0,0,0,7,0,10.500000,12.000000,15.857143,1.000000,1.000000
b,T4,ROUTE_BLOCKED,89,77,0.865169,0.778961,0.921157,0,0,12,0,0,0.000000,7.123596,15.550562,1.089888,1.000000
