repository,commit_sha,experiment,reuse_mode,selected_path,path_status,operation,platform,python_requirement,compiler_or_runtime,smoke_command,smoke_status,classification,license_status,license_spdx,disk_bytes,download_bytes,blocker,notes
act,742c753c0d4a5d87076c8f69e5628c79a8cc5488,02_action_chunks,SPARSE_REFERENCE,detr,EXISTS,,,,,,NOT_RUN,NOT_EVALUATED,DISCOVERED,MIT,0,0,,
act,742c753c0d4a5d87076c8f69e5628c79a8cc5488,02_action_chunks,SPARSE_REFERENCE,imitate_episodes.py,EXISTS,,,,,,NOT_RUN,NOT_EVALUATED,DISCOVERED,MIT,0,0,,
act,742c753c0d4a5d87076c8f69e5628c79a8cc5488,02_action_chunks,SPARSE_REFERENCE,policy.py,EXISTS,,,,,,NOT_RUN,NOT_EVALUATED,DISCOVERED,MIT,0,0,,
act,742c753c0d4a5d87076c8f69e5628c79a8cc5488,02_action_chunks,SPARSE_REFERENCE,sim_env.py,EXISTS,,,,,,NOT_RUN,NOT_EVALUATED,DISCOVERED,MIT,0,0,,
act,742c753c0d4a5d87076c8f69e5628c79a8cc5488,07_specialist_skill,SPARSE_REFERENCE,detr,EXISTS,,,,,,NOT_RUN,NOT_EVALUATED,DISCOVERED,MIT,0,0,,
act,742c753c0d4a5d87076c8f69e5628c79a8cc5488,07_specialist_skill,SPARSE_REFERENCE,imitate_episodes.py,EXISTS,,,,,,NOT_RUN,NOT_EVALUATED,DISCOVERED,MIT,0,0,,
act,742c753c0d4a5d87076c8f69e5628c79a8cc5488,07_specialist_skill,SPARSE_REFERENCE,policy.py,EXISTS,,,,,,NOT_RUN,NOT_EVALUATED,DISCOVERED,MIT,0,0,,
act,742c753c0d4a5d87076c8f69e5628c79a8cc5488,07_specialist_skill,SPARSE_REFERENCE,sim_env.py,EXISTS,,,,,,NOT_RUN,NOT_EVALUATED,DISCOVERED,MIT,0,0,,
behaviortree_cpp,c88a9f429a421b312599a07fa8902524b09bf90a,03_recovery,SPARSE_REFERENCE,examples,EXISTS,,,,,,NOT_RUN,NOT_EVALUATED,DISCOVERED,MIT,0,0,,
behaviortree_cpp,c88a9f429a421b312599a07fa8902524b09bf90a,03_recovery,SPARSE_REFERENCE,include/behaviortree_cpp,EXISTS,,,,,,NOT_RUN,NOT_EVALUATED,DISCOVERED,MIT,0,0,,
behaviortree_cpp,c88a9f429a421b312599a07fa8902524b09bf90a,03_recovery,SPARSE_REFERENCE,tests,EXISTS,,,,,,NOT_RUN,NOT_EVALUATED,DISCOVERED,MIT,0,0,,
behaviortree_cpp,c88a9f429a421b312599a07fa8902524b09bf90a,09_mini_reflect,SPARSE_REFERENCE,examples,EXISTS,,,,,,NOT_RUN,NOT_EVALUATED,DISCOVERED,MIT,0,0,,
behaviortree_cpp,c88a9f429a421b312599a07fa8902524b09bf90a,09_mini_reflect,SPARSE_REFERENCE,include/behaviortree_cpp,EXISTS,,,,,,NOT_RUN,NOT_EVALUATED,DISCOVERED,MIT,0,0,,
behaviortree_cpp,c88a9f429a421b312599a07fa8902524b09bf90a,09_mini_reflect,SPARSE_REFERENCE,tests,EXISTS,,,,,,NOT_RUN,NOT_EVALUATED,DISCOVERED,MIT,0,0,,
conceptgraphs,93277a02bd89171f8121e84203121cf7af9ebb5d,04_memory,DEFERRED,README.md,EXISTS,,,,,,NOT_RUN,NOT_EVALUATED,DISCOVERED,MIT,0,0,,
conceptgraphs,93277a02bd89171f8121e84203121cf7af9ebb5d,04_memory,DEFERRED,conceptgraph/scenegraph,EXISTS,,,,,,NOT_RUN,NOT_EVALUATED,DISCOVERED,MIT,0,0,,
conceptgraphs,93277a02bd89171f8121e84203121cf7af9ebb5d,04_memory,DEFERRED,conceptgraph/slam,EXISTS,,,,,,NOT_RUN,NOT_EVALUATED,DISCOVERED,MIT,0,0,,
conceptgraphs,93277a02bd89171f8121e84203121cf7af9ebb5d,04_memory,DEFERRED,scripts,MISSING,,,,,,NOT_RUN,PATH_CHANGED,DISCOVERED,MIT,0,0,,
conceptgraphs,93277a02bd89171f8121e84203121cf7af9ebb5d,05_semantic_twin,DEFERRED,README.md,EXISTS,,,,,,NOT_RUN,NOT_EVALUATED,DISCOVERED,MIT,0,0,,
conceptgraphs,93277a02bd89171f8121e84203121cf7af9ebb5d,05_semantic_twin,DEFERRED,conceptgraph/scenegraph,EXISTS,,,,,,NOT_RUN,NOT_EVALUATED,DISCOVERED,MIT,0,0,,
conceptgraphs,93277a02bd89171f8121e84203121cf7af9ebb5d,05_semantic_twin,DEFERRED,conceptgraph/slam,EXISTS,,,,,,NOT_RUN,NOT_EVALUATED,DISCOVERED,MIT,0,0,,
conceptgraphs,93277a02bd89171f8121e84203121cf7af9ebb5d,05_semantic_twin,DEFERRED,scripts,MISSING,,,,,,NOT_RUN,PATH_CHANGED,DISCOVERED,MIT,0,0,,
conceptgraphs,93277a02bd89171f8121e84203121cf7af9ebb5d,10_r2s2r,DEFERRED,README.md,EXISTS,,,,,,NOT_RUN,NOT_EVALUATED,DISCOVERED,MIT,0,0,,
conceptgraphs,93277a02bd89171f8121e84203121cf7af9ebb5d,10_r2s2r,DEFERRED,conceptgraph/scenegraph,EXISTS,,,,,,NOT_RUN,NOT_EVALUATED,DISCOVERED,MIT,0,0,,
conceptgraphs,93277a02bd89171f8121e84203121cf7af9ebb5d,10_r2s2r,DEFERRED,conceptgraph/slam,EXISTS,,,,,,NOT_RUN,NOT_EVALUATED,DISCOVERED,MIT,0,0,,
conceptgraphs,93277a02bd89171f8121e84203121cf7af9ebb5d,10_r2s2r,DEFERRED,scripts,MISSING,,,,,,NOT_RUN,PATH_CHANGED,DISCOVERED,MIT,0,0,,
curobo,8e734f3ced1df898990bcd92de40abce475907db,01_policy_control,REMOTE_ONLY,docs,EXISTS,,,,,,NOT_RUN,LICENSE_REVIEW_REQUIRED,UNKNOWN,,0,0,,
curobo,8e734f3ced1df898990bcd92de40abce475907db,01_policy_control,REMOTE_ONLY,examples,MISSING,,,,,,NOT_RUN,PATH_CHANGED,UNKNOWN,,0,0,,
curobo,8e734f3ced1df898990bcd92de40abce475907db,01_policy_control,REMOTE_ONLY,src/curobo,MISSING,,,,,,NOT_RUN,PATH_CHANGED,UNKNOWN,,0,0,,
curobo,8e734f3ced1df898990bcd92de40abce475907db,08_unitree_r1,REMOTE_ONLY,docs,EXISTS,,,,,,NOT_RUN,LICENSE_REVIEW_REQUIRED,UNKNOWN,,0,0,,
curobo,8e734f3ced1df898990bcd92de40abce475907db,08_unitree_r1,REMOTE_ONLY,examples,MISSING,,,,,,NOT_RUN,PATH_CHANGED,UNKNOWN,,0,0,,
curobo,8e734f3ced1df898990bcd92de40abce475907db,08_unitree_r1,REMOTE_ONLY,src/curobo,MISSING,,,,,,NOT_RUN,PATH_CHANGED,UNKNOWN,,0,0,,
diffusion_policy,5ba07ac6661db573af695b419a7947ecb704690f,06_world_model,SPARSE_REFERENCE,diffusion_policy/config/task/pusht_image.yaml,EXISTS,,,,,,NOT_RUN,NOT_EVALUATED,DISCOVERED,MIT,0,0,,
diffusion_policy,5ba07ac6661db573af695b419a7947ecb704690f,06_world_model,SPARSE_REFERENCE,diffusion_policy/dataset/pusht_image_dataset.py,EXISTS,,,,,,NOT_RUN,NOT_EVALUATED,DISCOVERED,MIT,0,0,,
diffusion_policy,5ba07ac6661db573af695b419a7947ecb704690f,06_world_model,SPARSE_REFERENCE,diffusion_policy/env/pusht,EXISTS,,,,,,NOT_RUN,NOT_EVALUATED,DISCOVERED,MIT,0,0,,
diffusion_policy,5ba07ac6661db573af695b419a7947ecb704690f,06_world_model,SPARSE_REFERENCE,diffusion_policy/env_runner/pusht_image_runner.py,EXISTS,,,,,,NOT_RUN,NOT_EVALUATED,DISCOVERED,MIT,0,0,,
diffusion_policy,5ba07ac6661db573af695b419a7947ecb704690f,07_specialist_skill,SPARSE_REFERENCE,diffusion_policy/config/task/pusht_image.yaml,EXISTS,,,,,,NOT_RUN,NOT_EVALUATED,DISCOVERED,MIT,0,0,,
diffusion_policy,5ba07ac6661db573af695b419a7947ecb704690f,07_specialist_skill,SPARSE_REFERENCE,diffusion_policy/dataset/pusht_image_dataset.py,EXISTS,,,,,,NOT_RUN,NOT_EVALUATED,DISCOVERED,MIT,0,0,,
diffusion_policy,5ba07ac6661db573af695b419a7947ecb704690f,07_specialist_skill,SPARSE_REFERENCE,diffusion_policy/env/pusht,EXISTS,,,,,,NOT_RUN,NOT_EVALUATED,DISCOVERED,MIT,0,0,,
diffusion_policy,5ba07ac6661db573af695b419a7947ecb704690f,07_specialist_skill,SPARSE_REFERENCE,diffusion_policy/env_runner/pusht_image_runner.py,EXISTS,,,,,,NOT_RUN,NOT_EVALUATED,DISCOVERED,MIT,0,0,,
dino_wm,0a9492fa12044b852ae9e001cc74604b79c8bb0c,06_world_model,SPARSE_REFERENCE,conf,EXISTS,,,,,,NOT_RUN,NOT_EVALUATED,DISCOVERED,MIT,0,0,,
dino_wm,0a9492fa12044b852ae9e001cc74604b79c8bb0c,06_world_model,SPARSE_REFERENCE,env,EXISTS,,,,,,NOT_RUN,NOT_EVALUATED,DISCOVERED,MIT,0,0,,
dino_wm,0a9492fa12044b852ae9e001cc74604b79c8bb0c,06_world_model,SPARSE_REFERENCE,models,EXISTS,,,,,,NOT_RUN,NOT_EVALUATED,DISCOVERED,MIT,0,0,,
dino_wm,0a9492fa12044b852ae9e001cc74604b79c8bb0c,06_world_model,SPARSE_REFERENCE,plan.py,EXISTS,,,,,,NOT_RUN,NOT_EVALUATED,DISCOVERED,MIT,0,0,,
dino_wm,0a9492fa12044b852ae9e001cc74604b79c8bb0c,06_world_model,SPARSE_REFERENCE,planning,EXISTS,,,,,,NOT_RUN,NOT_EVALUATED,DISCOVERED,MIT,0,0,,
hatchling,ed8e30bebf98f2fe4d70c18a32a50a8160c391cb,bootstrap,DIRECT_DEPENDENCY,,EXISTS,,,,,,NOT_RUN,NOT_EVALUATED,DISCOVERED,MIT,0,0,,
hydra_scene_graph,2e58a35baea629eee8838409771876acff015daf,04_memory,PAPER_AND_CODE_REFERENCE,config,EXISTS,,,,,,NOT_RUN,NOT_EVALUATED,DISCOVERED,BSD-2-Clause,0,0,,
hydra_scene_graph,2e58a35baea629eee8838409771876acff015daf,04_memory,PAPER_AND_CODE_REFERENCE,include,EXISTS,,,,,,NOT_RUN,NOT_EVALUATED,DISCOVERED,BSD-2-Clause,0,0,,
hydra_scene_graph,2e58a35baea629eee8838409771876acff015daf,04_memory,PAPER_AND_CODE_REFERENCE,python,EXISTS,,,,,,NOT_RUN,NOT_EVALUATED,DISCOVERED,BSD-2-Clause,0,0,,
hydra_scene_graph,2e58a35baea629eee8838409771876acff015daf,04_memory,PAPER_AND_CODE_REFERENCE,src,EXISTS,,,,,,NOT_RUN,NOT_EVALUATED,DISCOVERED,BSD-2-Clause,0,0,,
hydra_scene_graph,2e58a35baea629eee8838409771876acff015daf,05_semantic_twin,PAPER_AND_CODE_REFERENCE,config,EXISTS,,,,,,NOT_RUN,NOT_EVALUATED,DISCOVERED,BSD-2-Clause,0,0,,
hydra_scene_graph,2e58a35baea629eee8838409771876acff015daf,05_semantic_twin,PAPER_AND_CODE_REFERENCE,include,EXISTS,,,,,,NOT_RUN,NOT_EVALUATED,DISCOVERED,BSD-2-Clause,0,0,,
hydra_scene_graph,2e58a35baea629eee8838409771876acff015daf,05_semantic_twin,PAPER_AND_CODE_REFERENCE,python,EXISTS,,,,,,NOT_RUN,NOT_EVALUATED,DISCOVERED,BSD-2-Clause,0,0,,
hydra_scene_graph,2e58a35baea629eee8838409771876acff015daf,05_semantic_twin,PAPER_AND_CODE_REFERENCE,src,EXISTS,,,,,,NOT_RUN,NOT_EVALUATED,DISCOVERED,BSD-2-Clause,0,0,,
hydra_scene_graph,2e58a35baea629eee8838409771876acff015daf,10_r2s2r,PAPER_AND_CODE_REFERENCE,config,EXISTS,,,,,,NOT_RUN,NOT_EVALUATED,DISCOVERED,BSD-2-Clause,0,0,,
hydra_scene_graph,2e58a35baea629eee8838409771876acff015daf,10_r2s2r,PAPER_AND_CODE_REFERENCE,include,EXISTS,,,,,,NOT_RUN,NOT_EVALUATED,DISCOVERED,BSD-2-Clause,0,0,,
hydra_scene_graph,2e58a35baea629eee8838409771876acff015daf,10_r2s2r,PAPER_AND_CODE_REFERENCE,python,EXISTS,,,,,,NOT_RUN,NOT_EVALUATED,DISCOVERED,BSD-2-Clause,0,0,,
hydra_scene_graph,2e58a35baea629eee8838409771876acff015daf,10_r2s2r,PAPER_AND_CODE_REFERENCE,src,EXISTS,,,,,,NOT_RUN,NOT_EVALUATED,DISCOVERED,BSD-2-Clause,0,0,,
hydrax,bd53d43d414e19557d38ee6c72613bf2e39fe834,06_world_model,REMOTE_ONLY,examples,EXISTS,,,,,,NOT_RUN,NOT_EVALUATED,DISCOVERED,MIT,0,0,,
hydrax,bd53d43d414e19557d38ee6c72613bf2e39fe834,06_world_model,REMOTE_ONLY,hydrax,EXISTS,,,,,,NOT_RUN,NOT_EVALUATED,DISCOVERED,MIT,0,0,,
hydrax,bd53d43d414e19557d38ee6c72613bf2e39fe834,06_world_model,REMOTE_ONLY,tests,EXISTS,,,,,,NOT_RUN,NOT_EVALUATED,DISCOVERED,MIT,0,0,,
ifcopenshell,9089a20ce3f25040baac4f1f303336c70026cb67,05_semantic_twin,DEFERRED,docs,EXISTS,,,,,,NOT_RUN,NOT_EVALUATED,UNKNOWN,,0,0,,
ifcopenshell,9089a20ce3f25040baac4f1f303336c70026cb67,05_semantic_twin,DEFERRED,examples,MISSING,,,,,,NOT_RUN,PATH_CHANGED,UNKNOWN,,0,0,,
ifcopenshell,9089a20ce3f25040baac4f1f303336c70026cb67,05_semantic_twin,DEFERRED,src/ifcopenshell-python,EXISTS,,,,,,NOT_RUN,NOT_EVALUATED,UNKNOWN,,0,0,,
ifcopenshell,9089a20ce3f25040baac4f1f303336c70026cb67,10_r2s2r,DEFERRED,docs,EXISTS,,,,,,NOT_RUN,NOT_EVALUATED,UNKNOWN,,0,0,,
ifcopenshell,9089a20ce3f25040baac4f1f303336c70026cb67,10_r2s2r,DEFERRED,examples,MISSING,,,,,,NOT_RUN,PATH_CHANGED,UNKNOWN,,0,0,,
ifcopenshell,9089a20ce3f25040baac4f1f303336c70026cb67,10_r2s2r,DEFERRED,src/ifcopenshell-python,EXISTS,,,,,,NOT_RUN,NOT_EVALUATED,UNKNOWN,,0,0,,
ifcopenshell_test_files,9fc2267d7f1ff35284c5b0fc28cc97bff7ace8e7,05_semantic_twin,SPARSE_REFERENCE,ifc,MISSING,,,,,,NOT_RUN,PATH_CHANGED,UNKNOWN,,0,0,,
isaac_lab,8436eae13aaabd3a42c33c78435b3de44e6a36b2,10_r2s2r,REMOTE_ONLY,apps,EXISTS,,,,,,NOT_RUN,LICENSE_REVIEW_REQUIRED,UNKNOWN,,0,0,,
isaac_lab,8436eae13aaabd3a42c33c78435b3de44e6a36b2,10_r2s2r,REMOTE_ONLY,docs,EXISTS,,,,,,NOT_RUN,LICENSE_REVIEW_REQUIRED,UNKNOWN,,0,0,,
isaac_lab,8436eae13aaabd3a42c33c78435b3de44e6a36b2,10_r2s2r,REMOTE_ONLY,scripts,EXISTS,,,,,,NOT_RUN,LICENSE_REVIEW_REQUIRED,UNKNOWN,,0,0,,
isaac_lab,8436eae13aaabd3a42c33c78435b3de44e6a36b2,10_r2s2r,REMOTE_ONLY,source,EXISTS,,,,,,NOT_RUN,LICENSE_REVIEW_REQUIRED,UNKNOWN,,0,0,,
isaac_lab_arena,8039fbdb9afd5e99784808fd907c29467a956688,10_r2s2r,DEFERRED,docs,EXISTS,,,,,,NOT_RUN,NOT_EVALUATED,UNKNOWN,,0,0,,
isaac_lab_arena,8039fbdb9afd5e99784808fd907c29467a956688,10_r2s2r,DEFERRED,scripts,MISSING,,,,,,NOT_RUN,PATH_CHANGED,UNKNOWN,,0,0,,
isaac_lab_arena,8039fbdb9afd5e99784808fd907c29467a956688,10_r2s2r,DEFERRED,source,MISSING,,,,,,NOT_RUN,PATH_CHANGED,UNKNOWN,,0,0,,
isaac_launchable,d884909d03d27bdb52d27d516790a4c3a8f82354,10_r2s2r,DEFERRED,README.md,EXISTS,,,,,,NOT_RUN,NOT_EVALUATED,UNKNOWN,,0,0,,
isaac_launchable,d884909d03d27bdb52d27d516790a4c3a8f82354,10_r2s2r,DEFERRED,docker,MISSING,,,,,,NOT_RUN,PATH_CHANGED,UNKNOWN,,0,0,,
isaac_launchable,d884909d03d27bdb52d27d516790a4c3a8f82354,10_r2s2r,DEFERRED,scripts,MISSING,,,,,,NOT_RUN,PATH_CHANGED,UNKNOWN,,0,0,,
isaac_sim,987015050efebfd0cd5d3736ae47fffe5adee308,10_r2s2r,REMOTE_ONLY,README.md,EXISTS,,,,,,NOT_RUN,LICENSE_REVIEW_REQUIRED,UNKNOWN,,0,0,,
isaac_sim,987015050efebfd0cd5d3736ae47fffe5adee308,10_r2s2r,REMOTE_ONLY,apps,MISSING,,,,,,NOT_RUN,PATH_CHANGED,UNKNOWN,,0,0,,
isaac_sim,987015050efebfd0cd5d3736ae47fffe5adee308,10_r2s2r,REMOTE_ONLY,source,EXISTS,,,,,,NOT_RUN,LICENSE_REVIEW_REQUIRED,UNKNOWN,,0,0,,
isaac_sim,987015050efebfd0cd5d3736ae47fffe5adee308,10_r2s2r,REMOTE_ONLY,tools,EXISTS,,,,,,NOT_RUN,LICENSE_REVIEW_REQUIRED,UNKNOWN,,0,0,,
kimera,fc33760636068ea0b2dca5e9d7958ee9a03888b1,05_semantic_twin,PAPER_AND_CODE_REFERENCE,README.md,EXISTS,,,,,,NOT_RUN,NOT_EVALUATED,DISCOVERED,BSD-2-Clause,0,0,,
kimera,fc33760636068ea0b2dca5e9d7958ee9a03888b1,10_r2s2r,PAPER_AND_CODE_REFERENCE,README.md,EXISTS,,,,,,NOT_RUN,NOT_EVALUATED,DISCOVERED,BSD-2-Clause,0,0,,
lawam,4ea6fdadce6c9b8746028307a246b79ee2c4fd55,06_world_model,REMOTE_ONLY,deployment,EXISTS,,,,,,NOT_RUN,LICENSE_REVIEW_REQUIRED,UNKNOWN,,0,0,,
lawam,4ea6fdadce6c9b8746028307a246b79ee2c4fd55,06_world_model,REMOTE_ONLY,examples/LIBERO,EXISTS,,,,,,NOT_RUN,LICENSE_REVIEW_REQUIRED,UNKNOWN,,0,0,,
lawam,4ea6fdadce6c9b8746028307a246b79ee2c4fd55,06_world_model,REMOTE_ONLY,examples/Robotwin,EXISTS,,,,,,NOT_RUN,LICENSE_REVIEW_REQUIRED,UNKNOWN,,0,0,,
lawam,4ea6fdadce6c9b8746028307a246b79ee2c4fd55,06_world_model,REMOTE_ONLY,latent_action_model,EXISTS,,,,,,NOT_RUN,LICENSE_REVIEW_REQUIRED,UNKNOWN,,0,0,,
lawam,4ea6fdadce6c9b8746028307a246b79ee2c4fd55,06_world_model,REMOTE_ONLY,starVLA,EXISTS,,,,,,NOT_RUN,LICENSE_REVIEW_REQUIRED,UNKNOWN,,0,0,,
lawam,4ea6fdadce6c9b8746028307a246b79ee2c4fd55,09_mini_reflect,REMOTE_ONLY,deployment,EXISTS,,,,,,NOT_RUN,LICENSE_REVIEW_REQUIRED,UNKNOWN,,0,0,,
lawam,4ea6fdadce6c9b8746028307a246b79ee2c4fd55,09_mini_reflect,REMOTE_ONLY,examples/LIBERO,EXISTS,,,,,,NOT_RUN,LICENSE_REVIEW_REQUIRED,UNKNOWN,,0,0,,
lawam,4ea6fdadce6c9b8746028307a246b79ee2c4fd55,09_mini_reflect,REMOTE_ONLY,examples/Robotwin,EXISTS,,,,,,NOT_RUN,LICENSE_REVIEW_REQUIRED,UNKNOWN,,0,0,,
lawam,4ea6fdadce6c9b8746028307a246b79ee2c4fd55,09_mini_reflect,REMOTE_ONLY,latent_action_model,EXISTS,,,,,,NOT_RUN,LICENSE_REVIEW_REQUIRED,UNKNOWN,,0,0,,
lawam,4ea6fdadce6c9b8746028307a246b79ee2c4fd55,09_mini_reflect,REMOTE_ONLY,starVLA,EXISTS,,,,,,NOT_RUN,LICENSE_REVIEW_REQUIRED,UNKNOWN,,0,0,,
lerobot,7427f31801f944f5ec9ce53cda02862ce7d1638b,02_action_chunks,SPARSE_REFERENCE,docs/source/async.mdx,EXISTS,,,,,,NOT_RUN,NOT_EVALUATED,DISCOVERED,Apache-2.0,0,0,,
lerobot,7427f31801f944f5ec9ce53cda02862ce7d1638b,02_action_chunks,SPARSE_REFERENCE,docs/source/inference.mdx,EXISTS,,,,,,NOT_RUN,NOT_EVALUATED,DISCOVERED,Apache-2.0,0,0,,
lerobot,7427f31801f944f5ec9ce53cda02862ce7d1638b,02_action_chunks,SPARSE_REFERENCE,docs/source/rtc.mdx,EXISTS,,,,,,NOT_RUN,NOT_EVALUATED,DISCOVERED,Apache-2.0,0,0,,
lerobot,7427f31801f944f5ec9ce53cda02862ce7d1638b,02_action_chunks,SPARSE_REFERENCE,src/lerobot/async_inference,EXISTS,,,,,,NOT_RUN,NOT_EVALUATED,DISCOVERED,Apache-2.0,0,0,,
lerobot,7427f31801f944f5ec9ce53cda02862ce7d1638b,02_action_chunks,SPARSE_REFERENCE,src/lerobot/policies/act,EXISTS,,,,,,NOT_RUN,NOT_EVALUATED,DISCOVERED,Apache-2.0,0,0,,
lerobot,7427f31801f944f5ec9ce53cda02862ce7d1638b,02_action_chunks,SPARSE_REFERENCE,src/lerobot/policies/rtc,EXISTS,,,,,,NOT_RUN,NOT_EVALUATED,DISCOVERED,Apache-2.0,0,0,,
lerobot,7427f31801f944f5ec9ce53cda02862ce7d1638b,02_action_chunks,SPARSE_REFERENCE,src/lerobot/policies/smolvla,EXISTS,,,,,,NOT_RUN,NOT_EVALUATED,DISCOVERED,Apache-2.0,0,0,,
lerobot,7427f31801f944f5ec9ce53cda02862ce7d1638b,07_specialist_skill,SPARSE_REFERENCE,docs/source/async.mdx,EXISTS,,,,,,NOT_RUN,NOT_EVALUATED,DISCOVERED,Apache-2.0,0,0,,
lerobot,7427f31801f944f5ec9ce53cda02862ce7d1638b,07_specialist_skill,SPARSE_REFERENCE,docs/source/inference.mdx,EXISTS,,,,,,NOT_RUN,NOT_EVALUATED,DISCOVERED,Apache-2.0,0,0,,
lerobot,7427f31801f944f5ec9ce53cda02862ce7d1638b,07_specialist_skill,SPARSE_REFERENCE,docs/source/rtc.mdx,EXISTS,,,,,,NOT_RUN,NOT_EVALUATED,DISCOVERED,Apache-2.0,0,0,,
lerobot,7427f31801f944f5ec9ce53cda02862ce7d1638b,07_specialist_skill,SPARSE_REFERENCE,src/lerobot/async_inference,EXISTS,,,,,,NOT_RUN,NOT_EVALUATED,DISCOVERED,Apache-2.0,0,0,,
lerobot,7427f31801f944f5ec9ce53cda02862ce7d1638b,07_specialist_skill,SPARSE_REFERENCE,src/lerobot/policies/act,EXISTS,,,,,,NOT_RUN,NOT_EVALUATED,DISCOVERED,Apache-2.0,0,0,,
lerobot,7427f31801f944f5ec9ce53cda02862ce7d1638b,07_specialist_skill,SPARSE_REFERENCE,src/lerobot/policies/rtc,EXISTS,,,,,,NOT_RUN,NOT_EVALUATED,DISCOVERED,Apache-2.0,0,0,,
lerobot,7427f31801f944f5ec9ce53cda02862ce7d1638b,07_specialist_skill,SPARSE_REFERENCE,src/lerobot/policies/smolvla,EXISTS,,,,,,NOT_RUN,NOT_EVALUATED,DISCOVERED,Apache-2.0,0,0,,
lerobot,7427f31801f944f5ec9ce53cda02862ce7d1638b,08_unitree_r1,SPARSE_REFERENCE,docs/source/async.mdx,EXISTS,,,,,,NOT_RUN,NOT_EVALUATED,DISCOVERED,Apache-2.0,0,0,,
lerobot,7427f31801f944f5ec9ce53cda02862ce7d1638b,08_unitree_r1,SPARSE_REFERENCE,docs/source/inference.mdx,EXISTS,,,,,,NOT_RUN,NOT_EVALUATED,DISCOVERED,Apache-2.0,0,0,,
lerobot,7427f31801f944f5ec9ce53cda02862ce7d1638b,08_unitree_r1,SPARSE_REFERENCE,docs/source/rtc.mdx,EXISTS,,,,,,NOT_RUN,NOT_EVALUATED,DISCOVERED,Apache-2.0,0,0,,
lerobot,7427f31801f944f5ec9ce53cda02862ce7d1638b,08_unitree_r1,SPARSE_REFERENCE,src/lerobot/async_inference,EXISTS,,,,,,NOT_RUN,NOT_EVALUATED,DISCOVERED,Apache-2.0,0,0,,
lerobot,7427f31801f944f5ec9ce53cda02862ce7d1638b,08_unitree_r1,SPARSE_REFERENCE,src/lerobot/policies/act,EXISTS,,,,,,NOT_RUN,NOT_EVALUATED,DISCOVERED,Apache-2.0,0,0,,
lerobot,7427f31801f944f5ec9ce53cda02862ce7d1638b,08_unitree_r1,SPARSE_REFERENCE,src/lerobot/policies/rtc,EXISTS,,,,,,NOT_RUN,NOT_EVALUATED,DISCOVERED,Apache-2.0,0,0,,
lerobot,7427f31801f944f5ec9ce53cda02862ce7d1638b,08_unitree_r1,SPARSE_REFERENCE,src/lerobot/policies/smolvla,EXISTS,,,,,,NOT_RUN,NOT_EVALUATED,DISCOVERED,Apache-2.0,0,0,,
libero,8f1084e3132a39270c3a13ebe37270a43ece2a01,07_specialist_skill,DEFERRED,benchmark_scripts,EXISTS,,,,,,NOT_RUN,NOT_EVALUATED,DISCOVERED,MIT,0,0,,
libero,8f1084e3132a39270c3a13ebe37270a43ece2a01,07_specialist_skill,DEFERRED,libero,EXISTS,,,,,,NOT_RUN,NOT_EVALUATED,DISCOVERED,MIT,0,0,,
libero,8f1084e3132a39270c3a13ebe37270a43ece2a01,09_mini_reflect,DEFERRED,benchmark_scripts,EXISTS,,,,,,NOT_RUN,NOT_EVALUATED,DISCOVERED,MIT,0,0,,
libero,8f1084e3132a39270c3a13ebe37270a43ece2a01,09_mini_reflect,DEFERRED,libero,EXISTS,,,,,,NOT_RUN,NOT_EVALUATED,DISCOVERED,MIT,0,0,,
mink,ab45779fea46933832dee1c240f94103633347a1,01_policy_control,ADAPTER_DEPENDENCY,examples,EXISTS,,,,,,NOT_RUN,NOT_EVALUATED,DISCOVERED,Apache-2.0,0,0,,
mink,ab45779fea46933832dee1c240f94103633347a1,01_policy_control,ADAPTER_DEPENDENCY,mink,MISSING,,,,,,NOT_RUN,PATH_CHANGED,DISCOVERED,Apache-2.0,0,0,,
mink,ab45779fea46933832dee1c240f94103633347a1,01_policy_control,ADAPTER_DEPENDENCY,tests,EXISTS,,,,,,NOT_RUN,NOT_EVALUATED,DISCOVERED,Apache-2.0,0,0,,
mjctrl,f1c82c257248e2e52b0e6c1beaf23c6a2026e4f2,01_policy_control,SPARSE_REFERENCE,*.py,EXISTS,AST_PARSE,macos-arm64,>=3.11,python-3.11,ast_parse *.py,PASS,SOURCE_REFERENCE_ONLY,DISCOVERED,Apache-2.0,14710,0,,bounded read-only static source inspection
mjctrl,f1c82c257248e2e52b0e6c1beaf23c6a2026e4f2,01_policy_control,SPARSE_REFERENCE,README.md,EXISTS,,,,,,NOT_RUN,NOT_EVALUATED,DISCOVERED,Apache-2.0,0,0,,
moveit2,8fcb5d2327767af3c764b1348a69a9b74c5efd18,01_policy_control,PAPER_AND_CODE_REFERENCE,moveit_core,EXISTS,,,,,,NOT_RUN,NOT_EVALUATED,DISCOVERED,BSD-3-Clause,0,0,,
moveit2,8fcb5d2327767af3c764b1348a69a9b74c5efd18,01_policy_control,PAPER_AND_CODE_REFERENCE,moveit_planners,EXISTS,,,,,,NOT_RUN,NOT_EVALUATED,DISCOVERED,BSD-3-Clause,0,0,,
moveit2,8fcb5d2327767af3c764b1348a69a9b74c5efd18,01_policy_control,PAPER_AND_CODE_REFERENCE,moveit_ros/moveit_servo,EXISTS,,,,,,NOT_RUN,NOT_EVALUATED,DISCOVERED,BSD-3-Clause,0,0,,
moveit2,8fcb5d2327767af3c764b1348a69a9b74c5efd18,08_unitree_r1,PAPER_AND_CODE_REFERENCE,moveit_core,EXISTS,,,,,,NOT_RUN,NOT_EVALUATED,DISCOVERED,BSD-3-Clause,0,0,,
moveit2,8fcb5d2327767af3c764b1348a69a9b74c5efd18,08_unitree_r1,PAPER_AND_CODE_REFERENCE,moveit_planners,EXISTS,,,,,,NOT_RUN,NOT_EVALUATED,DISCOVERED,BSD-3-Clause,0,0,,
moveit2,8fcb5d2327767af3c764b1348a69a9b74c5efd18,08_unitree_r1,PAPER_AND_CODE_REFERENCE,moveit_ros/moveit_servo,EXISTS,,,,,,NOT_RUN,NOT_EVALUATED,DISCOVERED,BSD-3-Clause,0,0,,
mujoco,a7255075b003506ff5f34b512d88e02df12a73c6,01_policy_control,DIRECT_DEPENDENCY,model,EXISTS,,,,,,NOT_RUN,NOT_EVALUATED,DISCOVERED,Apache-2.0,0,0,,
mujoco,a7255075b003506ff5f34b512d88e02df12a73c6,01_policy_control,DIRECT_DEPENDENCY,python,EXISTS,PACKAGE_RUNTIME,darwin-arm64,">=3.11,<3.12",mujoco-3.12.0;python-3.11.13,mujoco headless-one-step,PASS,WORKS_LOCAL_M2,DISCOVERED,Apache-2.0,50322808,0,,published package smoke; P2 Git SHA retained only as registry provenance
mujoco,a7255075b003506ff5f34b512d88e02df12a73c6,01_policy_control,DIRECT_DEPENDENCY,sample,EXISTS,,,,,,NOT_RUN,NOT_EVALUATED,DISCOVERED,Apache-2.0,0,0,,
mujoco,a7255075b003506ff5f34b512d88e02df12a73c6,01_policy_control,DIRECT_DEPENDENCY,test,EXISTS,,,,,,NOT_RUN,NOT_EVALUATED,DISCOVERED,Apache-2.0,0,0,,
mujoco,a7255075b003506ff5f34b512d88e02df12a73c6,02_action_chunks,DIRECT_DEPENDENCY,model,EXISTS,,,,,,NOT_RUN,NOT_EVALUATED,DISCOVERED,Apache-2.0,0,0,,
mujoco,a7255075b003506ff5f34b512d88e02df12a73c6,02_action_chunks,DIRECT_DEPENDENCY,python,EXISTS,,,,,,NOT_RUN,NOT_EVALUATED,DISCOVERED,Apache-2.0,0,0,,
mujoco,a7255075b003506ff5f34b512d88e02df12a73c6,02_action_chunks,DIRECT_DEPENDENCY,sample,EXISTS,,,,,,NOT_RUN,NOT_EVALUATED,DISCOVERED,Apache-2.0,0,0,,
mujoco,a7255075b003506ff5f34b512d88e02df12a73c6,02_action_chunks,DIRECT_DEPENDENCY,test,EXISTS,,,,,,NOT_RUN,NOT_EVALUATED,DISCOVERED,Apache-2.0,0,0,,
mujoco,a7255075b003506ff5f34b512d88e02df12a73c6,03_recovery,DIRECT_DEPENDENCY,model,EXISTS,,,,,,NOT_RUN,NOT_EVALUATED,DISCOVERED,Apache-2.0,0,0,,
mujoco,a7255075b003506ff5f34b512d88e02df12a73c6,03_recovery,DIRECT_DEPENDENCY,python,EXISTS,,,,,,NOT_RUN,NOT_EVALUATED,DISCOVERED,Apache-2.0,0,0,,
mujoco,a7255075b003506ff5f34b512d88e02df12a73c6,03_recovery,DIRECT_DEPENDENCY,sample,EXISTS,,,,,,NOT_RUN,NOT_EVALUATED,DISCOVERED,Apache-2.0,0,0,,
mujoco,a7255075b003506ff5f34b512d88e02df12a73c6,03_recovery,DIRECT_DEPENDENCY,test,EXISTS,,,,,,NOT_RUN,NOT_EVALUATED,DISCOVERED,Apache-2.0,0,0,,
mujoco,a7255075b003506ff5f34b512d88e02df12a73c6,06_world_model,DIRECT_DEPENDENCY,model,EXISTS,,,,,,NOT_RUN,NOT_EVALUATED,DISCOVERED,Apache-2.0,0,0,,
mujoco,a7255075b003506ff5f34b512d88e02df12a73c6,06_world_model,DIRECT_DEPENDENCY,python,EXISTS,,,,,,NOT_RUN,NOT_EVALUATED,DISCOVERED,Apache-2.0,0,0,,
mujoco,a7255075b003506ff5f34b512d88e02df12a73c6,06_world_model,DIRECT_DEPENDENCY,sample,EXISTS,,,,,,NOT_RUN,NOT_EVALUATED,DISCOVERED,Apache-2.0,0,0,,
mujoco,a7255075b003506ff5f34b512d88e02df12a73c6,06_world_model,DIRECT_DEPENDENCY,test,EXISTS,,,,,,NOT_RUN,NOT_EVALUATED,DISCOVERED,Apache-2.0,0,0,,
mujoco_menagerie,da76818e269b82289eba39808e2fb91d679d6994,01_policy_control,SPARSE_REFERENCE,README.md,EXISTS,,,,,,NOT_RUN,LICENSE_REVIEW_REQUIRED,UNKNOWN,,0,0,,
mujoco_menagerie,da76818e269b82289eba39808e2fb91d679d6994,01_policy_control,SPARSE_REFERENCE,franka_emika_panda,EXISTS,,,,,,NOT_RUN,LICENSE_REVIEW_REQUIRED,UNKNOWN,,0,0,,
mujoco_menagerie,da76818e269b82289eba39808e2fb91d679d6994,01_policy_control,SPARSE_REFERENCE,panda,MISSING,,,,,,NOT_RUN,PATH_CHANGED,UNKNOWN,,0,0,,
mujoco_menagerie,da76818e269b82289eba39808e2fb91d679d6994,01_policy_control,SPARSE_REFERENCE,universal_robots_ur5e,EXISTS,,,,,,NOT_RUN,LICENSE_REVIEW_REQUIRED,UNKNOWN,,0,0,,
mujoco_menagerie,da76818e269b82289eba39808e2fb91d679d6994,06_world_model,SPARSE_REFERENCE,README.md,EXISTS,,,,,,NOT_RUN,LICENSE_REVIEW_REQUIRED,UNKNOWN,,0,0,,
mujoco_menagerie,da76818e269b82289eba39808e2fb91d679d6994,06_world_model,SPARSE_REFERENCE,franka_emika_panda,EXISTS,,,,,,NOT_RUN,LICENSE_REVIEW_REQUIRED,UNKNOWN,,0,0,,
mujoco_menagerie,da76818e269b82289eba39808e2fb91d679d6994,06_world_model,SPARSE_REFERENCE,panda,MISSING,,,,,,NOT_RUN,PATH_CHANGED,UNKNOWN,,0,0,,
mujoco_menagerie,da76818e269b82289eba39808e2fb91d679d6994,06_world_model,SPARSE_REFERENCE,universal_robots_ur5e,EXISTS,,,,,,NOT_RUN,LICENSE_REVIEW_REQUIRED,UNKNOWN,,0,0,,
mujoco_mpc,ff572a21e7c2bf9fda62e1862a758da7e9a8719b,01_policy_control,SPARSE_REFERENCE,mjpc/planners,EXISTS,,,,,,NOT_RUN,NOT_EVALUATED,DISCOVERED,Apache-2.0,0,0,,
mujoco_mpc,ff572a21e7c2bf9fda62e1862a758da7e9a8719b,01_policy_control,SPARSE_REFERENCE,mjpc/tasks,EXISTS,,,,,,NOT_RUN,NOT_EVALUATED,DISCOVERED,Apache-2.0,0,0,,
mujoco_mpc,ff572a21e7c2bf9fda62e1862a758da7e9a8719b,01_policy_control,SPARSE_REFERENCE,python/mujoco_mpc,EXISTS,,,,,,NOT_RUN,NOT_EVALUATED,DISCOVERED,Apache-2.0,0,0,,
mujoco_mpc,ff572a21e7c2bf9fda62e1862a758da7e9a8719b,01_policy_control,SPARSE_REFERENCE,python/mujoco_mpc/demos/predictive_sampling,EXISTS,,,,,,NOT_RUN,NOT_EVALUATED,DISCOVERED,Apache-2.0,0,0,,
mujoco_mpc,ff572a21e7c2bf9fda62e1862a758da7e9a8719b,06_world_model,SPARSE_REFERENCE,mjpc/planners,EXISTS,,,,,,NOT_RUN,NOT_EVALUATED,DISCOVERED,Apache-2.0,0,0,,
mujoco_mpc,ff572a21e7c2bf9fda62e1862a758da7e9a8719b,06_world_model,SPARSE_REFERENCE,mjpc/tasks,EXISTS,,,,,,NOT_RUN,NOT_EVALUATED,DISCOVERED,Apache-2.0,0,0,,
mujoco_mpc,ff572a21e7c2bf9fda62e1862a758da7e9a8719b,06_world_model,SPARSE_REFERENCE,python/mujoco_mpc,EXISTS,,,,,,NOT_RUN,NOT_EVALUATED,DISCOVERED,Apache-2.0,0,0,,
mujoco_mpc,ff572a21e7c2bf9fda62e1862a758da7e9a8719b,06_world_model,SPARSE_REFERENCE,python/mujoco_mpc/demos/predictive_sampling,EXISTS,,,,,,NOT_RUN,NOT_EVALUATED,DISCOVERED,Apache-2.0,0,0,,
mujoco_ros2_control,c811dcca2039cf6a88af3077e3f3dbbbd9c37a66,08_unitree_r1,DEFERRED,README.md,EXISTS,,,,,,NOT_RUN,NOT_EVALUATED,DISCOVERED,MIT,0,0,,
mujoco_ros2_control,c811dcca2039cf6a88af3077e3f3dbbbd9c37a66,08_unitree_r1,DEFERRED,mujoco_ros2_control,EXISTS,,,,,,NOT_RUN,NOT_EVALUATED,DISCOVERED,MIT,0,0,,
navigation2,a3a97043ee93d92fe8d70ec56d183933169beb1c,03_recovery,SPARSE_REFERENCE,nav2_behavior_tree,EXISTS,,,,,,NOT_RUN,LICENSE_REVIEW_REQUIRED,UNKNOWN,,0,0,,
navigation2,a3a97043ee93d92fe8d70ec56d183933169beb1c,03_recovery,SPARSE_REFERENCE,nav2_behaviors,EXISTS,,,,,,NOT_RUN,LICENSE_REVIEW_REQUIRED,UNKNOWN,,0,0,,
navigation2,a3a97043ee93d92fe8d70ec56d183933169beb1c,03_recovery,SPARSE_REFERENCE,nav2_bt_navigator,EXISTS,,,,,,NOT_RUN,LICENSE_REVIEW_REQUIRED,UNKNOWN,,0,0,,
navigation2,a3a97043ee93d92fe8d70ec56d183933169beb1c,09_mini_reflect,SPARSE_REFERENCE,nav2_behavior_tree,EXISTS,,,,,,NOT_RUN,LICENSE_REVIEW_REQUIRED,UNKNOWN,,0,0,,
navigation2,a3a97043ee93d92fe8d70ec56d183933169beb1c,09_mini_reflect,SPARSE_REFERENCE,nav2_behaviors,EXISTS,,,,,,NOT_RUN,LICENSE_REVIEW_REQUIRED,UNKNOWN,,0,0,,
navigation2,a3a97043ee93d92fe8d70ec56d183933169beb1c,09_mini_reflect,SPARSE_REFERENCE,nav2_bt_navigator,EXISTS,,,,,,NOT_RUN,LICENSE_REVIEW_REQUIRED,UNKNOWN,,0,0,,
numpy,1f90bbb55e65e7de68921bc3f1a2d94492fdf689,bootstrap,DIRECT_DEPENDENCY,,EXISTS,,,,,,NOT_RUN,LICENSE_REVIEW_REQUIRED,UNKNOWN,,0,0,,
openpi,15a9616a00943ada6c20a0f158e3adb39df2ccac,02_action_chunks,SPARSE_REFERENCE,examples,EXISTS,,,,,,NOT_RUN,LICENSE_REVIEW_REQUIRED,UNKNOWN,,0,0,,
openpi,15a9616a00943ada6c20a0f158e3adb39df2ccac,02_action_chunks,SPARSE_REFERENCE,packages/openpi-client,EXISTS,,,,,,NOT_RUN,LICENSE_REVIEW_REQUIRED,UNKNOWN,,0,0,,
openpi,15a9616a00943ada6c20a0f158e3adb39df2ccac,02_action_chunks,SPARSE_REFERENCE,packages/openpi-client/src/openpi_client/action_chunk_broker.py,EXISTS,,,,,,NOT_RUN,LICENSE_REVIEW_REQUIRED,UNKNOWN,,0,0,,
openpi,15a9616a00943ada6c20a0f158e3adb39df2ccac,02_action_chunks,SPARSE_REFERENCE,scripts/serve_policy.py,EXISTS,,,,,,NOT_RUN,LICENSE_REVIEW_REQUIRED,UNKNOWN,,0,0,,
openpi,15a9616a00943ada6c20a0f158e3adb39df2ccac,02_action_chunks,SPARSE_REFERENCE,src/openpi/policies,EXISTS,,,,,,NOT_RUN,LICENSE_REVIEW_REQUIRED,UNKNOWN,,0,0,,
openpi,15a9616a00943ada6c20a0f158e3adb39df2ccac,08_unitree_r1,SPARSE_REFERENCE,examples,EXISTS,,,,,,NOT_RUN,LICENSE_REVIEW_REQUIRED,UNKNOWN,,0,0,,
openpi,15a9616a00943ada6c20a0f158e3adb39df2ccac,08_unitree_r1,SPARSE_REFERENCE,packages/openpi-client,EXISTS,,,,,,NOT_RUN,LICENSE_REVIEW_REQUIRED,UNKNOWN,,0,0,,
openpi,15a9616a00943ada6c20a0f158e3adb39df2ccac,08_unitree_r1,SPARSE_REFERENCE,packages/openpi-client/src/openpi_client/action_chunk_broker.py,EXISTS,,,,,,NOT_RUN,LICENSE_REVIEW_REQUIRED,UNKNOWN,,0,0,,
openpi,15a9616a00943ada6c20a0f158e3adb39df2ccac,08_unitree_r1,SPARSE_REFERENCE,scripts/serve_policy.py,EXISTS,,,,,,NOT_RUN,LICENSE_REVIEW_REQUIRED,UNKNOWN,,0,0,,
openpi,15a9616a00943ada6c20a0f158e3adb39df2ccac,08_unitree_r1,SPARSE_REFERENCE,src/openpi/policies,EXISTS,,,,,,NOT_RUN,LICENSE_REVIEW_REQUIRED,UNKNOWN,,0,0,,
openusd,6792941c5d5b42778e6875c5ed5a3279e6936981,05_semantic_twin,DEFERRED,docs,EXISTS,,,,,,NOT_RUN,NOT_EVALUATED,UNKNOWN,,0,0,,
openusd,6792941c5d5b42778e6875c5ed5a3279e6936981,05_semantic_twin,DEFERRED,extras,EXISTS,,,,,,NOT_RUN,NOT_EVALUATED,UNKNOWN,,0,0,,
openusd,6792941c5d5b42778e6875c5ed5a3279e6936981,05_semantic_twin,DEFERRED,pxr/usd,EXISTS,,,,,,NOT_RUN,NOT_EVALUATED,UNKNOWN,,0,0,,
openusd,6792941c5d5b42778e6875c5ed5a3279e6936981,10_r2s2r,DEFERRED,docs,EXISTS,,,,,,NOT_RUN,NOT_EVALUATED,UNKNOWN,,0,0,,
openusd,6792941c5d5b42778e6875c5ed5a3279e6936981,10_r2s2r,DEFERRED,extras,EXISTS,,,,,,NOT_RUN,NOT_EVALUATED,UNKNOWN,,0,0,,
openusd,6792941c5d5b42778e6875c5ed5a3279e6936981,10_r2s2r,DEFERRED,pxr/usd,EXISTS,,,,,,NOT_RUN,NOT_EVALUATED,UNKNOWN,,0,0,,
pyarrow,515410b2a14ac766258e00b07eab9e5ee2692a62,bootstrap,DIRECT_DEPENDENCY,,EXISTS,,,,,,NOT_RUN,NOT_EVALUATED,DISCOVERED,Apache-2.0,0,0,,
pytest,df87db7b0462fb764ef73fa00561adf8ad047572,bootstrap,DIRECT_DEPENDENCY,,EXISTS,,,,,,NOT_RUN,NOT_EVALUATED,DISCOVERED,MIT,0,0,,
pyyaml,34a9bf82357f4952d8f194a5a31f1c39743652d0,00_source_audit,DIRECT_DEPENDENCY,,EXISTS,,,,,,NOT_RUN,NOT_EVALUATED,DISCOVERED,MIT,0,0,,
pyyaml,34a9bf82357f4952d8f194a5a31f1c39743652d0,bootstrap,DIRECT_DEPENDENCY,,EXISTS,,,,,,NOT_RUN,NOT_EVALUATED,DISCOVERED,MIT,0,0,,
rerun,b5dbd319a7c99b81607d7320a9b50cb806a8a1c0,01_policy_control,DEFERRED,examples/python,EXISTS,,,,,,NOT_RUN,NOT_EVALUATED,UNKNOWN,,0,0,,
rerun,b5dbd319a7c99b81607d7320a9b50cb806a8a1c0,01_policy_control,DEFERRED,rerun_py,EXISTS,,,,,,NOT_RUN,NOT_EVALUATED,UNKNOWN,,0,0,,
rerun,b5dbd319a7c99b81607d7320a9b50cb806a8a1c0,02_action_chunks,DEFERRED,examples/python,EXISTS,,,,,,NOT_RUN,NOT_EVALUATED,UNKNOWN,,0,0,,
rerun,b5dbd319a7c99b81607d7320a9b50cb806a8a1c0,02_action_chunks,DEFERRED,rerun_py,EXISTS,,,,,,NOT_RUN,NOT_EVALUATED,UNKNOWN,,0,0,,
rerun,b5dbd319a7c99b81607d7320a9b50cb806a8a1c0,03_recovery,DEFERRED,examples/python,EXISTS,,,,,,NOT_RUN,NOT_EVALUATED,UNKNOWN,,0,0,,
rerun,b5dbd319a7c99b81607d7320a9b50cb806a8a1c0,03_recovery,DEFERRED,rerun_py,EXISTS,,,,,,NOT_RUN,NOT_EVALUATED,UNKNOWN,,0,0,,
rerun,b5dbd319a7c99b81607d7320a9b50cb806a8a1c0,04_memory,DEFERRED,examples/python,EXISTS,,,,,,NOT_RUN,NOT_EVALUATED,UNKNOWN,,0,0,,
rerun,b5dbd319a7c99b81607d7320a9b50cb806a8a1c0,04_memory,DEFERRED,rerun_py,EXISTS,,,,,,NOT_RUN,NOT_EVALUATED,UNKNOWN,,0,0,,
rerun,b5dbd319a7c99b81607d7320a9b50cb806a8a1c0,05_semantic_twin,DEFERRED,examples/python,EXISTS,,,,,,NOT_RUN,NOT_EVALUATED,UNKNOWN,,0,0,,
rerun,b5dbd319a7c99b81607d7320a9b50cb806a8a1c0,05_semantic_twin,DEFERRED,rerun_py,EXISTS,,,,,,NOT_RUN,NOT_EVALUATED,UNKNOWN,,0,0,,
ros2_control,45dc561a2bfedc562119e4c5ce0542135bd0267b,01_policy_control,PAPER_AND_CODE_REFERENCE,controller_interface,EXISTS,,,,,,NOT_RUN,NOT_EVALUATED,DISCOVERED,Apache-2.0,0,0,,
ros2_control,45dc561a2bfedc562119e4c5ce0542135bd0267b,01_policy_control,PAPER_AND_CODE_REFERENCE,controller_manager,EXISTS,,,,,,NOT_RUN,NOT_EVALUATED,DISCOVERED,Apache-2.0,0,0,,
ros2_control,45dc561a2bfedc562119e4c5ce0542135bd0267b,01_policy_control,PAPER_AND_CODE_REFERENCE,hardware_interface,EXISTS,,,,,,NOT_RUN,NOT_EVALUATED,DISCOVERED,Apache-2.0,0,0,,
ros2_control,45dc561a2bfedc562119e4c5ce0542135bd0267b,08_unitree_r1,PAPER_AND_CODE_REFERENCE,controller_interface,EXISTS,,,,,,NOT_RUN,NOT_EVALUATED,DISCOVERED,Apache-2.0,0,0,,
ros2_control,45dc561a2bfedc562119e4c5ce0542135bd0267b,08_unitree_r1,PAPER_AND_CODE_REFERENCE,controller_manager,EXISTS,,,,,,NOT_RUN,NOT_EVALUATED,DISCOVERED,Apache-2.0,0,0,,
ros2_control,45dc561a2bfedc562119e4c5ce0542135bd0267b,08_unitree_r1,PAPER_AND_CODE_REFERENCE,hardware_interface,EXISTS,,,,,,NOT_RUN,NOT_EVALUATED,DISCOVERED,Apache-2.0,0,0,,
ros2_controllers,94e74de35f9d04f313aca8f29df66c3a76004aa7,01_policy_control,PAPER_AND_CODE_REFERENCE,admittance_controller,EXISTS,,,,,,NOT_RUN,NOT_EVALUATED,DISCOVERED,Apache-2.0,0,0,,
ros2_controllers,94e74de35f9d04f313aca8f29df66c3a76004aa7,01_policy_control,PAPER_AND_CODE_REFERENCE,joint_trajectory_controller,EXISTS,,,,,,NOT_RUN,NOT_EVALUATED,DISCOVERED,Apache-2.0,0,0,,
ros2_controllers,94e74de35f9d04f313aca8f29df66c3a76004aa7,01_policy_control,PAPER_AND_CODE_REFERENCE,pid_controller,EXISTS,,,,,,NOT_RUN,NOT_EVALUATED,DISCOVERED,Apache-2.0,0,0,,
ros2_controllers,94e74de35f9d04f313aca8f29df66c3a76004aa7,08_unitree_r1,PAPER_AND_CODE_REFERENCE,admittance_controller,EXISTS,,,,,,NOT_RUN,NOT_EVALUATED,DISCOVERED,Apache-2.0,0,0,,
ros2_controllers,94e74de35f9d04f313aca8f29df66c3a76004aa7,08_unitree_r1,PAPER_AND_CODE_REFERENCE,joint_trajectory_controller,EXISTS,,,,,,NOT_RUN,NOT_EVALUATED,DISCOVERED,Apache-2.0,0,0,,
ros2_controllers,94e74de35f9d04f313aca8f29df66c3a76004aa7,08_unitree_r1,PAPER_AND_CODE_REFERENCE,pid_controller,EXISTS,,,,,,NOT_RUN,NOT_EVALUATED,DISCOVERED,Apache-2.0,0,0,,
spark_dsg,3c40997e4ae739c56ed3cdd6ef5e882d403d8b64,04_memory,DEFERRED,python,EXISTS,,,,,,NOT_RUN,NOT_EVALUATED,DISCOVERED,BSD-2-Clause,0,0,,
spark_dsg,3c40997e4ae739c56ed3cdd6ef5e882d403d8b64,04_memory,DEFERRED,spark_dsg,MISSING,,,,,,NOT_RUN,PATH_CHANGED,DISCOVERED,BSD-2-Clause,0,0,,
spark_dsg,3c40997e4ae739c56ed3cdd6ef5e882d403d8b64,04_memory,DEFERRED,tests,EXISTS,,,,,,NOT_RUN,NOT_EVALUATED,DISCOVERED,BSD-2-Clause,0,0,,
spark_dsg,3c40997e4ae739c56ed3cdd6ef5e882d403d8b64,05_semantic_twin,DEFERRED,python,EXISTS,,,,,,NOT_RUN,NOT_EVALUATED,DISCOVERED,BSD-2-Clause,0,0,,
spark_dsg,3c40997e4ae739c56ed3cdd6ef5e882d403d8b64,05_semantic_twin,DEFERRED,spark_dsg,MISSING,,,,,,NOT_RUN,PATH_CHANGED,DISCOVERED,BSD-2-Clause,0,0,,
spark_dsg,3c40997e4ae739c56ed3cdd6ef5e882d403d8b64,05_semantic_twin,DEFERRED,tests,EXISTS,,,,,,NOT_RUN,NOT_EVALUATED,DISCOVERED,BSD-2-Clause,0,0,,
tdmpc2,e9f59321933cbc8e11a002b842adc7d4ffae8ff1,06_world_model,PAPER_AND_CODE_REFERENCE,cfgs,MISSING,,,,,,NOT_RUN,PATH_CHANGED,DISCOVERED,MIT,0,0,,
tdmpc2,e9f59321933cbc8e11a002b842adc7d4ffae8ff1,06_world_model,PAPER_AND_CODE_REFERENCE,datasets,EXISTS,,,,,,NOT_RUN,NOT_EVALUATED,DISCOVERED,MIT,0,0,,
tdmpc2,e9f59321933cbc8e11a002b842adc7d4ffae8ff1,06_world_model,PAPER_AND_CODE_REFERENCE,tdmpc2,EXISTS,,,,,,NOT_RUN,NOT_EVALUATED,DISCOVERED,MIT,0,0,,
unifolm_vla,ff6c39aeb0454cfb95418c66aef40ca777f935c1,07_specialist_skill,REMOTE_ONLY,deployment/model_server,EXISTS,,,,,,NOT_RUN,LICENSE_REVIEW_REQUIRED,UNKNOWN,,0,0,,
unifolm_vla,ff6c39aeb0454cfb95418c66aef40ca777f935c1,07_specialist_skill,REMOTE_ONLY,experiments,EXISTS,,,,,,NOT_RUN,LICENSE_REVIEW_REQUIRED,UNKNOWN,,0,0,,
unifolm_vla,ff6c39aeb0454cfb95418c66aef40ca777f935c1,07_specialist_skill,REMOTE_ONLY,prepare_data,EXISTS,,,,,,NOT_RUN,LICENSE_REVIEW_REQUIRED,UNKNOWN,,0,0,,
unifolm_vla,ff6c39aeb0454cfb95418c66aef40ca777f935c1,07_specialist_skill,REMOTE_ONLY,src/unifolm_vla,EXISTS,,,,,,NOT_RUN,LICENSE_REVIEW_REQUIRED,UNKNOWN,,0,0,,
unifolm_vla,ff6c39aeb0454cfb95418c66aef40ca777f935c1,08_unitree_r1,REMOTE_ONLY,deployment/model_server,EXISTS,,,,,,NOT_RUN,LICENSE_REVIEW_REQUIRED,UNKNOWN,,0,0,,
unifolm_vla,ff6c39aeb0454cfb95418c66aef40ca777f935c1,08_unitree_r1,REMOTE_ONLY,experiments,EXISTS,,,,,,NOT_RUN,LICENSE_REVIEW_REQUIRED,UNKNOWN,,0,0,,
unifolm_vla,ff6c39aeb0454cfb95418c66aef40ca777f935c1,08_unitree_r1,REMOTE_ONLY,prepare_data,EXISTS,,,,,,NOT_RUN,LICENSE_REVIEW_REQUIRED,UNKNOWN,,0,0,,
unifolm_vla,ff6c39aeb0454cfb95418c66aef40ca777f935c1,08_unitree_r1,REMOTE_ONLY,src/unifolm_vla,EXISTS,,,,,,NOT_RUN,LICENSE_REVIEW_REQUIRED,UNKNOWN,,0,0,,
unifolm_vla,ff6c39aeb0454cfb95418c66aef40ca777f935c1,09_mini_reflect,REMOTE_ONLY,deployment/model_server,EXISTS,,,,,,NOT_RUN,LICENSE_REVIEW_REQUIRED,UNKNOWN,,0,0,,
unifolm_vla,ff6c39aeb0454cfb95418c66aef40ca777f935c1,09_mini_reflect,REMOTE_ONLY,experiments,EXISTS,,,,,,NOT_RUN,LICENSE_REVIEW_REQUIRED,UNKNOWN,,0,0,,
unifolm_vla,ff6c39aeb0454cfb95418c66aef40ca777f935c1,09_mini_reflect,REMOTE_ONLY,prepare_data,EXISTS,,,,,,NOT_RUN,LICENSE_REVIEW_REQUIRED,UNKNOWN,,0,0,,
unifolm_vla,ff6c39aeb0454cfb95418c66aef40ca777f935c1,09_mini_reflect,REMOTE_ONLY,src/unifolm_vla,EXISTS,,,,,,NOT_RUN,LICENSE_REVIEW_REQUIRED,UNKNOWN,,0,0,,
unifolm_wma,3e198de68de55f93f24b3ad623dd499390aaee45,06_world_model,REMOTE_ONLY,configs,EXISTS,,,,,,NOT_RUN,LICENSE_REVIEW_REQUIRED,UNKNOWN,,0,0,,
unifolm_wma,3e198de68de55f93f24b3ad623dd499390aaee45,06_world_model,REMOTE_ONLY,examples,EXISTS,,,,,,NOT_RUN,LICENSE_REVIEW_REQUIRED,UNKNOWN,,0,0,,
unifolm_wma,3e198de68de55f93f24b3ad623dd499390aaee45,06_world_model,REMOTE_ONLY,external,EXISTS,,,,,,NOT_RUN,LICENSE_REVIEW_REQUIRED,UNKNOWN,,0,0,,
unifolm_wma,3e198de68de55f93f24b3ad623dd499390aaee45,06_world_model,REMOTE_ONLY,prepare_data,EXISTS,,,,,,NOT_RUN,LICENSE_REVIEW_REQUIRED,UNKNOWN,,0,0,,
unifolm_wma,3e198de68de55f93f24b3ad623dd499390aaee45,06_world_model,REMOTE_ONLY,scripts,EXISTS,,,,,,NOT_RUN,LICENSE_REVIEW_REQUIRED,UNKNOWN,,0,0,,
unifolm_wma,3e198de68de55f93f24b3ad623dd499390aaee45,06_world_model,REMOTE_ONLY,src/unifolm_wma,EXISTS,,,,,,NOT_RUN,LICENSE_REVIEW_REQUIRED,UNKNOWN,,0,0,,
unifolm_wma,3e198de68de55f93f24b3ad623dd499390aaee45,06_world_model,REMOTE_ONLY,unitree_deploy,EXISTS,,,,,,NOT_RUN,LICENSE_REVIEW_REQUIRED,UNKNOWN,,0,0,,
unifolm_wma,3e198de68de55f93f24b3ad623dd499390aaee45,08_unitree_r1,REMOTE_ONLY,configs,EXISTS,,,,,,NOT_RUN,LICENSE_REVIEW_REQUIRED,UNKNOWN,,0,0,,
unifolm_wma,3e198de68de55f93f24b3ad623dd499390aaee45,08_unitree_r1,REMOTE_ONLY,examples,EXISTS,,,,,,NOT_RUN,LICENSE_REVIEW_REQUIRED,UNKNOWN,,0,0,,
unifolm_wma,3e198de68de55f93f24b3ad623dd499390aaee45,08_unitree_r1,REMOTE_ONLY,external,EXISTS,,,,,,NOT_RUN,LICENSE_REVIEW_REQUIRED,UNKNOWN,,0,0,,
unifolm_wma,3e198de68de55f93f24b3ad623dd499390aaee45,08_unitree_r1,REMOTE_ONLY,prepare_data,EXISTS,,,,,,NOT_RUN,LICENSE_REVIEW_REQUIRED,UNKNOWN,,0,0,,
unifolm_wma,3e198de68de55f93f24b3ad623dd499390aaee45,08_unitree_r1,REMOTE_ONLY,scripts,EXISTS,,,,,,NOT_RUN,LICENSE_REVIEW_REQUIRED,UNKNOWN,,0,0,,
unifolm_wma,3e198de68de55f93f24b3ad623dd499390aaee45,08_unitree_r1,REMOTE_ONLY,src/unifolm_wma,EXISTS,,,,,,NOT_RUN,LICENSE_REVIEW_REQUIRED,UNKNOWN,,0,0,,
unifolm_wma,3e198de68de55f93f24b3ad623dd499390aaee45,08_unitree_r1,REMOTE_ONLY,unitree_deploy,EXISTS,,,,,,NOT_RUN,LICENSE_REVIEW_REQUIRED,UNKNOWN,,0,0,,
unifolm_wma,3e198de68de55f93f24b3ad623dd499390aaee45,09_mini_reflect,REMOTE_ONLY,configs,EXISTS,,,,,,NOT_RUN,LICENSE_REVIEW_REQUIRED,UNKNOWN,,0,0,,
unifolm_wma,3e198de68de55f93f24b3ad623dd499390aaee45,09_mini_reflect,REMOTE_ONLY,examples,EXISTS,,,,,,NOT_RUN,LICENSE_REVIEW_REQUIRED,UNKNOWN,,0,0,,
unifolm_wma,3e198de68de55f93f24b3ad623dd499390aaee45,09_mini_reflect,REMOTE_ONLY,external,EXISTS,,,,,,NOT_RUN,LICENSE_REVIEW_REQUIRED,UNKNOWN,,0,0,,
unifolm_wma,3e198de68de55f93f24b3ad623dd499390aaee45,09_mini_reflect,REMOTE_ONLY,prepare_data,EXISTS,,,,,,NOT_RUN,LICENSE_REVIEW_REQUIRED,UNKNOWN,,0,0,,
unifolm_wma,3e198de68de55f93f24b3ad623dd499390aaee45,09_mini_reflect,REMOTE_ONLY,scripts,EXISTS,,,,,,NOT_RUN,LICENSE_REVIEW_REQUIRED,UNKNOWN,,0,0,,
unifolm_wma,3e198de68de55f93f24b3ad623dd499390aaee45,09_mini_reflect,REMOTE_ONLY,src/unifolm_wma,EXISTS,,,,,,NOT_RUN,LICENSE_REVIEW_REQUIRED,UNKNOWN,,0,0,,
unifolm_wma,3e198de68de55f93f24b3ad623dd499390aaee45,09_mini_reflect,REMOTE_ONLY,unitree_deploy,EXISTS,,,,,,NOT_RUN,LICENSE_REVIEW_REQUIRED,UNKNOWN,,0,0,,
unitree_mujoco,ae6a8403e272733e9996ef59990880330496177f,08_unitree_r1,PAPER_AND_CODE_REFERENCE,example,EXISTS,,,,,,NOT_RUN,NOT_EVALUATED,DISCOVERED,BSD-3-Clause,0,0,,
unitree_mujoco,ae6a8403e272733e9996ef59990880330496177f,08_unitree_r1,PAPER_AND_CODE_REFERENCE,simulate,EXISTS,,,,,,NOT_RUN,NOT_EVALUATED,DISCOVERED,BSD-3-Clause,0,0,,
unitree_mujoco,ae6a8403e272733e9996ef59990880330496177f,08_unitree_r1,PAPER_AND_CODE_REFERENCE,simulate_python,EXISTS,,,,,,NOT_RUN,NOT_EVALUATED,DISCOVERED,BSD-3-Clause,0,0,,
unitree_mujoco,ae6a8403e272733e9996ef59990880330496177f,08_unitree_r1,PAPER_AND_CODE_REFERENCE,unitree_robots,EXISTS,,,,,,NOT_RUN,NOT_EVALUATED,DISCOVERED,BSD-3-Clause,0,0,,
unitree_rl_mjlab,1425b15f73bd4095f0df53709d7c389c3eb9e790,07_specialist_skill,REMOTE_ONLY,README.md,EXISTS,,,,,,NOT_RUN,NOT_EVALUATED,DISCOVERED,Apache-2.0,0,0,,
unitree_rl_mjlab,1425b15f73bd4095f0df53709d7c389c3eb9e790,07_specialist_skill,REMOTE_ONLY,deploy,EXISTS,,,,,,NOT_RUN,NOT_EVALUATED,DISCOVERED,Apache-2.0,0,0,,
unitree_rl_mjlab,1425b15f73bd4095f0df53709d7c389c3eb9e790,07_specialist_skill,REMOTE_ONLY,doc,EXISTS,,,,,,NOT_RUN,NOT_EVALUATED,DISCOVERED,Apache-2.0,0,0,,
unitree_rl_mjlab,1425b15f73bd4095f0df53709d7c389c3eb9e790,07_specialist_skill,REMOTE_ONLY,scripts,EXISTS,,,,,,NOT_RUN,NOT_EVALUATED,DISCOVERED,Apache-2.0,0,0,,
unitree_rl_mjlab,1425b15f73bd4095f0df53709d7c389c3eb9e790,07_specialist_skill,REMOTE_ONLY,simulate,EXISTS,,,,,,NOT_RUN,NOT_EVALUATED,DISCOVERED,Apache-2.0,0,0,,
unitree_rl_mjlab,1425b15f73bd4095f0df53709d7c389c3eb9e790,07_specialist_skill,REMOTE_ONLY,src,EXISTS,,,,,,NOT_RUN,NOT_EVALUATED,DISCOVERED,Apache-2.0,0,0,,
unitree_rl_mjlab,1425b15f73bd4095f0df53709d7c389c3eb9e790,08_unitree_r1,REMOTE_ONLY,README.md,EXISTS,,,,,,NOT_RUN,NOT_EVALUATED,DISCOVERED,Apache-2.0,0,0,,
unitree_rl_mjlab,1425b15f73bd4095f0df53709d7c389c3eb9e790,08_unitree_r1,REMOTE_ONLY,deploy,EXISTS,,,,,,NOT_RUN,NOT_EVALUATED,DISCOVERED,Apache-2.0,0,0,,
unitree_rl_mjlab,1425b15f73bd4095f0df53709d7c389c3eb9e790,08_unitree_r1,REMOTE_ONLY,doc,EXISTS,,,,,,NOT_RUN,NOT_EVALUATED,DISCOVERED,Apache-2.0,0,0,,
unitree_rl_mjlab,1425b15f73bd4095f0df53709d7c389c3eb9e790,08_unitree_r1,REMOTE_ONLY,scripts,EXISTS,,,,,,NOT_RUN,NOT_EVALUATED,DISCOVERED,Apache-2.0,0,0,,
unitree_rl_mjlab,1425b15f73bd4095f0df53709d7c389c3eb9e790,08_unitree_r1,REMOTE_ONLY,simulate,EXISTS,,,,,,NOT_RUN,NOT_EVALUATED,DISCOVERED,Apache-2.0,0,0,,
unitree_rl_mjlab,1425b15f73bd4095f0df53709d7c389c3eb9e790,08_unitree_r1,REMOTE_ONLY,src,EXISTS,,,,,,NOT_RUN,NOT_EVALUATED,DISCOVERED,Apache-2.0,0,0,,
unitree_sdk2,9754cd153af3da471b0fe5f3aa535e426fb11db3,08_unitree_r1,PAPER_AND_CODE_REFERENCE,example,EXISTS,,,,,,NOT_RUN,NOT_EVALUATED,DISCOVERED,BSD-3-Clause,0,0,,
unitree_sdk2,9754cd153af3da471b0fe5f3aa535e426fb11db3,08_unitree_r1,PAPER_AND_CODE_REFERENCE,include,EXISTS,,,,,,NOT_RUN,NOT_EVALUATED,DISCOVERED,BSD-3-Clause,0,0,,
unitree_sdk2,9754cd153af3da471b0fe5f3aa535e426fb11db3,08_unitree_r1,PAPER_AND_CODE_REFERENCE,thirdparty,EXISTS,,,,,,NOT_RUN,NOT_EVALUATED,DISCOVERED,BSD-3-Clause,0,0,,
uv,26a9dd4b2125bc271b47855e1fa0c49af3365db5,bootstrap,DIRECT_DEPENDENCY,,EXISTS,,,,,,NOT_RUN,LICENSE_REVIEW_REQUIRED,UNKNOWN,,0,0,,
vjepa2,204698b45b3712590f06245fbfba32d3be539812,06_world_model,REMOTE_ONLY,app/vjepa_droid,EXISTS,,,,,,NOT_RUN,LICENSE_REVIEW_REQUIRED,UNKNOWN,,0,0,,
vjepa2,204698b45b3712590f06245fbfba32d3be539812,06_world_model,REMOTE_ONLY,configs,EXISTS,,,,,,NOT_RUN,LICENSE_REVIEW_REQUIRED,UNKNOWN,,0,0,,
vjepa2,204698b45b3712590f06245fbfba32d3be539812,06_world_model,REMOTE_ONLY,notebooks,EXISTS,,,,,,NOT_RUN,LICENSE_REVIEW_REQUIRED,UNKNOWN,,0,0,,
vjepa2,204698b45b3712590f06245fbfba32d3be539812,06_world_model,REMOTE_ONLY,src,EXISTS,,,,,,NOT_RUN,LICENSE_REVIEW_REQUIRED,UNKNOWN,,0,0,,
