comparison_metric,seed,member_count,cluster_mean,members_json
R3-R0:mission_success,20262301,12,0.6666666666666666,"[0.0,0.0,0.0,0.0,1.0,1.0,1.0,1.0,1.0,1.0,1.0,1.0]"
R3-R0:mission_success,20262302,12,0.6666666666666666,"[0.0,0.0,0.0,0.0,1.0,1.0,1.0,1.0,1.0,1.0,1.0,1.0]"
R3-R0:mission_success,20262303,11,0.6363636363636364,"[0.0,0.0,0.0,1.0,0.0,1.0,1.0,1.0,1.0,1.0,1.0]"
R3-R0:mission_success,20262304,11,0.7272727272727273,"[0.0,0.0,0.0,1.0,1.0,1.0,1.0,1.0,1.0,1.0,1.0]"
R3-R0:mission_success,20262305,12,0.6666666666666666,"[0.0,0.0,0.0,0.0,1.0,1.0,1.0,1.0,1.0,1.0,1.0,1.0]"
R3-R0:mission_success,20262306,12,0.6666666666666666,"[0.0,0.0,0.0,0.0,1.0,1.0,1.0,1.0,1.0,1.0,1.0,1.0]"
R3-R0:mission_success,20262307,12,0.6666666666666666,"[0.0,0.0,0.0,0.0,1.0,1.0,1.0,1.0,1.0,1.0,1.0,1.0]"
R3-R0:mission_success,20262308,12,0.6666666666666666,"[0.0,0.0,0.0,0.0,1.0,1.0,1.0,1.0,1.0,1.0,1.0,1.0]"
R3-R0:mission_success,20262309,11,0.7272727272727273,"[0.0,0.0,0.0,1.0,1.0,1.0,1.0,1.0,1.0,1.0,1.0]"
R3-R0:mission_success,20262310,12,0.6666666666666666,"[0.0,0.0,0.0,0.0,1.0,1.0,1.0,1.0,1.0,1.0,1.0,1.0]"
R3-R0:safety_composite,20262301,12,0.0,"[0.0,0.0,0.0,0.0,0.0,0.0,0.0,0.0,0.0,0.0,0.0,0.0]"
R3-R0:safety_composite,20262302,12,0.0,"[0.0,0.0,0.0,0.0,0.0,0.0,0.0,0.0,0.0,0.0,0.0,0.0]"
R3-R0:safety_composite,20262303,11,0.09090909090909091,"[0.0,0.0,0.0,0.0,1.0,0.0,0.0,0.0,0.0,0.0,0.0]"
R3-R0:safety_composite,20262304,11,0.0,"[0.0,0.0,0.0,0.0,0.0,0.0,0.0,0.0,0.0,0.0,0.0]"
R3-R0:safety_composite,20262305,12,0.0,"[0.0,0.0,0.0,0.0,0.0,0.0,0.0,0.0,0.0,0.0,0.0,0.0]"
R3-R0:safety_composite,20262306,12,0.0,"[0.0,0.0,0.0,0.0,0.0,0.0,0.0,0.0,0.0,0.0,0.0,0.0]"
R3-R0:safety_composite,20262307,12,0.0,"[0.0,0.0,0.0,0.0,0.0,0.0,0.0,0.0,0.0,0.0,0.0,0.0]"
R3-R0:safety_composite,20262308,12,0.0,"[0.0,0.0,0.0,0.0,0.0,0.0,0.0,0.0,0.0,0.0,0.0,0.0]"
R3-R0:safety_composite,20262309,11,0.0,"[0.0,0.0,0.0,0.0,0.0,0.0,0.0,0.0,0.0,0.0,0.0]"
R3-R0:safety_composite,20262310,12,0.0,"[0.0,0.0,0.0,0.0,0.0,0.0,0.0,0.0,0.0,0.0,0.0,0.0]"
R3-R0:progress,20262301,12,0.6140410946593721,"[0.0,0.0,0.0,0.0,0.7157489721267479,0.7489635749905061,0.9999967232215046,0.9999976488710504,0.9981823946275877,0.9519721362519563,0.9979736497020906,0.9556580361210211]"
R3-R0:progress,20262302,12,0.6128821578133542,"[0.0,0.0,0.0,0.0,0.6778167081925812,0.7769233664257222,0.9999975118053358,0.999996873164946,0.9977406565264277,0.9511296038351646,0.9980943838589054,0.9528867899511667]"
R3-R0:progress,20262303,11,0.5871272964989985,"[0.0,0.0,0.0,0.7271871430577093,-0.17003782864316894,0.999997385764601,0.9999980502992408,0.9980102207162852,0.9525093696667256,0.9976525327731174,0.9530833878544722]"
R3-R0:progress,20262304,11,0.6736692702339137,"[0.0,0.0,0.0,0.7568312252546452,0.7470425430739358,0.9999976970477253,0.9999960938292439,0.9976841819946477,0.957105513144526,0.9981466695616129,0.9535580486667138]"
R3-R0:progress,20262305,12,0.6191304214030376,"[0.0,0.0,0.0,0.0,0.7591069576217565,0.7661736644481901,0.9999976943114987,0.9999978848582063,0.9977054259521458,0.9548950856785218,0.9977273413570352,0.9539610026090973]"
R3-R0:progress,20262306,12,0.616213639764421,"[0.0,0.0,0.0,0.0,0.7744804162695347,0.7179218871487938,0.9999970081158287,0.9999974211896862,0.9974976986399801,0.9534513269133399,0.9980647319550842,0.9531531869408034]"
R3-R0:progress,20262307,12,0.6114718462764831,"[0.0,0.0,0.0,0.0,0.7131516951758394,0.7243980311244003,0.9999970584387066,0.9999978099049294,0.9976776888050566,0.9514656702799832,0.9979373360272332,0.9530368655616482]"
R3-R0:progress,20262308,12,0.6172922939629272,"[0.0,0.0,0.0,0.0,0.7612641413550489,0.7460019155554405,0.9999978540120645,0.9999980294627021,0.9978962418616062,0.9509192511064433,0.9975312205014254,0.9538988737003944]"
R3-R0:progress,20262309,11,0.6689099066744651,"[0.0,0.0,0.0,0.7463597554194548,0.7140464415137999,0.9999980235236531,0.999997925883672,0.9979507193293495,0.9490408492088732,0.9981651252643547,0.9524501332759597]"
R3-R0:progress,20262310,12,0.6157236788684064,"[0.0,0.0,0.0,0.0,0.739586356977529,0.7550250347435635,0.9999970591637996,0.9999979263684771,0.9979077936161814,0.9496102135606428,0.998020401428876,0.9485393605618073]"
R3-R0:total_wakes,20262301,12,-0.5833333333333334,"[0.0,0.0,0.0,0.0,-1.0,0.0,-1.0,-1.0,-1.0,-1.0,-1.0,-1.0]"
R3-R0:total_wakes,20262302,12,-0.5,"[0.0,0.0,0.0,0.0,0.0,0.0,-1.0,-1.0,-1.0,-1.0,-1.0,-1.0]"
R3-R0:total_wakes,20262303,11,-0.5454545454545454,"[0.0,0.0,0.0,-1.0,1.0,-1.0,-1.0,-1.0,-1.0,-1.0,-1.0]"
R3-R0:total_wakes,20262304,11,-0.6363636363636364,"[0.0,0.0,0.0,-1.0,0.0,-1.0,-1.0,-1.0,-1.0,-1.0,-1.0]"
R3-R0:total_wakes,20262305,12,-0.5833333333333334,"[0.0,0.0,0.0,0.0,-1.0,0.0,-1.0,-1.0,-1.0,-1.0,-1.0,-1.0]"
R3-R0:total_wakes,20262306,12,-0.5833333333333334,"[0.0,0.0,0.0,0.0,-1.0,0.0,-1.0,-1.0,-1.0,-1.0,-1.0,-1.0]"
R3-R0:total_wakes,20262307,12,-0.5,"[0.0,0.0,0.0,0.0,0.0,0.0,-1.0,-1.0,-1.0,-1.0,-1.0,-1.0]"
R3-R0:total_wakes,20262308,12,-0.5833333333333334,"[0.0,0.0,0.0,0.0,-1.0,0.0,-1.0,-1.0,-1.0,-1.0,-1.0,-1.0]"
R3-R0:total_wakes,20262309,11,-0.6363636363636364,"[0.0,0.0,0.0,-1.0,0.0,-1.0,-1.0,-1.0,-1.0,-1.0,-1.0]"
R3-R0:total_wakes,20262310,12,-0.5,"[0.0,0.0,0.0,0.0,0.0,0.0,-1.0,-1.0,-1.0,-1.0,-1.0,-1.0]"
R3-R1:mission_success,20262301,12,0.25,"[0.0,1.0,0.0,0.0,1.0,1.0,0.0,0.0,0.0,0.0,0.0,0.0]"
R3-R1:mission_success,20262302,12,0.25,"[0.0,1.0,0.0,0.0,1.0,1.0,0.0,0.0,0.0,0.0,0.0,0.0]"
R3-R1:mission_success,20262303,11,0.18181818181818182,"[0.0,1.0,0.0,1.0,0.0,0.0,0.0,0.0,0.0,0.0,0.0]"
R3-R1:mission_success,20262304,11,0.2727272727272727,"[0.0,1.0,0.0,1.0,1.0,0.0,0.0,0.0,0.0,0.0,0.0]"
R3-R1:mission_success,20262305,12,0.25,"[0.0,1.0,0.0,0.0,1.0,1.0,0.0,0.0,0.0,0.0,0.0,0.0]"
R3-R1:mission_success,20262306,12,0.25,"[0.0,1.0,0.0,0.0,1.0,1.0,0.0,0.0,0.0,0.0,0.0,0.0]"
R3-R1:mission_success,20262307,12,0.25,"[0.0,1.0,0.0,0.0,1.0,1.0,0.0,0.0,0.0,0.0,0.0,0.0]"
R3-R1:mission_success,20262308,12,0.25,"[0.0,1.0,0.0,0.0,1.0,1.0,0.0,0.0,0.0,0.0,0.0,0.0]"
R3-R1:mission_success,20262309,11,0.2727272727272727,"[1.0,0.0,0.0,1.0,1.0,0.0,0.0,0.0,0.0,0.0,0.0]"
R3-R1:mission_success,20262310,12,0.25,"[0.0,1.0,0.0,0.0,1.0,1.0,0.0,0.0,0.0,0.0,0.0,0.0]"
R3-R1:safety_composite,20262301,12,0.0,"[0.0,0.0,0.0,0.0,0.0,0.0,0.0,0.0,0.0,0.0,0.0,0.0]"
R3-R1:safety_composite,20262302,12,0.0,"[0.0,0.0,0.0,0.0,0.0,0.0,0.0,0.0,0.0,0.0,0.0,0.0]"
R3-R1:safety_composite,20262303,11,0.09090909090909091,"[0.0,0.0,0.0,0.0,1.0,0.0,0.0,0.0,0.0,0.0,0.0]"
R3-R1:safety_composite,20262304,11,0.0,"[0.0,0.0,0.0,0.0,0.0,0.0,0.0,0.0,0.0,0.0,0.0]"
R3-R1:safety_composite,20262305,12,0.0,"[0.0,0.0,0.0,0.0,0.0,0.0,0.0,0.0,0.0,0.0,0.0,0.0]"
R3-R1:safety_composite,20262306,12,0.0,"[0.0,0.0,0.0,0.0,0.0,0.0,0.0,0.0,0.0,0.0,0.0,0.0]"
R3-R1:safety_composite,20262307,12,0.0,"[0.0,0.0,0.0,0.0,0.0,0.0,0.0,0.0,0.0,0.0,0.0,0.0]"
R3-R1:safety_composite,20262308,12,0.0,"[0.0,0.0,0.0,0.0,0.0,0.0,0.0,0.0,0.0,0.0,0.0,0.0]"
R3-R1:safety_composite,20262309,11,0.0,"[0.0,0.0,0.0,0.0,0.0,0.0,0.0,0.0,0.0,0.0,0.0]"
R3-R1:safety_composite,20262310,12,0.0,"[0.0,0.0,0.0,0.0,0.0,0.0,0.0,0.0,0.0,0.0,0.0,0.0]"
R3-R1:progress,20262301,12,0.23976361139384614,"[2.3477014199357882e-07,0.9999970319676491,0.0,5.301128446211223e-07,0.9324644868119504,0.9447010296709382,1.819629413812862e-08,5.196335028934129e-09,0.0,0.0,0.0,0.0]"
R3-R1:progress,20262302,12,0.23944655050451089,"[4.3122194082201304e-07,0.999996962920374,0.0,-7.861571837963766e-08,0.919519555539194,0.9538415500868018,1.9653688565490768e-08,1.652478496261267e-07,0.0,0.0,0.0,0.0]"
R3-R1:progress,20262303,11,0.18117126922446913,"[1.7914149830211556e-08,0.9999967554126359,0.0,0.9364064831052722,0.05648056577098781,-5.5245883756604997e-08,1.9451199850806233e-07,0.0,0.0,0.0,0.0]"
R3-R1:progress,20262304,11,0.2628666893936371,"[-2.828962872847285e-07,0.9999974847839413,0.0,0.9476028466151369,0.9439340292819676,-1.0200332889453989e-07,-3.924514213604624e-07,0.0,0.0,0.0,0.0]"
R3-R1:progress,20262305,12,0.24165110830775802,"[-1.9828119146581002e-07,0.9999961083540255,0.0,2.2782524711217889e-07,0.9485817131434633,0.951235254977009,2.2072195993150245e-07,-2.7047417416881103e-08,0.0,0.0,0.0,0.0]"
R3-R1:progress,20262306,12,0.24071427004258847,"[-3.30741745102614e-09,0.9999978975397043,0.0,1.2592046283455005e-07,0.9544589925511395,0.934113467055815,1.4136699399980301e-07,6.193843634649809e-07,0.0,0.0,0.0,0.0]"
R3-R1:progress,20262307,12,0.23875045565236763,"[-1.8955897584937986e-07,0.9999977601963496,0.0,1.4977021522977196e-07,0.9292552332159496,0.9357519181347087,6.205342101273104e-07,-2.446404545608516e-08,0.0,0.0,0.0,0.0]"
R3-R1:progress,20262308,12,0.24094695419909928,"[2.693553915467106e-07,0.9999972580338078,0.0,1.1442922401849742e-06,0.9484849888472067,0.9428797131623484,2.2483759143376858e-07,-1.4813939464008996e-07,0.0,0.0,0.0,0.0]"
R3-R1:progress,20262309,11,0.26150854280955793,"[0.9999977104441935,0.0,-1.30241196050207e-07,0.9438658948906603,0.9327303440679667,-4.478189996603987e-08,1.9652541316528271e-07,0.0,0.0,0.0,0.0]"
R3-R1:progress,20262310,12,0.24052561008769568,"[3.2540290983984477e-07,0.9999977044379524,0.0,-2.9221184383310117e-07,0.9399104328911734,0.9463993308269901,-1.325799119378246e-07,-4.771492190247528e-08,0.0,0.0,0.0,0.0]"
R3-R1:total_wakes,20262301,12,0.16666666666666666,"[0.0,1.0,0.0,0.0,0.0,1.0,0.0,0.0,0.0,0.0,0.0,0.0]"
R3-R1:total_wakes,20262302,12,0.25,"[0.0,1.0,0.0,0.0,1.0,1.0,0.0,0.0,0.0,0.0,0.0,0.0]"
R3-R1:total_wakes,20262303,11,0.2727272727272727,"[0.0,1.0,0.0,0.0,2.0,0.0,0.0,0.0,0.0,0.0,0.0]"
R3-R1:total_wakes,20262304,11,0.18181818181818182,"[0.0,1.0,0.0,0.0,1.0,0.0,0.0,0.0,0.0,0.0,0.0]"
R3-R1:total_wakes,20262305,12,0.16666666666666666,"[0.0,1.0,0.0,0.0,0.0,1.0,0.0,0.0,0.0,0.0,0.0,0.0]"
R3-R1:total_wakes,20262306,12,0.16666666666666666,"[0.0,1.0,0.0,0.0,0.0,1.0,0.0,0.0,0.0,0.0,0.0,0.0]"
R3-R1:total_wakes,20262307,12,0.25,"[0.0,1.0,0.0,0.0,1.0,1.0,0.0,0.0,0.0,0.0,0.0,0.0]"
R3-R1:total_wakes,20262308,12,0.16666666666666666,"[0.0,1.0,0.0,0.0,0.0,1.0,0.0,0.0,0.0,0.0,0.0,0.0]"
R3-R1:total_wakes,20262309,11,0.18181818181818182,"[1.0,0.0,0.0,0.0,1.0,0.0,0.0,0.0,0.0,0.0,0.0]"
R3-R1:total_wakes,20262310,12,0.25,"[0.0,1.0,0.0,0.0,1.0,1.0,0.0,0.0,0.0,0.0,0.0,0.0]"
R3-R2:mission_success,20262301,12,0.0,"[0.0,0.0,0.0,0.0,0.0,0.0,0.0,0.0,0.0,0.0,0.0,0.0]"
R3-R2:mission_success,20262302,12,0.0,"[0.0,0.0,0.0,0.0,0.0,0.0,0.0,0.0,0.0,0.0,0.0,0.0]"
R3-R2:mission_success,20262303,11,-0.09090909090909091,"[0.0,0.0,0.0,0.0,-1.0,0.0,0.0,0.0,0.0,0.0,0.0]"
R3-R2:mission_success,20262304,11,0.0,"[0.0,0.0,0.0,0.0,0.0,0.0,0.0,0.0,0.0,0.0,0.0]"
R3-R2:mission_success,20262305,12,0.0,"[0.0,0.0,0.0,0.0,0.0,0.0,0.0,0.0,0.0,0.0,0.0,0.0]"
R3-R2:mission_success,20262306,12,0.0,"[0.0,0.0,0.0,0.0,0.0,0.0,0.0,0.0,0.0,0.0,0.0,0.0]"
R3-R2:mission_success,20262307,12,0.0,"[0.0,0.0,0.0,0.0,0.0,0.0,0.0,0.0,0.0,0.0,0.0,0.0]"
R3-R2:mission_success,20262308,12,0.0,"[0.0,0.0,0.0,0.0,0.0,0.0,0.0,0.0,0.0,0.0,0.0,0.0]"
R3-R2:mission_success,20262309,11,0.0,"[0.0,0.0,0.0,0.0,0.0,0.0,0.0,0.0,0.0,0.0,0.0]"
R3-R2:mission_success,20262310,12,0.0,"[0.0,0.0,0.0,0.0,0.0,0.0,0.0,0.0,0.0,0.0,0.0,0.0]"
R3-R2:safety_composite,20262301,12,0.0,"[0.0,0.0,0.0,0.0,0.0,0.0,0.0,0.0,0.0,0.0,0.0,0.0]"
R3-R2:safety_composite,20262302,12,0.0,"[0.0,0.0,0.0,0.0,0.0,0.0,0.0,0.0,0.0,0.0,0.0,0.0]"
R3-R2:safety_composite,20262303,11,0.09090909090909091,"[0.0,0.0,0.0,0.0,1.0,0.0,0.0,0.0,0.0,0.0,0.0]"
R3-R2:safety_composite,20262304,11,0.0,"[0.0,0.0,0.0,0.0,0.0,0.0,0.0,0.0,0.0,0.0,0.0]"
R3-R2:safety_composite,20262305,12,0.0,"[0.0,0.0,0.0,0.0,0.0,0.0,0.0,0.0,0.0,0.0,0.0,0.0]"
R3-R2:safety_composite,20262306,12,0.0,"[0.0,0.0,0.0,0.0,0.0,0.0,0.0,0.0,0.0,0.0,0.0,0.0]"
R3-R2:safety_composite,20262307,12,0.0,"[0.0,0.0,0.0,0.0,0.0,0.0,0.0,0.0,0.0,0.0,0.0,0.0]"
R3-R2:safety_composite,20262308,12,0.0,"[0.0,0.0,0.0,0.0,0.0,0.0,0.0,0.0,0.0,0.0,0.0,0.0]"
R3-R2:safety_composite,20262309,11,0.0,"[0.0,0.0,0.0,0.0,0.0,0.0,0.0,0.0,0.0,0.0,0.0]"
R3-R2:safety_composite,20262310,12,0.0,"[0.0,0.0,0.0,0.0,0.0,0.0,0.0,0.0,0.0,0.0,0.0,0.0]"
R3-R2:progress,20262301,12,-9.771309511519277e-09,"[1.612960669472585e-07,-6.00146984441885e-07,0.0,1.7422199016792206e-07,0.0,0.0,0.0,0.0,1.573261498855061e-08,6.969894250641318e-08,4.880928083927927e-08,1.3132374854230022e-08]"
R3-R2:progress,20262302,12,1.530172870263987e-07,"[5.341399011982162e-07,9.181087707865743e-07,0.0,1.364729765862549e-07,0.0,0.0,0.0,0.0,1.043253647914355e-07,2.9723177696894254e-08,6.21398361655423e-08,5.129741709186675e-08]"
R3-R2:progress,20262303,11,-0.07894852856467083,"[2.669304619562496e-07,-2.76625878092851e-07,0.0,0.0,-0.868433953838133,0.0,0.0,5.69965941110695e-08,1.4849157015106584e-08,6.023957788148238e-08,1.7236841065582098e-08]"
R3-R2:progress,20262304,11,3.058200266762996e-08,"[-2.686737017310037e-07,4.2697169688743486e-07,0.0,0.0,0.0,0.0,0.0,8.758030745070755e-08,3.990376540308205e-08,3.42231455396913e-08,1.6396815794017527e-08]"
R3-R2:progress,20262305,12,-1.727918738647638e-08,"[-3.123017908723824e-07,-4.755775586673394e-07,0.0,3.191875731500815e-07,0.0,0.0,0.0,0.0,1.3785593910853322e-07,5.909711509044513e-08,3.6438302708496906e-08,2.7950170844448508e-08]"
R3-R2:progress,20262306,12,6.441597628451905e-08,"[-4.5222139366529746e-09,-2.218279757659758e-07,0.0,9.039016594103444e-07,0.0,0.0,0.0,0.0,6.005663544250694e-08,1.5177351708750564e-08,1.4301533290961288e-08,5.904725264294086e-09]"
R3-R2:progress,20262307,12,6.574741662213057e-08,"[-2.2644174391128757e-07,1.1392063170578837e-07,0.0,6.097899640788995e-07,0.0,0.0,0.0,0.0,8.263404660535656e-08,2.9798020939608705e-08,1.4497321521034223e-07,3.429486483685906e-08]"
R3-R2:progress,20262308,12,1.0663170261585957e-07,"[2.384624232520949e-07,4.047410195884282e-08,0.0,6.846282046835128e-07,0.0,0.0,0.0,0.0,9.202769180038928e-08,1.121896928690802e-07,9.747479146060556e-08,1.432352536578918e-08]"
R3-R2:progress,20262309,11,5.602499333144031e-08,"[5.153941601276912e-07,0.0,-8.7384844138505e-08,0.0,0.0,0.0,0.0,5.531476598985563e-08,9.775618581286949e-08,2.337802562646374e-08,1.1816633227468287e-08]"
R3-R2:progress,20262310,12,-1.7147888016951403e-09,"[2.263973772897998e-07,-4.19253076699988e-10,0.0,-3.595627564578763e-07,0.0,0.0,0.0,0.0,3.0253073268760033e-08,2.0906283926258595e-08,3.642945800574893e-08,2.5418351423667218e-08]"
R3-R2:total_wakes,20262301,12,-0.6666666666666666,"[0.0,0.0,0.0,0.0,0.0,0.0,0.0,0.0,-2.0,-2.0,-2.0,-2.0]"
R3-R2:total_wakes,20262302,12,-0.6666666666666666,"[0.0,0.0,0.0,0.0,0.0,0.0,0.0,0.0,-2.0,-2.0,-2.0,-2.0]"
R3-R2:total_wakes,20262303,11,-0.6363636363636364,"[0.0,0.0,0.0,0.0,1.0,0.0,0.0,-2.0,-2.0,-2.0,-2.0]"
R3-R2:total_wakes,20262304,11,-0.7272727272727273,"[0.0,0.0,0.0,0.0,0.0,0.0,0.0,-2.0,-2.0,-2.0,-2.0]"
R3-R2:total_wakes,20262305,12,-0.6666666666666666,"[0.0,0.0,0.0,0.0,0.0,0.0,0.0,0.0,-2.0,-2.0,-2.0,-2.0]"
R3-R2:total_wakes,20262306,12,-0.6666666666666666,"[0.0,0.0,0.0,0.0,0.0,0.0,0.0,0.0,-2.0,-2.0,-2.0,-2.0]"
R3-R2:total_wakes,20262307,12,-0.6666666666666666,"[0.0,0.0,0.0,0.0,0.0,0.0,0.0,0.0,-2.0,-2.0,-2.0,-2.0]"
R3-R2:total_wakes,20262308,12,-0.6666666666666666,"[0.0,0.0,0.0,0.0,0.0,0.0,0.0,0.0,-2.0,-2.0,-2.0,-2.0]"
R3-R2:total_wakes,20262309,11,-0.7272727272727273,"[0.0,0.0,0.0,0.0,0.0,0.0,0.0,-2.0,-2.0,-2.0,-2.0]"
R3-R2:total_wakes,20262310,12,-0.6666666666666666,"[0.0,0.0,0.0,0.0,0.0,0.0,0.0,0.0,-2.0,-2.0,-2.0,-2.0]"
P4-P6:mission_success,20262301,11,-0.2727272727272727,"[-1.0,-1.0,0.0,-1.0,0.0,0.0,0.0,0.0,0.0,0.0,0.0]"
P4-P6:mission_success,20262302,11,-0.2727272727272727,"[-1.0,-1.0,0.0,0.0,-1.0,0.0,0.0,0.0,0.0,0.0,0.0]"
P4-P6:mission_success,20262303,10,-0.2,"[-1.0,-1.0,0.0,0.0,0.0,0.0,0.0,0.0,0.0,0.0]"
P4-P6:mission_success,20262304,11,-0.36363636363636365,"[-1.0,-1.0,0.0,-1.0,-1.0,0.0,0.0,0.0,0.0,0.0,0.0]"
P4-P6:mission_success,20262305,12,-0.3333333333333333,"[-1.0,-1.0,0.0,-1.0,0.0,-1.0,0.0,0.0,0.0,0.0,0.0,0.0]"
P4-P6:progress,20262301,11,-0.2639794245652125,"[-0.9535452761787426,-0.9999960813724419,-2.2656816667243618e-06,-0.9502093172161674,-1.9316069692632e-06,-2.1880724678791097e-06,-3.2357121267923006e-06,-2.249056307745967e-06,-3.768708335294413e-06,-5.047659817014605e-06,-2.308952294804989e-06]"
P4-P6:progress,20262302,11,-0.24612440424908721,"[-0.9540536294096578,-0.9999965565918146,-1.480060968006569e-06,-2.3136270487222887e-06,-0.7532963275955818,-2.1371730427599545e-06,-1.2760523099286658e-06,-3.3972039138463472e-06,-4.467128345564397e-06,-3.4408075836322993e-06,-3.4210896929787182e-06]"
P4-P6:progress,20262303,10,-0.1944978489956047,"[-0.9449563960059336,-0.9999956553076379,-2.5642291638927617e-06,-1.640288479487495e-06,-4.4862968885395205e-06,-1.0959361987916694e-06,-3.0743765279117596e-06,-3.726277991944471e-06,-5.477094119465953e-06,-4.374143105612127e-06]"
P4-P6:progress,20262304,11,-0.3035177979268555,"[-0.9568996149330747,-0.9999970205843757,-4.307063692920998e-06,-0.6932181203211503,-0.6885608824541566,-3.4333727690905036e-06,2.0920349497188795e-07,-3.41002591652817e-06,-4.56795517633779e-06,-2.162496028801364e-06,-2.4671925644703663e-06]"
P4-P6:progress,20262305,12,-0.30272153613449154,"[-0.9521096747259067,-0.9999955745452519,-3.2910456504442465e-06,-0.9412335445428262,-1.487113135079099e-06,-0.7392871782166783,-6.002206788924269e-06,-7.427963970907392e-06,-4.088233744203862e-06,-2.8965645374467996e-06,-4.357204187233066e-06,-2.9112512207607466e-06]"
