bootstrap_draws,candidate,comparator,contrast,effective_seed_n,estimate,metric,q025,q975,seed_cluster_sha256
10000,HYBRID,PERIODIC_ONLY,HYBRID_MINUS_PERIODIC__NO_MEMORY,20,0.40833333,completion,0.375,0.44166667,2a7e18d34c29c0d72a184b51ebbbf6fcc79750e921bca27f65f96b4ed35f9b0c
10000,HYBRID,PERIODIC_ONLY,HYBRID_MINUS_PERIODIC__NO_MEMORY,20,0.04565968,progress,0.04079856,0.0505208,2a7e18d34c29c0d72a184b51ebbbf6fcc79750e921bca27f65f96b4ed35f9b0c
10000,HYBRID,PERIODIC_ONLY,HYBRID_MINUS_PERIODIC__NO_MEMORY,20,-1.34166667,late_trigger_ticks,-1.375,-1.30833333,2a7e18d34c29c0d72a184b51ebbbf6fcc79750e921bca27f65f96b4ed35f9b0c
10000,HYBRID,PERIODIC_ONLY,HYBRID_MINUS_PERIODIC__NO_MEMORY,20,0.04166667,wasted_triggers,0.04166667,0.04166667,2a7e18d34c29c0d72a184b51ebbbf6fcc79750e921bca27f65f96b4ed35f9b0c
10000,HYBRID,PERIODIC_ONLY,HYBRID_MINUS_PERIODIC__NO_MEMORY,20,0.8025,budget_cost_proxy,0.30083333,1.30416667,2a7e18d34c29c0d72a184b51ebbbf6fcc79750e921bca27f65f96b4ed35f9b0c
10000,HYBRID,PERIODIC_ONLY,HYBRID_MINUS_PERIODIC__FIXED_SNAPSHOT,20,0.0,completion,0.0,0.0,2a7e18d34c29c0d72a184b51ebbbf6fcc79750e921bca27f65f96b4ed35f9b0c
10000,HYBRID,PERIODIC_ONLY,HYBRID_MINUS_PERIODIC__FIXED_SNAPSHOT,20,0.0,progress,0.0,0.0,2a7e18d34c29c0d72a184b51ebbbf6fcc79750e921bca27f65f96b4ed35f9b0c
10000,HYBRID,PERIODIC_ONLY,HYBRID_MINUS_PERIODIC__FIXED_SNAPSHOT,20,-1.45833333,late_trigger_ticks,-1.45833333,-1.45833333,2a7e18d34c29c0d72a184b51ebbbf6fcc79750e921bca27f65f96b4ed35f9b0c
10000,HYBRID,PERIODIC_ONLY,HYBRID_MINUS_PERIODIC__FIXED_SNAPSHOT,20,1.33333333,wasted_triggers,1.33333333,1.33333333,2a7e18d34c29c0d72a184b51ebbbf6fcc79750e921bca27f65f96b4ed35f9b0c
10000,HYBRID,PERIODIC_ONLY,HYBRID_MINUS_PERIODIC__FIXED_SNAPSHOT,20,13.40000003,budget_cost_proxy,13.4,13.40000006,2a7e18d34c29c0d72a184b51ebbbf6fcc79750e921bca27f65f96b4ed35f9b0c
10000,HYBRID,PERIODIC_ONLY,HYBRID_MINUS_PERIODIC__LIVE_BELIEF,20,0.0,completion,0.0,0.0,2a7e18d34c29c0d72a184b51ebbbf6fcc79750e921bca27f65f96b4ed35f9b0c
10000,HYBRID,PERIODIC_ONLY,HYBRID_MINUS_PERIODIC__LIVE_BELIEF,20,0.0,progress,0.0,0.0,2a7e18d34c29c0d72a184b51ebbbf6fcc79750e921bca27f65f96b4ed35f9b0c
10000,HYBRID,PERIODIC_ONLY,HYBRID_MINUS_PERIODIC__LIVE_BELIEF,20,-0.70833333,late_trigger_ticks,-0.70833333,-0.70833333,2a7e18d34c29c0d72a184b51ebbbf6fcc79750e921bca27f65f96b4ed35f9b0c
10000,HYBRID,PERIODIC_ONLY,HYBRID_MINUS_PERIODIC__LIVE_BELIEF,20,0.08333333,wasted_triggers,0.08333333,0.08333333,2a7e18d34c29c0d72a184b51ebbbf6fcc79750e921bca27f65f96b4ed35f9b0c
10000,HYBRID,PERIODIC_ONLY,HYBRID_MINUS_PERIODIC__LIVE_BELIEF,20,-0.1625,budget_cost_proxy,-0.1625,-0.1625,2a7e18d34c29c0d72a184b51ebbbf6fcc79750e921bca27f65f96b4ed35f9b0c
10000,HYBRID,PERIODIC_ONLY,HYBRID_MINUS_PERIODIC__EPISODIC_ONLY,20,0.0,completion,0.0,0.0,2a7e18d34c29c0d72a184b51ebbbf6fcc79750e921bca27f65f96b4ed35f9b0c
10000,HYBRID,PERIODIC_ONLY,HYBRID_MINUS_PERIODIC__EPISODIC_ONLY,20,0.0,progress,0.0,0.0,2a7e18d34c29c0d72a184b51ebbbf6fcc79750e921bca27f65f96b4ed35f9b0c
10000,HYBRID,PERIODIC_ONLY,HYBRID_MINUS_PERIODIC__EPISODIC_ONLY,20,-0.66666667,late_trigger_ticks,-0.66666667,-0.66666667,2a7e18d34c29c0d72a184b51ebbbf6fcc79750e921bca27f65f96b4ed35f9b0c
10000,HYBRID,PERIODIC_ONLY,HYBRID_MINUS_PERIODIC__EPISODIC_ONLY,20,-0.04166667,wasted_triggers,-0.04166667,-0.04166667,2a7e18d34c29c0d72a184b51ebbbf6fcc79750e921bca27f65f96b4ed35f9b0c
10000,HYBRID,PERIODIC_ONLY,HYBRID_MINUS_PERIODIC__EPISODIC_ONLY,20,-1.62928063,budget_cost_proxy,-1.62928064,-1.62928061,2a7e18d34c29c0d72a184b51ebbbf6fcc79750e921bca27f65f96b4ed35f9b0c
10000,HYBRID,PERIODIC_ONLY,HYBRID_MINUS_PERIODIC__LIVE_EPISODIC,20,0.0,completion,0.0,0.0,2a7e18d34c29c0d72a184b51ebbbf6fcc79750e921bca27f65f96b4ed35f9b0c
10000,HYBRID,PERIODIC_ONLY,HYBRID_MINUS_PERIODIC__LIVE_EPISODIC,20,0.0,progress,0.0,0.0,2a7e18d34c29c0d72a184b51ebbbf6fcc79750e921bca27f65f96b4ed35f9b0c
10000,HYBRID,PERIODIC_ONLY,HYBRID_MINUS_PERIODIC__LIVE_EPISODIC,20,-0.66666667,late_trigger_ticks,-0.66666667,-0.66666667,2a7e18d34c29c0d72a184b51ebbbf6fcc79750e921bca27f65f96b4ed35f9b0c
10000,HYBRID,PERIODIC_ONLY,HYBRID_MINUS_PERIODIC__LIVE_EPISODIC,20,-0.04166667,wasted_triggers,-0.04166667,-0.04166667,2a7e18d34c29c0d72a184b51ebbbf6fcc79750e921bca27f65f96b4ed35f9b0c
10000,HYBRID,PERIODIC_ONLY,HYBRID_MINUS_PERIODIC__LIVE_EPISODIC,20,-1.62928063,budget_cost_proxy,-1.62928066,-1.62928059,2a7e18d34c29c0d72a184b51ebbbf6fcc79750e921bca27f65f96b4ed35f9b0c
10000,LIVE_EPISODIC,FIXED_SNAPSHOT,LIVE_EPISODIC_MINUS_FIXED__NO_REPLAN,20,0.0,completion,0.0,0.0,2a7e18d34c29c0d72a184b51ebbbf6fcc79750e921bca27f65f96b4ed35f9b0c
10000,LIVE_EPISODIC,FIXED_SNAPSHOT,LIVE_EPISODIC_MINUS_FIXED__NO_REPLAN,20,0.0,progress,0.0,0.0,2a7e18d34c29c0d72a184b51ebbbf6fcc79750e921bca27f65f96b4ed35f9b0c
10000,LIVE_EPISODIC,FIXED_SNAPSHOT,LIVE_EPISODIC_MINUS_FIXED__NO_REPLAN,20,0.0,late_trigger_ticks,0.0,0.0,2a7e18d34c29c0d72a184b51ebbbf6fcc79750e921bca27f65f96b4ed35f9b0c
10000,LIVE_EPISODIC,FIXED_SNAPSHOT,LIVE_EPISODIC_MINUS_FIXED__NO_REPLAN,20,0.0,wasted_triggers,0.0,0.0,2a7e18d34c29c0d72a184b51ebbbf6fcc79750e921bca27f65f96b4ed35f9b0c
10000,LIVE_EPISODIC,FIXED_SNAPSHOT,LIVE_EPISODIC_MINUS_FIXED__NO_REPLAN,20,0.64128414,budget_cost_proxy,0.64117433,0.64139398,2a7e18d34c29c0d72a184b51ebbbf6fcc79750e921bca27f65f96b4ed35f9b0c
10000,LIVE_EPISODIC,FIXED_SNAPSHOT,LIVE_EPISODIC_MINUS_FIXED__PERIODIC_ONLY,20,0.75,completion,0.75,0.75,2a7e18d34c29c0d72a184b51ebbbf6fcc79750e921bca27f65f96b4ed35f9b0c
10000,LIVE_EPISODIC,FIXED_SNAPSHOT,LIVE_EPISODIC_MINUS_FIXED__PERIODIC_ONLY,20,0.48958325,progress,0.48958325,0.48958325,2a7e18d34c29c0d72a184b51ebbbf6fcc79750e921bca27f65f96b4ed35f9b0c
10000,LIVE_EPISODIC,FIXED_SNAPSHOT,LIVE_EPISODIC_MINUS_FIXED__PERIODIC_ONLY,20,-3.91666667,late_trigger_ticks,-3.91666667,-3.91666667,2a7e18d34c29c0d72a184b51ebbbf6fcc79750e921bca27f65f96b4ed35f9b0c
10000,LIVE_EPISODIC,FIXED_SNAPSHOT,LIVE_EPISODIC_MINUS_FIXED__PERIODIC_ONLY,20,-1.79166667,wasted_triggers,-1.79166667,-1.79166667,2a7e18d34c29c0d72a184b51ebbbf6fcc79750e921bca27f65f96b4ed35f9b0c
10000,LIVE_EPISODIC,FIXED_SNAPSHOT,LIVE_EPISODIC_MINUS_FIXED__PERIODIC_ONLY,20,-16.02797855,budget_cost_proxy,-16.02808837,-16.0278687,2a7e18d34c29c0d72a184b51ebbbf6fcc79750e921bca27f65f96b4ed35f9b0c
10000,LIVE_EPISODIC,FIXED_SNAPSHOT,LIVE_EPISODIC_MINUS_FIXED__FAILURE_THRESHOLD,20,0.75,completion,0.75,0.75,2a7e18d34c29c0d72a184b51ebbbf6fcc79750e921bca27f65f96b4ed35f9b0c
10000,LIVE_EPISODIC,FIXED_SNAPSHOT,LIVE_EPISODIC_MINUS_FIXED__FAILURE_THRESHOLD,20,0.48958325,progress,0.48958325,0.48958325,2a7e18d34c29c0d72a184b51ebbbf6fcc79750e921bca27f65f96b4ed35f9b0c
10000,LIVE_EPISODIC,FIXED_SNAPSHOT,LIVE_EPISODIC_MINUS_FIXED__FAILURE_THRESHOLD,20,-5.125,late_trigger_ticks,-5.125,-5.125,2a7e18d34c29c0d72a184b51ebbbf6fcc79750e921bca27f65f96b4ed35f9b0c
10000,LIVE_EPISODIC,FIXED_SNAPSHOT,LIVE_EPISODIC_MINUS_FIXED__FAILURE_THRESHOLD,20,-0.875,wasted_triggers,-0.875,-0.875,2a7e18d34c29c0d72a184b51ebbbf6fcc79750e921bca27f65f96b4ed35f9b0c
10000,LIVE_EPISODIC,FIXED_SNAPSHOT,LIVE_EPISODIC_MINUS_FIXED__FAILURE_THRESHOLD,20,-7.01533209,budget_cost_proxy,-7.01544191,-7.01522222,2a7e18d34c29c0d72a184b51ebbbf6fcc79750e921bca27f65f96b4ed35f9b0c
10000,LIVE_EPISODIC,FIXED_SNAPSHOT,LIVE_EPISODIC_MINUS_FIXED__EVENT_DRIVEN,20,0.75,completion,0.75,0.75,2a7e18d34c29c0d72a184b51ebbbf6fcc79750e921bca27f65f96b4ed35f9b0c
10000,LIVE_EPISODIC,FIXED_SNAPSHOT,LIVE_EPISODIC_MINUS_FIXED__EVENT_DRIVEN,20,0.48958325,progress,0.48958325,0.48958325,2a7e18d34c29c0d72a184b51ebbbf6fcc79750e921bca27f65f96b4ed35f9b0c
10000,LIVE_EPISODIC,FIXED_SNAPSHOT,LIVE_EPISODIC_MINUS_FIXED__EVENT_DRIVEN,20,0.0,late_trigger_ticks,0.0,0.0,2a7e18d34c29c0d72a184b51ebbbf6fcc79750e921bca27f65f96b4ed35f9b0c
10000,LIVE_EPISODIC,FIXED_SNAPSHOT,LIVE_EPISODIC_MINUS_FIXED__EVENT_DRIVEN,20,-7.25,wasted_triggers,-7.25,-7.25,2a7e18d34c29c0d72a184b51ebbbf6fcc79750e921bca27f65f96b4ed35f9b0c
10000,LIVE_EPISODIC,FIXED_SNAPSHOT,LIVE_EPISODIC_MINUS_FIXED__EVENT_DRIVEN,20,-72.70002454,budget_cost_proxy,-72.70013431,-72.69991474,2a7e18d34c29c0d72a184b51ebbbf6fcc79750e921bca27f65f96b4ed35f9b0c
10000,LIVE_EPISODIC,FIXED_SNAPSHOT,LIVE_EPISODIC_MINUS_FIXED__HYBRID,20,0.75,completion,0.75,0.75,2a7e18d34c29c0d72a184b51ebbbf6fcc79750e921bca27f65f96b4ed35f9b0c
10000,LIVE_EPISODIC,FIXED_SNAPSHOT,LIVE_EPISODIC_MINUS_FIXED__HYBRID,20,0.48958325,progress,0.48958325,0.48958325,2a7e18d34c29c0d72a184b51ebbbf6fcc79750e921bca27f65f96b4ed35f9b0c
10000,LIVE_EPISODIC,FIXED_SNAPSHOT,LIVE_EPISODIC_MINUS_FIXED__HYBRID,20,-3.125,late_trigger_ticks,-3.125,-3.125,2a7e18d34c29c0d72a184b51ebbbf6fcc79750e921bca27f65f96b4ed35f9b0c
10000,LIVE_EPISODIC,FIXED_SNAPSHOT,LIVE_EPISODIC_MINUS_FIXED__HYBRID,20,-3.16666667,wasted_triggers,-3.16666667,-3.16666667,2a7e18d34c29c0d72a184b51ebbbf6fcc79750e921bca27f65f96b4ed35f9b0c
10000,LIVE_EPISODIC,FIXED_SNAPSHOT,LIVE_EPISODIC_MINUS_FIXED__HYBRID,20,-31.05725921,budget_cost_proxy,-31.05736899,-31.05714939,2a7e18d34c29c0d72a184b51ebbbf6fcc79750e921bca27f65f96b4ed35f9b0c
