episode_id,seed,condition,controller,detection_correct,detection_present,localization_error_m,task_complete,collision_free,safe_completion,goal_error_m,obstacle_contacts,replans,retries,semantic_wakes,path_length_m,ticks
seed-5101-no_obstacle-rgb_only,5101,NO_OBSTACLE,RGB_ONLY,True,False,0.0,True,True,True,0.0978643111029221,0,0,0,0,2.302156777392374,134
seed-5101-no_obstacle-rgbd_motion,5101,NO_OBSTACLE,RGBD_MOTION,True,False,0.0,True,True,True,0.0978643111029221,0,0,0,0,2.302156777392374,134
seed-5101-no_obstacle-hierarchical,5101,NO_OBSTACLE,HIERARCHICAL,True,False,0.0,True,True,True,0.0978643111029221,0,0,0,0,2.302156777392374,134
seed-5101-opaque-rgb_only,5101,OPAQUE,RGB_ONLY,True,True,0.00815350406307215,True,True,True,0.09792591273284337,0,0,0,0,2.5704638680826517,274
seed-5101-opaque-rgbd_motion,5101,OPAQUE,RGBD_MOTION,True,True,0.00815350406307215,True,True,True,0.09792591273284337,0,0,0,0,2.5704638680826517,274
seed-5101-opaque-hierarchical,5101,OPAQUE,HIERARCHICAL,True,True,0.00815350406307215,True,True,True,0.09792591273284337,0,0,0,0,2.5704638680826517,274
seed-5101-transparent-rgb_only,5101,TRANSPARENT,RGB_ONLY,False,False,,False,False,False,1.436763055136275,268,0,0,0,0.9702512963323151,300
seed-5101-transparent-rgbd_motion,5101,TRANSPARENT,RGBD_MOTION,True,True,0.00815350406307215,True,True,True,0.09792591273284337,0,0,0,0,2.5704638680826517,274
seed-5101-transparent-hierarchical,5101,TRANSPARENT,HIERARCHICAL,True,True,0.00815350406307215,True,True,True,0.09792591273284337,0,0,0,0,2.5704638680826517,274
seed-5102-no_obstacle-rgb_only,5102,NO_OBSTACLE,RGB_ONLY,True,False,0.0,True,True,True,0.09791736505329098,0,0,0,0,2.303821450323373,134
seed-5102-no_obstacle-rgbd_motion,5102,NO_OBSTACLE,RGBD_MOTION,True,False,0.0,True,True,True,0.09791736505329098,0,0,0,0,2.303821450323373,134
seed-5102-no_obstacle-hierarchical,5102,NO_OBSTACLE,HIERARCHICAL,True,False,0.0,True,True,True,0.09791736505329098,0,0,0,0,2.303821450323373,134
seed-5102-opaque-rgb_only,5102,OPAQUE,RGB_ONLY,True,True,0.015147338332433783,True,True,True,0.09930091309302598,0,0,0,0,2.5487313037438724,274
seed-5102-opaque-rgbd_motion,5102,OPAQUE,RGBD_MOTION,True,True,0.01475077335044938,True,True,True,0.09926455876978113,0,0,0,0,2.548794391625688,274
seed-5102-opaque-hierarchical,5102,OPAQUE,HIERARCHICAL,True,True,0.01475077335044938,True,True,True,0.09926455876978113,0,0,0,0,2.548794391625688,274
seed-5102-transparent-rgb_only,5102,TRANSPARENT,RGB_ONLY,False,False,,False,False,False,1.3206275064901076,264,0,0,0,1.1289786201968477,300
seed-5102-transparent-rgbd_motion,5102,TRANSPARENT,RGBD_MOTION,True,True,0.01475077335044938,True,True,True,0.09926455876978113,0,0,0,0,2.548794391625688,274
seed-5102-transparent-hierarchical,5102,TRANSPARENT,HIERARCHICAL,True,True,0.01475077335044938,True,True,True,0.09926455876978113,0,0,0,0,2.548794391625688,274
seed-5103-no_obstacle-rgb_only,5103,NO_OBSTACLE,RGB_ONLY,True,False,0.0,True,True,True,0.09787207017632123,0,0,0,0,2.302400271624499,134
seed-5103-no_obstacle-rgbd_motion,5103,NO_OBSTACLE,RGBD_MOTION,True,False,0.0,True,True,True,0.09787207017632123,0,0,0,0,2.302400271624499,134
seed-5103-no_obstacle-hierarchical,5103,NO_OBSTACLE,HIERARCHICAL,True,False,0.0,True,True,True,0.09787207017632123,0,0,0,0,2.302400271624499,134
seed-5103-opaque-rgb_only,5103,OPAQUE,RGB_ONLY,True,True,0.008807078586514696,True,True,True,0.09898172028391725,0,0,0,0,2.55693624807899,273
seed-5103-opaque-rgbd_motion,5103,OPAQUE,RGBD_MOTION,True,True,0.008807078586514696,True,True,True,0.09898172028391725,0,0,0,0,2.55693624807899,273
seed-5103-opaque-hierarchical,5103,OPAQUE,HIERARCHICAL,True,True,0.008807078586514696,True,True,True,0.09898172028391725,0,0,0,0,2.55693624807899,273
seed-5103-transparent-rgb_only,5103,TRANSPARENT,RGB_ONLY,False,False,,False,False,False,1.4116548542002068,267,0,0,0,1.0132350186725467,300
seed-5103-transparent-rgbd_motion,5103,TRANSPARENT,RGBD_MOTION,True,True,0.008807078586514696,True,True,True,0.09898172028391725,0,0,0,0,2.55693624807899,273
seed-5103-transparent-hierarchical,5103,TRANSPARENT,HIERARCHICAL,True,True,0.008807078586514696,True,True,True,0.09898172028391725,0,0,0,0,2.55693624807899,273
seed-5104-no_obstacle-rgb_only,5104,NO_OBSTACLE,RGB_ONLY,True,False,0.0,True,True,True,0.0978722566501068,0,0,0,0,2.302406123360515,134
seed-5104-no_obstacle-rgbd_motion,5104,NO_OBSTACLE,RGBD_MOTION,True,False,0.0,True,True,True,0.0978722566501068,0,0,0,0,2.302406123360515,134
seed-5104-no_obstacle-hierarchical,5104,NO_OBSTACLE,HIERARCHICAL,True,False,0.0,True,True,True,0.0978722566501068,0,0,0,0,2.302406123360515,134
seed-5104-opaque-rgb_only,5104,OPAQUE,RGB_ONLY,True,True,0.007296994530345759,True,True,True,0.0974243634046601,0,0,0,0,2.5782170331790746,275
seed-5104-opaque-rgbd_motion,5104,OPAQUE,RGBD_MOTION,True,True,0.007296994530345759,True,True,True,0.0974243634046601,0,0,0,0,2.5782170331790746,275
seed-5104-opaque-hierarchical,5104,OPAQUE,HIERARCHICAL,True,True,0.007296994530345759,True,True,True,0.0974243634046601,0,0,0,0,2.5782170331790746,275
seed-5104-transparent-rgb_only,5104,TRANSPARENT,RGB_ONLY,False,False,,False,False,False,1.4003054841055014,267,0,0,0,1.0064329206956466,300
seed-5104-transparent-rgbd_motion,5104,TRANSPARENT,RGBD_MOTION,True,True,0.007296994530345759,True,True,True,0.0974243634046601,0,0,0,0,2.5782170331790746,275
seed-5104-transparent-hierarchical,5104,TRANSPARENT,HIERARCHICAL,True,True,0.007296994530345759,True,True,True,0.0974243634046601,0,0,0,0,2.5782170331790746,275
seed-5105-no_obstacle-rgb_only,5105,NO_OBSTACLE,RGB_ONLY,True,False,0.0,True,True,True,0.09787060817438932,0,0,0,0,2.302354392264689,134
seed-5105-no_obstacle-rgbd_motion,5105,NO_OBSTACLE,RGBD_MOTION,True,False,0.0,True,True,True,0.09787060817438932,0,0,0,0,2.302354392264689,134
seed-5105-no_obstacle-hierarchical,5105,NO_OBSTACLE,HIERARCHICAL,True,False,0.0,True,True,True,0.09787060817438932,0,0,0,0,2.302354392264689,134
seed-5105-opaque-rgb_only,5105,OPAQUE,RGB_ONLY,True,True,0.008650479560163401,True,True,True,0.09912039940587053,0,0,0,0,2.559457868329315,274
seed-5105-opaque-rgbd_motion,5105,OPAQUE,RGBD_MOTION,True,True,0.008650479560163401,True,True,True,0.09912039940587053,0,0,0,0,2.559457868329315,274
seed-5105-opaque-hierarchical,5105,OPAQUE,HIERARCHICAL,True,True,0.008650479560163401,True,True,True,0.09912039940587053,0,0,0,0,2.559457868329315,274
seed-5105-transparent-rgb_only,5105,TRANSPARENT,RGB_ONLY,False,False,,False,False,False,1.3523301643212307,265,0,0,0,1.0912421467323112,300
seed-5105-transparent-rgbd_motion,5105,TRANSPARENT,RGBD_MOTION,True,True,0.008650479560163401,True,True,True,0.09912039940587053,0,0,0,0,2.559457868329315,274
seed-5105-transparent-hierarchical,5105,TRANSPARENT,HIERARCHICAL,True,True,0.008650479560163401,True,True,True,0.09912039940587053,0,0,0,0,2.559457868329315,274
seed-5106-no_obstacle-rgb_only,5106,NO_OBSTACLE,RGB_ONLY,True,False,0.0,True,True,True,0.09791433601216427,0,0,0,0,2.303726424474015,134
seed-5106-no_obstacle-rgbd_motion,5106,NO_OBSTACLE,RGBD_MOTION,True,False,0.0,True,True,True,0.09791433601216427,0,0,0,0,2.303726424474015,134
seed-5106-no_obstacle-hierarchical,5106,NO_OBSTACLE,HIERARCHICAL,True,False,0.0,True,True,True,0.09791433601216427,0,0,0,0,2.303726424474015,134
seed-5106-opaque-rgb_only,5106,OPAQUE,RGB_ONLY,True,True,0.013294380316973005,True,True,True,0.09874260127230103,0,0,0,0,2.591320131588999,275
seed-5106-opaque-rgbd_motion,5106,OPAQUE,RGBD_MOTION,True,True,0.013294380316973005,True,True,True,0.09874260127230103,0,0,0,0,2.591320131588999,275
seed-5106-opaque-hierarchical,5106,OPAQUE,HIERARCHICAL,True,True,0.013294380316973005,True,True,True,0.09874260127230103,0,0,0,0,2.591320131588999,275
seed-5106-transparent-rgb_only,5106,TRANSPARENT,RGB_ONLY,False,False,,False,False,False,1.3307571555295565,264,0,0,0,1.1389589630604637,300
seed-5106-transparent-rgbd_motion,5106,TRANSPARENT,RGBD_MOTION,True,True,0.013294380316973005,True,True,True,0.09874260127230103,0,0,0,0,2.591320131588999,275
seed-5106-transparent-hierarchical,5106,TRANSPARENT,HIERARCHICAL,True,True,0.013294380316973005,True,True,True,0.09874260127230103,0,0,0,0,2.591320131588999,275
seed-5107-no_obstacle-rgb_only,5107,NO_OBSTACLE,RGB_ONLY,True,False,0.0,True,True,True,0.09788146927326927,0,0,0,0,2.3026952154447407,134
seed-5107-no_obstacle-rgbd_motion,5107,NO_OBSTACLE,RGBD_MOTION,True,False,0.0,True,True,True,0.09788146927326927,0,0,0,0,2.3026952154447407,134
seed-5107-no_obstacle-hierarchical,5107,NO_OBSTACLE,HIERARCHICAL,True,False,0.0,True,True,True,0.09788146927326927,0,0,0,0,2.3026952154447407,134
seed-5107-opaque-rgb_only,5107,OPAQUE,RGB_ONLY,True,True,0.007685729912661847,True,True,True,0.0982521600928612,0,0,0,0,2.5822309119002322,275
seed-5107-opaque-rgbd_motion,5107,OPAQUE,RGBD_MOTION,True,True,0.007685729912661847,True,True,True,0.0982521600928612,0,0,0,0,2.5822309119002322,275
seed-5107-opaque-hierarchical,5107,OPAQUE,HIERARCHICAL,True,True,0.007685729912661847,True,True,True,0.0982521600928612,0,0,0,0,2.5822309119002322,275
seed-5107-transparent-rgb_only,5107,TRANSPARENT,RGB_ONLY,False,False,,False,False,False,1.4090866178271158,267,0,0,0,1.0118990118922804,300
seed-5107-transparent-rgbd_motion,5107,TRANSPARENT,RGBD_MOTION,True,True,0.007685729912661847,True,True,True,0.0982521600928612,0,0,0,0,2.5822309119002322,275
seed-5107-transparent-hierarchical,5107,TRANSPARENT,HIERARCHICAL,True,True,0.007685729912661847,True,True,True,0.0982521600928612,0,0,0,0,2.5822309119002322,275
seed-5108-no_obstacle-rgb_only,5108,NO_OBSTACLE,RGB_ONLY,True,False,0.0,True,True,True,0.09789104586375334,0,0,0,0,2.3029957094055837,134
seed-5108-no_obstacle-rgbd_motion,5108,NO_OBSTACLE,RGBD_MOTION,True,False,0.0,True,True,True,0.09789104586375334,0,0,0,0,2.3029957094055837,134
seed-5108-no_obstacle-hierarchical,5108,NO_OBSTACLE,HIERARCHICAL,True,False,0.0,True,True,True,0.09789104586375334,0,0,0,0,2.3029957094055837,134
seed-5108-opaque-rgb_only,5108,OPAQUE,RGB_ONLY,True,True,0.011106989745142666,True,True,True,0.09932062277274047,0,0,0,0,2.586232182945697,274
seed-5108-opaque-rgbd_motion,5108,OPAQUE,RGBD_MOTION,True,True,0.012017740520263576,True,True,True,0.09938949866402161,0,0,0,0,2.5862144281176134,274
seed-5108-opaque-hierarchical,5108,OPAQUE,HIERARCHICAL,True,True,0.012017740520263576,True,True,True,0.09938949866402161,0,0,0,0,2.5862144281176134,274
seed-5108-transparent-rgb_only,5108,TRANSPARENT,RGB_ONLY,False,False,,False,False,False,1.4527412790661673,268,0,0,0,0.9849356560136021,300
seed-5108-transparent-rgbd_motion,5108,TRANSPARENT,RGBD_MOTION,True,True,0.012017740520263576,True,True,True,0.09938949866402161,0,0,0,0,2.5862144281176134,274
seed-5108-transparent-hierarchical,5108,TRANSPARENT,HIERARCHICAL,True,True,0.012017740520263576,True,True,True,0.09938949866402161,0,0,0,0,2.5862144281176134,274
seed-5109-no_obstacle-rgb_only,5109,NO_OBSTACLE,RGB_ONLY,True,False,0.0,True,True,True,0.09786885280768928,0,0,0,0,2.3022993061593944,134
seed-5109-no_obstacle-rgbd_motion,5109,NO_OBSTACLE,RGBD_MOTION,True,False,0.0,True,True,True,0.09786885280768928,0,0,0,0,2.3022993061593944,134
seed-5109-no_obstacle-hierarchical,5109,NO_OBSTACLE,HIERARCHICAL,True,False,0.0,True,True,True,0.09786885280768928,0,0,0,0,2.3022993061593944,134
seed-5109-opaque-rgb_only,5109,OPAQUE,RGB_ONLY,True,True,0.010303745043073994,True,True,True,0.09821766175522971,0,0,0,0,2.559798225894971,274
seed-5109-opaque-rgbd_motion,5109,OPAQUE,RGBD_MOTION,True,True,0.010303745043073994,True,True,True,0.09821766175522971,0,0,0,0,2.559798225894971,274
seed-5109-opaque-hierarchical,5109,OPAQUE,HIERARCHICAL,True,True,0.010303745043073994,True,True,True,0.09821766175522971,0,0,0,0,2.559798225894971,274
seed-5109-transparent-rgb_only,5109,TRANSPARENT,RGB_ONLY,False,False,,False,False,False,1.4373207196475044,268,0,0,0,0.9714712165824985,300
seed-5109-transparent-rgbd_motion,5109,TRANSPARENT,RGBD_MOTION,True,True,0.010303745043073994,True,True,True,0.09821766175522971,0,0,0,0,2.559798225894971,274
seed-5109-transparent-hierarchical,5109,TRANSPARENT,HIERARCHICAL,True,True,0.010303745043073994,True,True,True,0.09821766175522971,0,0,0,0,2.559798225894971,274
seed-5110-no_obstacle-rgb_only,5110,NO_OBSTACLE,RGB_ONLY,True,False,0.0,True,True,True,0.09786633444869713,0,0,0,0,2.3022202750203,134
seed-5110-no_obstacle-rgbd_motion,5110,NO_OBSTACLE,RGBD_MOTION,True,False,0.0,True,True,True,0.09786633444869713,0,0,0,0,2.3022202750203,134
seed-5110-no_obstacle-hierarchical,5110,NO_OBSTACLE,HIERARCHICAL,True,False,0.0,True,True,True,0.09786633444869713,0,0,0,0,2.3022202750203,134
seed-5110-opaque-rgb_only,5110,OPAQUE,RGB_ONLY,True,True,0.01659184693669591,True,True,True,0.09836467971143215,0,0,0,0,2.5738798892508257,274
seed-5110-opaque-rgbd_motion,5110,OPAQUE,RGBD_MOTION,True,True,0.0037730525941512376,True,True,True,0.0993734866515275,0,0,0,0,2.5726379960794064,274
seed-5110-opaque-hierarchical,5110,OPAQUE,HIERARCHICAL,True,True,0.0037730525941512376,True,True,True,0.0993734866515275,0,0,0,0,2.5726379960794064,274
seed-5110-transparent-rgb_only,5110,TRANSPARENT,RGB_ONLY,False,False,,False,False,False,1.325206097889818,264,0,0,0,1.1301775987953155,300
seed-5110-transparent-rgbd_motion,5110,TRANSPARENT,RGBD_MOTION,True,True,0.0037730525941512376,True,True,True,0.0993734866515275,0,0,0,0,2.5726379960794064,274
seed-5110-transparent-hierarchical,5110,TRANSPARENT,HIERARCHICAL,True,True,0.0037730525941512376,True,True,True,0.0993734866515275,0,0,0,0,2.5726379960794064,274
seed-5111-no_obstacle-rgb_only,5111,NO_OBSTACLE,RGB_ONLY,True,False,0.0,True,True,True,0.09789989262028691,0,0,0,0,2.303273285087058,134
seed-5111-no_obstacle-rgbd_motion,5111,NO_OBSTACLE,RGBD_MOTION,True,False,0.0,True,True,True,0.09789989262028691,0,0,0,0,2.303273285087058,134
seed-5111-no_obstacle-hierarchical,5111,NO_OBSTACLE,HIERARCHICAL,True,False,0.0,True,True,True,0.09789989262028691,0,0,0,0,2.303273285087058,134
seed-5111-opaque-rgb_only,5111,OPAQUE,RGB_ONLY,True,True,0.015129893709892601,True,True,True,0.09969696597074558,0,0,0,0,2.545780119228872,272
seed-5111-opaque-rgbd_motion,5111,OPAQUE,RGBD_MOTION,True,True,0.015129893709892601,True,True,True,0.09969696597074558,0,0,0,0,2.545780119228872,272
seed-5111-opaque-hierarchical,5111,OPAQUE,HIERARCHICAL,True,True,0.015129893709892601,True,True,True,0.09969696597074558,0,0,0,0,2.545780119228872,272
seed-5111-transparent-rgb_only,5111,TRANSPARENT,RGB_ONLY,False,False,,False,False,False,1.475453520429465,269,0,0,0,0.9391593300898586,300
seed-5111-transparent-rgbd_motion,5111,TRANSPARENT,RGBD_MOTION,True,True,0.015129893709892601,True,True,True,0.09969696597074558,0,0,0,0,2.545780119228872,272
seed-5111-transparent-hierarchical,5111,TRANSPARENT,HIERARCHICAL,True,True,0.015129893709892601,True,True,True,0.09969696597074558,0,0,0,0,2.545780119228872,272
seed-5112-no_obstacle-rgb_only,5112,NO_OBSTACLE,RGB_ONLY,True,False,0.0,True,True,True,0.09786385411615671,0,0,0,0,2.3021424358874136,134
seed-5112-no_obstacle-rgbd_motion,5112,NO_OBSTACLE,RGBD_MOTION,True,False,0.0,True,True,True,0.09786385411615671,0,0,0,0,2.3021424358874136,134
seed-5112-no_obstacle-hierarchical,5112,NO_OBSTACLE,HIERARCHICAL,True,False,0.0,True,True,True,0.09786385411615671,0,0,0,0,2.3021424358874136,134
seed-5112-opaque-rgb_only,5112,OPAQUE,RGB_ONLY,True,True,0.015156978511854774,True,True,True,0.09984232862546233,0,0,0,0,2.567612458690021,273
seed-5112-opaque-rgbd_motion,5112,OPAQUE,RGBD_MOTION,True,True,0.0056381800346817085,True,True,True,0.0988931700512057,0,0,0,0,2.568557257821514,274
seed-5112-opaque-hierarchical,5112,OPAQUE,HIERARCHICAL,True,True,0.0056381800346817085,True,True,True,0.0988931700512057,0,0,0,0,2.568557257821514,274
seed-5112-transparent-rgb_only,5112,TRANSPARENT,RGB_ONLY,False,False,,False,False,False,1.4498753928796022,268,0,0,0,0.9791192246774405,300
seed-5112-transparent-rgbd_motion,5112,TRANSPARENT,RGBD_MOTION,True,True,0.0056381800346817085,True,True,True,0.0988931700512057,0,0,0,0,2.568557257821514,274
seed-5112-transparent-hierarchical,5112,TRANSPARENT,HIERARCHICAL,True,True,0.0056381800346817085,True,True,True,0.0988931700512057,0,0,0,0,2.568557257821514,274
