disturbance_family,effect_id,effective_seed_n,estimate,metric
POSE_SHIFT,STORAGE_LIVE_EPISODIC_MINUS_LIVE_BELIEF__PERIODIC_ONLY__COMPACT_TYPED,12,0.63888889,completion
POSE_SHIFT,STORAGE_LIVE_EPISODIC_MINUS_LIVE_BELIEF__PERIODIC_ONLY__COMPACT_TYPED,12,3.93888889,progress
POSE_SHIFT,STORAGE_LIVE_EPISODIC_MINUS_LIVE_BELIEF__PERIODIC_ONLY__COMPACT_TYPED,12,-7.87777778,cost_proxy
AVAILABILITY_LOSS,STORAGE_LIVE_EPISODIC_MINUS_LIVE_BELIEF__PERIODIC_ONLY__COMPACT_TYPED,12,0.61527778,completion
AVAILABILITY_LOSS,STORAGE_LIVE_EPISODIC_MINUS_LIVE_BELIEF__PERIODIC_ONLY__COMPACT_TYPED,12,3.75416667,progress
AVAILABILITY_LOSS,STORAGE_LIVE_EPISODIC_MINUS_LIVE_BELIEF__PERIODIC_ONLY__COMPACT_TYPED,12,-7.50833333,cost_proxy
RESTRICTION_CHANGE,STORAGE_LIVE_EPISODIC_MINUS_LIVE_BELIEF__PERIODIC_ONLY__COMPACT_TYPED,12,0.61944444,completion
RESTRICTION_CHANGE,STORAGE_LIVE_EPISODIC_MINUS_LIVE_BELIEF__PERIODIC_ONLY__COMPACT_TYPED,12,3.8125,progress
RESTRICTION_CHANGE,STORAGE_LIVE_EPISODIC_MINUS_LIVE_BELIEF__PERIODIC_ONLY__COMPACT_TYPED,12,-7.625,cost_proxy
CONTROL_FAILURE,STORAGE_LIVE_EPISODIC_MINUS_LIVE_BELIEF__PERIODIC_ONLY__COMPACT_TYPED,12,0.0,completion
CONTROL_FAILURE,STORAGE_LIVE_EPISODIC_MINUS_LIVE_BELIEF__PERIODIC_ONLY__COMPACT_TYPED,12,0.15,progress
CONTROL_FAILURE,STORAGE_LIVE_EPISODIC_MINUS_LIVE_BELIEF__PERIODIC_ONLY__COMPACT_TYPED,12,-0.3,cost_proxy
POSE_SHIFT,STORAGE_LIVE_EPISODIC_MINUS_LIVE_BELIEF__PERIODIC_ONLY__VERBOSE_TYPED,12,0.63888889,completion
POSE_SHIFT,STORAGE_LIVE_EPISODIC_MINUS_LIVE_BELIEF__PERIODIC_ONLY__VERBOSE_TYPED,12,3.93888889,progress
POSE_SHIFT,STORAGE_LIVE_EPISODIC_MINUS_LIVE_BELIEF__PERIODIC_ONLY__VERBOSE_TYPED,12,-7.87777778,cost_proxy
AVAILABILITY_LOSS,STORAGE_LIVE_EPISODIC_MINUS_LIVE_BELIEF__PERIODIC_ONLY__VERBOSE_TYPED,12,0.61527778,completion
AVAILABILITY_LOSS,STORAGE_LIVE_EPISODIC_MINUS_LIVE_BELIEF__PERIODIC_ONLY__VERBOSE_TYPED,12,3.75416667,progress
AVAILABILITY_LOSS,STORAGE_LIVE_EPISODIC_MINUS_LIVE_BELIEF__PERIODIC_ONLY__VERBOSE_TYPED,12,-7.50833333,cost_proxy
RESTRICTION_CHANGE,STORAGE_LIVE_EPISODIC_MINUS_LIVE_BELIEF__PERIODIC_ONLY__VERBOSE_TYPED,12,0.61944444,completion
RESTRICTION_CHANGE,STORAGE_LIVE_EPISODIC_MINUS_LIVE_BELIEF__PERIODIC_ONLY__VERBOSE_TYPED,12,3.8125,progress
RESTRICTION_CHANGE,STORAGE_LIVE_EPISODIC_MINUS_LIVE_BELIEF__PERIODIC_ONLY__VERBOSE_TYPED,12,-7.625,cost_proxy
CONTROL_FAILURE,STORAGE_LIVE_EPISODIC_MINUS_LIVE_BELIEF__PERIODIC_ONLY__VERBOSE_TYPED,12,0.0,completion
CONTROL_FAILURE,STORAGE_LIVE_EPISODIC_MINUS_LIVE_BELIEF__PERIODIC_ONLY__VERBOSE_TYPED,12,0.15,progress
CONTROL_FAILURE,STORAGE_LIVE_EPISODIC_MINUS_LIVE_BELIEF__PERIODIC_ONLY__VERBOSE_TYPED,12,-0.3,cost_proxy
POSE_SHIFT,STORAGE_LIVE_EPISODIC_MINUS_LIVE_BELIEF__FAILURE_THRESHOLD__COMPACT_TYPED,12,0.73888889,completion
POSE_SHIFT,STORAGE_LIVE_EPISODIC_MINUS_LIVE_BELIEF__FAILURE_THRESHOLD__COMPACT_TYPED,12,5.27222222,progress
POSE_SHIFT,STORAGE_LIVE_EPISODIC_MINUS_LIVE_BELIEF__FAILURE_THRESHOLD__COMPACT_TYPED,12,-34.34444444,cost_proxy
AVAILABILITY_LOSS,STORAGE_LIVE_EPISODIC_MINUS_LIVE_BELIEF__FAILURE_THRESHOLD__COMPACT_TYPED,12,0.72638889,completion
AVAILABILITY_LOSS,STORAGE_LIVE_EPISODIC_MINUS_LIVE_BELIEF__FAILURE_THRESHOLD__COMPACT_TYPED,12,5.17638889,progress
AVAILABILITY_LOSS,STORAGE_LIVE_EPISODIC_MINUS_LIVE_BELIEF__FAILURE_THRESHOLD__COMPACT_TYPED,12,-33.90277778,cost_proxy
RESTRICTION_CHANGE,STORAGE_LIVE_EPISODIC_MINUS_LIVE_BELIEF__FAILURE_THRESHOLD__COMPACT_TYPED,12,0.72222222,completion
RESTRICTION_CHANGE,STORAGE_LIVE_EPISODIC_MINUS_LIVE_BELIEF__FAILURE_THRESHOLD__COMPACT_TYPED,12,5.15555556,progress
RESTRICTION_CHANGE,STORAGE_LIVE_EPISODIC_MINUS_LIVE_BELIEF__FAILURE_THRESHOLD__COMPACT_TYPED,12,-33.81111111,cost_proxy
CONTROL_FAILURE,STORAGE_LIVE_EPISODIC_MINUS_LIVE_BELIEF__FAILURE_THRESHOLD__COMPACT_TYPED,12,0.0,completion
CONTROL_FAILURE,STORAGE_LIVE_EPISODIC_MINUS_LIVE_BELIEF__FAILURE_THRESHOLD__COMPACT_TYPED,12,0.5,progress
CONTROL_FAILURE,STORAGE_LIVE_EPISODIC_MINUS_LIVE_BELIEF__FAILURE_THRESHOLD__COMPACT_TYPED,12,-3.45,cost_proxy
POSE_SHIFT,STORAGE_LIVE_EPISODIC_MINUS_LIVE_BELIEF__FAILURE_THRESHOLD__VERBOSE_TYPED,12,0.73888889,completion
POSE_SHIFT,STORAGE_LIVE_EPISODIC_MINUS_LIVE_BELIEF__FAILURE_THRESHOLD__VERBOSE_TYPED,12,5.27222222,progress
POSE_SHIFT,STORAGE_LIVE_EPISODIC_MINUS_LIVE_BELIEF__FAILURE_THRESHOLD__VERBOSE_TYPED,12,-34.34444444,cost_proxy
AVAILABILITY_LOSS,STORAGE_LIVE_EPISODIC_MINUS_LIVE_BELIEF__FAILURE_THRESHOLD__VERBOSE_TYPED,12,0.72638889,completion
AVAILABILITY_LOSS,STORAGE_LIVE_EPISODIC_MINUS_LIVE_BELIEF__FAILURE_THRESHOLD__VERBOSE_TYPED,12,5.17638889,progress
AVAILABILITY_LOSS,STORAGE_LIVE_EPISODIC_MINUS_LIVE_BELIEF__FAILURE_THRESHOLD__VERBOSE_TYPED,12,-33.90277778,cost_proxy
RESTRICTION_CHANGE,STORAGE_LIVE_EPISODIC_MINUS_LIVE_BELIEF__FAILURE_THRESHOLD__VERBOSE_TYPED,12,0.72222222,completion
RESTRICTION_CHANGE,STORAGE_LIVE_EPISODIC_MINUS_LIVE_BELIEF__FAILURE_THRESHOLD__VERBOSE_TYPED,12,5.15555556,progress
RESTRICTION_CHANGE,STORAGE_LIVE_EPISODIC_MINUS_LIVE_BELIEF__FAILURE_THRESHOLD__VERBOSE_TYPED,12,-33.81111111,cost_proxy
CONTROL_FAILURE,STORAGE_LIVE_EPISODIC_MINUS_LIVE_BELIEF__FAILURE_THRESHOLD__VERBOSE_TYPED,12,0.0,completion
CONTROL_FAILURE,STORAGE_LIVE_EPISODIC_MINUS_LIVE_BELIEF__FAILURE_THRESHOLD__VERBOSE_TYPED,12,0.5,progress
CONTROL_FAILURE,STORAGE_LIVE_EPISODIC_MINUS_LIVE_BELIEF__FAILURE_THRESHOLD__VERBOSE_TYPED,12,-3.45,cost_proxy
POSE_SHIFT,STORAGE_LIVE_EPISODIC_MINUS_LIVE_BELIEF__EVENT_DRIVEN__COMPACT_TYPED,12,0.0,completion
POSE_SHIFT,STORAGE_LIVE_EPISODIC_MINUS_LIVE_BELIEF__EVENT_DRIVEN__COMPACT_TYPED,12,0.0,progress
POSE_SHIFT,STORAGE_LIVE_EPISODIC_MINUS_LIVE_BELIEF__EVENT_DRIVEN__COMPACT_TYPED,12,0.0,cost_proxy
AVAILABILITY_LOSS,STORAGE_LIVE_EPISODIC_MINUS_LIVE_BELIEF__EVENT_DRIVEN__COMPACT_TYPED,12,0.0,completion
AVAILABILITY_LOSS,STORAGE_LIVE_EPISODIC_MINUS_LIVE_BELIEF__EVENT_DRIVEN__COMPACT_TYPED,12,0.0,progress
AVAILABILITY_LOSS,STORAGE_LIVE_EPISODIC_MINUS_LIVE_BELIEF__EVENT_DRIVEN__COMPACT_TYPED,12,0.0,cost_proxy
RESTRICTION_CHANGE,STORAGE_LIVE_EPISODIC_MINUS_LIVE_BELIEF__EVENT_DRIVEN__COMPACT_TYPED,12,0.0,completion
RESTRICTION_CHANGE,STORAGE_LIVE_EPISODIC_MINUS_LIVE_BELIEF__EVENT_DRIVEN__COMPACT_TYPED,12,0.0,progress
RESTRICTION_CHANGE,STORAGE_LIVE_EPISODIC_MINUS_LIVE_BELIEF__EVENT_DRIVEN__COMPACT_TYPED,12,0.0,cost_proxy
CONTROL_FAILURE,STORAGE_LIVE_EPISODIC_MINUS_LIVE_BELIEF__EVENT_DRIVEN__COMPACT_TYPED,12,0.0,completion
CONTROL_FAILURE,STORAGE_LIVE_EPISODIC_MINUS_LIVE_BELIEF__EVENT_DRIVEN__COMPACT_TYPED,12,0.08472222,progress
CONTROL_FAILURE,STORAGE_LIVE_EPISODIC_MINUS_LIVE_BELIEF__EVENT_DRIVEN__COMPACT_TYPED,12,-0.16944444,cost_proxy
POSE_SHIFT,STORAGE_LIVE_EPISODIC_MINUS_LIVE_BELIEF__EVENT_DRIVEN__VERBOSE_TYPED,12,0.0,completion
POSE_SHIFT,STORAGE_LIVE_EPISODIC_MINUS_LIVE_BELIEF__EVENT_DRIVEN__VERBOSE_TYPED,12,0.0,progress
POSE_SHIFT,STORAGE_LIVE_EPISODIC_MINUS_LIVE_BELIEF__EVENT_DRIVEN__VERBOSE_TYPED,12,0.0,cost_proxy
AVAILABILITY_LOSS,STORAGE_LIVE_EPISODIC_MINUS_LIVE_BELIEF__EVENT_DRIVEN__VERBOSE_TYPED,12,0.0,completion
AVAILABILITY_LOSS,STORAGE_LIVE_EPISODIC_MINUS_LIVE_BELIEF__EVENT_DRIVEN__VERBOSE_TYPED,12,0.0,progress
AVAILABILITY_LOSS,STORAGE_LIVE_EPISODIC_MINUS_LIVE_BELIEF__EVENT_DRIVEN__VERBOSE_TYPED,12,0.0,cost_proxy
RESTRICTION_CHANGE,STORAGE_LIVE_EPISODIC_MINUS_LIVE_BELIEF__EVENT_DRIVEN__VERBOSE_TYPED,12,0.0,completion
RESTRICTION_CHANGE,STORAGE_LIVE_EPISODIC_MINUS_LIVE_BELIEF__EVENT_DRIVEN__VERBOSE_TYPED,12,0.0,progress
RESTRICTION_CHANGE,STORAGE_LIVE_EPISODIC_MINUS_LIVE_BELIEF__EVENT_DRIVEN__VERBOSE_TYPED,12,0.0,cost_proxy
CONTROL_FAILURE,STORAGE_LIVE_EPISODIC_MINUS_LIVE_BELIEF__EVENT_DRIVEN__VERBOSE_TYPED,12,0.0,completion
CONTROL_FAILURE,STORAGE_LIVE_EPISODIC_MINUS_LIVE_BELIEF__EVENT_DRIVEN__VERBOSE_TYPED,12,0.08472222,progress
CONTROL_FAILURE,STORAGE_LIVE_EPISODIC_MINUS_LIVE_BELIEF__EVENT_DRIVEN__VERBOSE_TYPED,12,-0.16944444,cost_proxy
POSE_SHIFT,STORAGE_LIVE_EPISODIC_MINUS_LIVE_BELIEF__HYBRID__COMPACT_TYPED,12,0.27083333,completion
POSE_SHIFT,STORAGE_LIVE_EPISODIC_MINUS_LIVE_BELIEF__HYBRID__COMPACT_TYPED,12,2.11111111,progress
POSE_SHIFT,STORAGE_LIVE_EPISODIC_MINUS_LIVE_BELIEF__HYBRID__COMPACT_TYPED,12,-9.03055556,cost_proxy
AVAILABILITY_LOSS,STORAGE_LIVE_EPISODIC_MINUS_LIVE_BELIEF__HYBRID__COMPACT_TYPED,12,0.22083333,completion
AVAILABILITY_LOSS,STORAGE_LIVE_EPISODIC_MINUS_LIVE_BELIEF__HYBRID__COMPACT_TYPED,12,1.71805556,progress
AVAILABILITY_LOSS,STORAGE_LIVE_EPISODIC_MINUS_LIVE_BELIEF__HYBRID__COMPACT_TYPED,12,-7.32777778,cost_proxy
RESTRICTION_CHANGE,STORAGE_LIVE_EPISODIC_MINUS_LIVE_BELIEF__HYBRID__COMPACT_TYPED,12,0.22361111,completion
RESTRICTION_CHANGE,STORAGE_LIVE_EPISODIC_MINUS_LIVE_BELIEF__HYBRID__COMPACT_TYPED,12,1.78194444,progress
RESTRICTION_CHANGE,STORAGE_LIVE_EPISODIC_MINUS_LIVE_BELIEF__HYBRID__COMPACT_TYPED,12,-7.56388889,cost_proxy
CONTROL_FAILURE,STORAGE_LIVE_EPISODIC_MINUS_LIVE_BELIEF__HYBRID__COMPACT_TYPED,12,0.0,completion
CONTROL_FAILURE,STORAGE_LIVE_EPISODIC_MINUS_LIVE_BELIEF__HYBRID__COMPACT_TYPED,12,0.44027778,progress
CONTROL_FAILURE,STORAGE_LIVE_EPISODIC_MINUS_LIVE_BELIEF__HYBRID__COMPACT_TYPED,12,-2.28055556,cost_proxy
POSE_SHIFT,STORAGE_LIVE_EPISODIC_MINUS_LIVE_BELIEF__HYBRID__VERBOSE_TYPED,12,0.27083333,completion
POSE_SHIFT,STORAGE_LIVE_EPISODIC_MINUS_LIVE_BELIEF__HYBRID__VERBOSE_TYPED,12,2.11111111,progress
POSE_SHIFT,STORAGE_LIVE_EPISODIC_MINUS_LIVE_BELIEF__HYBRID__VERBOSE_TYPED,12,-9.03055556,cost_proxy
AVAILABILITY_LOSS,STORAGE_LIVE_EPISODIC_MINUS_LIVE_BELIEF__HYBRID__VERBOSE_TYPED,12,0.22083333,completion
AVAILABILITY_LOSS,STORAGE_LIVE_EPISODIC_MINUS_LIVE_BELIEF__HYBRID__VERBOSE_TYPED,12,1.71805556,progress
AVAILABILITY_LOSS,STORAGE_LIVE_EPISODIC_MINUS_LIVE_BELIEF__HYBRID__VERBOSE_TYPED,12,-7.32777778,cost_proxy
RESTRICTION_CHANGE,STORAGE_LIVE_EPISODIC_MINUS_LIVE_BELIEF__HYBRID__VERBOSE_TYPED,12,0.22361111,completion
RESTRICTION_CHANGE,STORAGE_LIVE_EPISODIC_MINUS_LIVE_BELIEF__HYBRID__VERBOSE_TYPED,12,1.78194444,progress
RESTRICTION_CHANGE,STORAGE_LIVE_EPISODIC_MINUS_LIVE_BELIEF__HYBRID__VERBOSE_TYPED,12,-7.56388889,cost_proxy
CONTROL_FAILURE,STORAGE_LIVE_EPISODIC_MINUS_LIVE_BELIEF__HYBRID__VERBOSE_TYPED,12,0.0,completion
CONTROL_FAILURE,STORAGE_LIVE_EPISODIC_MINUS_LIVE_BELIEF__HYBRID__VERBOSE_TYPED,12,0.44027778,progress
CONTROL_FAILURE,STORAGE_LIVE_EPISODIC_MINUS_LIVE_BELIEF__HYBRID__VERBOSE_TYPED,12,-2.28055556,cost_proxy
POSE_SHIFT,POLICY_FAILURE_THRESHOLD_MINUS_PERIODIC_ONLY__LIVE_BELIEF__COMPACT_TYPED,12,-0.03333333,completion
POSE_SHIFT,POLICY_FAILURE_THRESHOLD_MINUS_PERIODIC_ONLY__LIVE_BELIEF__COMPACT_TYPED,12,-0.725,progress
POSE_SHIFT,POLICY_FAILURE_THRESHOLD_MINUS_PERIODIC_ONLY__LIVE_BELIEF__COMPACT_TYPED,12,9.90277778,cost_proxy
AVAILABILITY_LOSS,POLICY_FAILURE_THRESHOLD_MINUS_PERIODIC_ONLY__LIVE_BELIEF__COMPACT_TYPED,12,-0.04444444,completion
AVAILABILITY_LOSS,POLICY_FAILURE_THRESHOLD_MINUS_PERIODIC_ONLY__LIVE_BELIEF__COMPACT_TYPED,12,-0.83888889,progress
AVAILABILITY_LOSS,POLICY_FAILURE_THRESHOLD_MINUS_PERIODIC_ONLY__LIVE_BELIEF__COMPACT_TYPED,12,9.86527778,cost_proxy
RESTRICTION_CHANGE,POLICY_FAILURE_THRESHOLD_MINUS_PERIODIC_ONLY__LIVE_BELIEF__COMPACT_TYPED,12,-0.03611111,completion
RESTRICTION_CHANGE,POLICY_FAILURE_THRESHOLD_MINUS_PERIODIC_ONLY__LIVE_BELIEF__COMPACT_TYPED,12,-0.76388889,progress
RESTRICTION_CHANGE,POLICY_FAILURE_THRESHOLD_MINUS_PERIODIC_ONLY__LIVE_BELIEF__COMPACT_TYPED,12,9.67638889,cost_proxy
CONTROL_FAILURE,POLICY_FAILURE_THRESHOLD_MINUS_PERIODIC_ONLY__LIVE_BELIEF__COMPACT_TYPED,12,0.0,completion
CONTROL_FAILURE,POLICY_FAILURE_THRESHOLD_MINUS_PERIODIC_ONLY__LIVE_BELIEF__COMPACT_TYPED,12,0.0,progress
CONTROL_FAILURE,POLICY_FAILURE_THRESHOLD_MINUS_PERIODIC_ONLY__LIVE_BELIEF__COMPACT_TYPED,12,-12.9,cost_proxy
POSE_SHIFT,POLICY_FAILURE_THRESHOLD_MINUS_PERIODIC_ONLY__LIVE_BELIEF__VERBOSE_TYPED,12,-0.03333333,completion
POSE_SHIFT,POLICY_FAILURE_THRESHOLD_MINUS_PERIODIC_ONLY__LIVE_BELIEF__VERBOSE_TYPED,12,-0.725,progress
POSE_SHIFT,POLICY_FAILURE_THRESHOLD_MINUS_PERIODIC_ONLY__LIVE_BELIEF__VERBOSE_TYPED,12,9.90277778,cost_proxy
AVAILABILITY_LOSS,POLICY_FAILURE_THRESHOLD_MINUS_PERIODIC_ONLY__LIVE_BELIEF__VERBOSE_TYPED,12,-0.04444444,completion
AVAILABILITY_LOSS,POLICY_FAILURE_THRESHOLD_MINUS_PERIODIC_ONLY__LIVE_BELIEF__VERBOSE_TYPED,12,-0.83888889,progress
AVAILABILITY_LOSS,POLICY_FAILURE_THRESHOLD_MINUS_PERIODIC_ONLY__LIVE_BELIEF__VERBOSE_TYPED,12,9.86527778,cost_proxy
RESTRICTION_CHANGE,POLICY_FAILURE_THRESHOLD_MINUS_PERIODIC_ONLY__LIVE_BELIEF__VERBOSE_TYPED,12,-0.03611111,completion
RESTRICTION_CHANGE,POLICY_FAILURE_THRESHOLD_MINUS_PERIODIC_ONLY__LIVE_BELIEF__VERBOSE_TYPED,12,-0.76388889,progress
RESTRICTION_CHANGE,POLICY_FAILURE_THRESHOLD_MINUS_PERIODIC_ONLY__LIVE_BELIEF__VERBOSE_TYPED,12,9.67638889,cost_proxy
CONTROL_FAILURE,POLICY_FAILURE_THRESHOLD_MINUS_PERIODIC_ONLY__LIVE_BELIEF__VERBOSE_TYPED,12,0.0,completion
CONTROL_FAILURE,POLICY_FAILURE_THRESHOLD_MINUS_PERIODIC_ONLY__LIVE_BELIEF__VERBOSE_TYPED,12,0.0,progress
CONTROL_FAILURE,POLICY_FAILURE_THRESHOLD_MINUS_PERIODIC_ONLY__LIVE_BELIEF__VERBOSE_TYPED,12,-12.9,cost_proxy
POSE_SHIFT,POLICY_EVENT_DRIVEN_MINUS_PERIODIC_ONLY__LIVE_BELIEF__COMPACT_TYPED,12,0.43055556,completion
POSE_SHIFT,POLICY_EVENT_DRIVEN_MINUS_PERIODIC_ONLY__LIVE_BELIEF__COMPACT_TYPED,12,3.26666667,progress
POSE_SHIFT,POLICY_EVENT_DRIVEN_MINUS_PERIODIC_ONLY__LIVE_BELIEF__COMPACT_TYPED,12,-19.76666667,cost_proxy
AVAILABILITY_LOSS,POLICY_EVENT_DRIVEN_MINUS_PERIODIC_ONLY__LIVE_BELIEF__COMPACT_TYPED,12,0.45972222,completion
AVAILABILITY_LOSS,POLICY_EVENT_DRIVEN_MINUS_PERIODIC_ONLY__LIVE_BELIEF__COMPACT_TYPED,12,3.52361111,progress
AVAILABILITY_LOSS,POLICY_EVENT_DRIVEN_MINUS_PERIODIC_ONLY__LIVE_BELIEF__COMPACT_TYPED,12,-19.93888889,cost_proxy
RESTRICTION_CHANGE,POLICY_EVENT_DRIVEN_MINUS_PERIODIC_ONLY__LIVE_BELIEF__COMPACT_TYPED,12,0.4625,completion
RESTRICTION_CHANGE,POLICY_EVENT_DRIVEN_MINUS_PERIODIC_ONLY__LIVE_BELIEF__COMPACT_TYPED,12,3.51527778,progress
RESTRICTION_CHANGE,POLICY_EVENT_DRIVEN_MINUS_PERIODIC_ONLY__LIVE_BELIEF__COMPACT_TYPED,12,-19.925,cost_proxy
CONTROL_FAILURE,POLICY_EVENT_DRIVEN_MINUS_PERIODIC_ONLY__LIVE_BELIEF__COMPACT_TYPED,12,0.0,completion
CONTROL_FAILURE,POLICY_EVENT_DRIVEN_MINUS_PERIODIC_ONLY__LIVE_BELIEF__COMPACT_TYPED,12,0.0,progress
CONTROL_FAILURE,POLICY_EVENT_DRIVEN_MINUS_PERIODIC_ONLY__LIVE_BELIEF__COMPACT_TYPED,12,-12.83194444,cost_proxy
POSE_SHIFT,POLICY_EVENT_DRIVEN_MINUS_PERIODIC_ONLY__LIVE_BELIEF__VERBOSE_TYPED,12,0.43055556,completion
POSE_SHIFT,POLICY_EVENT_DRIVEN_MINUS_PERIODIC_ONLY__LIVE_BELIEF__VERBOSE_TYPED,12,3.26666667,progress
POSE_SHIFT,POLICY_EVENT_DRIVEN_MINUS_PERIODIC_ONLY__LIVE_BELIEF__VERBOSE_TYPED,12,-19.76666667,cost_proxy
AVAILABILITY_LOSS,POLICY_EVENT_DRIVEN_MINUS_PERIODIC_ONLY__LIVE_BELIEF__VERBOSE_TYPED,12,0.45972222,completion
AVAILABILITY_LOSS,POLICY_EVENT_DRIVEN_MINUS_PERIODIC_ONLY__LIVE_BELIEF__VERBOSE_TYPED,12,3.52361111,progress
AVAILABILITY_LOSS,POLICY_EVENT_DRIVEN_MINUS_PERIODIC_ONLY__LIVE_BELIEF__VERBOSE_TYPED,12,-19.93888889,cost_proxy
RESTRICTION_CHANGE,POLICY_EVENT_DRIVEN_MINUS_PERIODIC_ONLY__LIVE_BELIEF__VERBOSE_TYPED,12,0.4625,completion
RESTRICTION_CHANGE,POLICY_EVENT_DRIVEN_MINUS_PERIODIC_ONLY__LIVE_BELIEF__VERBOSE_TYPED,12,3.51527778,progress
RESTRICTION_CHANGE,POLICY_EVENT_DRIVEN_MINUS_PERIODIC_ONLY__LIVE_BELIEF__VERBOSE_TYPED,12,-19.925,cost_proxy
CONTROL_FAILURE,POLICY_EVENT_DRIVEN_MINUS_PERIODIC_ONLY__LIVE_BELIEF__VERBOSE_TYPED,12,0.0,completion
CONTROL_FAILURE,POLICY_EVENT_DRIVEN_MINUS_PERIODIC_ONLY__LIVE_BELIEF__VERBOSE_TYPED,12,0.0,progress
CONTROL_FAILURE,POLICY_EVENT_DRIVEN_MINUS_PERIODIC_ONLY__LIVE_BELIEF__VERBOSE_TYPED,12,-12.83194444,cost_proxy
POSE_SHIFT,POLICY_HYBRID_MINUS_PERIODIC_ONLY__LIVE_BELIEF__COMPACT_TYPED,12,0.40138889,completion
POSE_SHIFT,POLICY_HYBRID_MINUS_PERIODIC_ONLY__LIVE_BELIEF__COMPACT_TYPED,12,3.175,progress
POSE_SHIFT,POLICY_HYBRID_MINUS_PERIODIC_ONLY__LIVE_BELIEF__COMPACT_TYPED,12,3.96666667,cost_proxy
AVAILABILITY_LOSS,POLICY_HYBRID_MINUS_PERIODIC_ONLY__LIVE_BELIEF__COMPACT_TYPED,12,0.42777778,completion
AVAILABILITY_LOSS,POLICY_HYBRID_MINUS_PERIODIC_ONLY__LIVE_BELIEF__COMPACT_TYPED,12,3.425,progress
AVAILABILITY_LOSS,POLICY_HYBRID_MINUS_PERIODIC_ONLY__LIVE_BELIEF__COMPACT_TYPED,12,2.70555556,cost_proxy
RESTRICTION_CHANGE,POLICY_HYBRID_MINUS_PERIODIC_ONLY__LIVE_BELIEF__COMPACT_TYPED,12,0.42916667,completion
RESTRICTION_CHANGE,POLICY_HYBRID_MINUS_PERIODIC_ONLY__LIVE_BELIEF__COMPACT_TYPED,12,3.42083333,progress
RESTRICTION_CHANGE,POLICY_HYBRID_MINUS_PERIODIC_ONLY__LIVE_BELIEF__COMPACT_TYPED,12,2.77916667,cost_proxy
CONTROL_FAILURE,POLICY_HYBRID_MINUS_PERIODIC_ONLY__LIVE_BELIEF__COMPACT_TYPED,12,0.0,completion
CONTROL_FAILURE,POLICY_HYBRID_MINUS_PERIODIC_ONLY__LIVE_BELIEF__COMPACT_TYPED,12,0.0,progress
CONTROL_FAILURE,POLICY_HYBRID_MINUS_PERIODIC_ONLY__LIVE_BELIEF__COMPACT_TYPED,12,8.59444444,cost_proxy
POSE_SHIFT,POLICY_HYBRID_MINUS_PERIODIC_ONLY__LIVE_BELIEF__VERBOSE_TYPED,12,0.40138889,completion
POSE_SHIFT,POLICY_HYBRID_MINUS_PERIODIC_ONLY__LIVE_BELIEF__VERBOSE_TYPED,12,3.175,progress
POSE_SHIFT,POLICY_HYBRID_MINUS_PERIODIC_ONLY__LIVE_BELIEF__VERBOSE_TYPED,12,3.96666667,cost_proxy
AVAILABILITY_LOSS,POLICY_HYBRID_MINUS_PERIODIC_ONLY__LIVE_BELIEF__VERBOSE_TYPED,12,0.42777778,completion
AVAILABILITY_LOSS,POLICY_HYBRID_MINUS_PERIODIC_ONLY__LIVE_BELIEF__VERBOSE_TYPED,12,3.425,progress
AVAILABILITY_LOSS,POLICY_HYBRID_MINUS_PERIODIC_ONLY__LIVE_BELIEF__VERBOSE_TYPED,12,2.70555556,cost_proxy
RESTRICTION_CHANGE,POLICY_HYBRID_MINUS_PERIODIC_ONLY__LIVE_BELIEF__VERBOSE_TYPED,12,0.42916667,completion
RESTRICTION_CHANGE,POLICY_HYBRID_MINUS_PERIODIC_ONLY__LIVE_BELIEF__VERBOSE_TYPED,12,3.42083333,progress
RESTRICTION_CHANGE,POLICY_HYBRID_MINUS_PERIODIC_ONLY__LIVE_BELIEF__VERBOSE_TYPED,12,2.77916667,cost_proxy
CONTROL_FAILURE,POLICY_HYBRID_MINUS_PERIODIC_ONLY__LIVE_BELIEF__VERBOSE_TYPED,12,0.0,completion
CONTROL_FAILURE,POLICY_HYBRID_MINUS_PERIODIC_ONLY__LIVE_BELIEF__VERBOSE_TYPED,12,0.0,progress
CONTROL_FAILURE,POLICY_HYBRID_MINUS_PERIODIC_ONLY__LIVE_BELIEF__VERBOSE_TYPED,12,8.59444444,cost_proxy
POSE_SHIFT,POLICY_FAILURE_THRESHOLD_MINUS_PERIODIC_ONLY__LIVE_EPISODIC__COMPACT_TYPED,12,0.06666667,completion
POSE_SHIFT,POLICY_FAILURE_THRESHOLD_MINUS_PERIODIC_ONLY__LIVE_EPISODIC__COMPACT_TYPED,12,0.60833333,progress
POSE_SHIFT,POLICY_FAILURE_THRESHOLD_MINUS_PERIODIC_ONLY__LIVE_EPISODIC__COMPACT_TYPED,12,-16.56388889,cost_proxy
AVAILABILITY_LOSS,POLICY_FAILURE_THRESHOLD_MINUS_PERIODIC_ONLY__LIVE_EPISODIC__COMPACT_TYPED,12,0.06666667,completion
AVAILABILITY_LOSS,POLICY_FAILURE_THRESHOLD_MINUS_PERIODIC_ONLY__LIVE_EPISODIC__COMPACT_TYPED,12,0.58333333,progress
AVAILABILITY_LOSS,POLICY_FAILURE_THRESHOLD_MINUS_PERIODIC_ONLY__LIVE_EPISODIC__COMPACT_TYPED,12,-16.52916667,cost_proxy
RESTRICTION_CHANGE,POLICY_FAILURE_THRESHOLD_MINUS_PERIODIC_ONLY__LIVE_EPISODIC__COMPACT_TYPED,12,0.06666667,completion
RESTRICTION_CHANGE,POLICY_FAILURE_THRESHOLD_MINUS_PERIODIC_ONLY__LIVE_EPISODIC__COMPACT_TYPED,12,0.57916667,progress
RESTRICTION_CHANGE,POLICY_FAILURE_THRESHOLD_MINUS_PERIODIC_ONLY__LIVE_EPISODIC__COMPACT_TYPED,12,-16.50972222,cost_proxy
CONTROL_FAILURE,POLICY_FAILURE_THRESHOLD_MINUS_PERIODIC_ONLY__LIVE_EPISODIC__COMPACT_TYPED,12,0.0,completion
CONTROL_FAILURE,POLICY_FAILURE_THRESHOLD_MINUS_PERIODIC_ONLY__LIVE_EPISODIC__COMPACT_TYPED,12,0.35,progress
CONTROL_FAILURE,POLICY_FAILURE_THRESHOLD_MINUS_PERIODIC_ONLY__LIVE_EPISODIC__COMPACT_TYPED,12,-16.05,cost_proxy
POSE_SHIFT,POLICY_FAILURE_THRESHOLD_MINUS_PERIODIC_ONLY__LIVE_EPISODIC__VERBOSE_TYPED,12,0.06666667,completion
POSE_SHIFT,POLICY_FAILURE_THRESHOLD_MINUS_PERIODIC_ONLY__LIVE_EPISODIC__VERBOSE_TYPED,12,0.60833333,progress
POSE_SHIFT,POLICY_FAILURE_THRESHOLD_MINUS_PERIODIC_ONLY__LIVE_EPISODIC__VERBOSE_TYPED,12,-16.56388889,cost_proxy
AVAILABILITY_LOSS,POLICY_FAILURE_THRESHOLD_MINUS_PERIODIC_ONLY__LIVE_EPISODIC__VERBOSE_TYPED,12,0.06666667,completion
AVAILABILITY_LOSS,POLICY_FAILURE_THRESHOLD_MINUS_PERIODIC_ONLY__LIVE_EPISODIC__VERBOSE_TYPED,12,0.58333333,progress
AVAILABILITY_LOSS,POLICY_FAILURE_THRESHOLD_MINUS_PERIODIC_ONLY__LIVE_EPISODIC__VERBOSE_TYPED,12,-16.52916667,cost_proxy
RESTRICTION_CHANGE,POLICY_FAILURE_THRESHOLD_MINUS_PERIODIC_ONLY__LIVE_EPISODIC__VERBOSE_TYPED,12,0.06666667,completion
RESTRICTION_CHANGE,POLICY_FAILURE_THRESHOLD_MINUS_PERIODIC_ONLY__LIVE_EPISODIC__VERBOSE_TYPED,12,0.57916667,progress
RESTRICTION_CHANGE,POLICY_FAILURE_THRESHOLD_MINUS_PERIODIC_ONLY__LIVE_EPISODIC__VERBOSE_TYPED,12,-16.50972222,cost_proxy
CONTROL_FAILURE,POLICY_FAILURE_THRESHOLD_MINUS_PERIODIC_ONLY__LIVE_EPISODIC__VERBOSE_TYPED,12,0.0,completion
CONTROL_FAILURE,POLICY_FAILURE_THRESHOLD_MINUS_PERIODIC_ONLY__LIVE_EPISODIC__VERBOSE_TYPED,12,0.35,progress
CONTROL_FAILURE,POLICY_FAILURE_THRESHOLD_MINUS_PERIODIC_ONLY__LIVE_EPISODIC__VERBOSE_TYPED,12,-16.05,cost_proxy
POSE_SHIFT,POLICY_EVENT_DRIVEN_MINUS_PERIODIC_ONLY__LIVE_EPISODIC__COMPACT_TYPED,12,-0.20833333,completion
POSE_SHIFT,POLICY_EVENT_DRIVEN_MINUS_PERIODIC_ONLY__LIVE_EPISODIC__COMPACT_TYPED,12,-0.67222222,progress
POSE_SHIFT,POLICY_EVENT_DRIVEN_MINUS_PERIODIC_ONLY__LIVE_EPISODIC__COMPACT_TYPED,12,-11.88888889,cost_proxy
AVAILABILITY_LOSS,POLICY_EVENT_DRIVEN_MINUS_PERIODIC_ONLY__LIVE_EPISODIC__COMPACT_TYPED,12,-0.15555556,completion
AVAILABILITY_LOSS,POLICY_EVENT_DRIVEN_MINUS_PERIODIC_ONLY__LIVE_EPISODIC__COMPACT_TYPED,12,-0.23055556,progress
AVAILABILITY_LOSS,POLICY_EVENT_DRIVEN_MINUS_PERIODIC_ONLY__LIVE_EPISODIC__COMPACT_TYPED,12,-12.43055556,cost_proxy
RESTRICTION_CHANGE,POLICY_EVENT_DRIVEN_MINUS_PERIODIC_ONLY__LIVE_EPISODIC__COMPACT_TYPED,12,-0.15694444,completion
RESTRICTION_CHANGE,POLICY_EVENT_DRIVEN_MINUS_PERIODIC_ONLY__LIVE_EPISODIC__COMPACT_TYPED,12,-0.29722222,progress
RESTRICTION_CHANGE,POLICY_EVENT_DRIVEN_MINUS_PERIODIC_ONLY__LIVE_EPISODIC__COMPACT_TYPED,12,-12.3,cost_proxy
CONTROL_FAILURE,POLICY_EVENT_DRIVEN_MINUS_PERIODIC_ONLY__LIVE_EPISODIC__COMPACT_TYPED,12,0.0,completion
CONTROL_FAILURE,POLICY_EVENT_DRIVEN_MINUS_PERIODIC_ONLY__LIVE_EPISODIC__COMPACT_TYPED,12,-0.06527778,progress
CONTROL_FAILURE,POLICY_EVENT_DRIVEN_MINUS_PERIODIC_ONLY__LIVE_EPISODIC__COMPACT_TYPED,12,-12.70138889,cost_proxy
POSE_SHIFT,POLICY_EVENT_DRIVEN_MINUS_PERIODIC_ONLY__LIVE_EPISODIC__VERBOSE_TYPED,12,-0.20833333,completion
POSE_SHIFT,POLICY_EVENT_DRIVEN_MINUS_PERIODIC_ONLY__LIVE_EPISODIC__VERBOSE_TYPED,12,-0.67222222,progress
POSE_SHIFT,POLICY_EVENT_DRIVEN_MINUS_PERIODIC_ONLY__LIVE_EPISODIC__VERBOSE_TYPED,12,-11.88888889,cost_proxy
AVAILABILITY_LOSS,POLICY_EVENT_DRIVEN_MINUS_PERIODIC_ONLY__LIVE_EPISODIC__VERBOSE_TYPED,12,-0.15555556,completion
AVAILABILITY_LOSS,POLICY_EVENT_DRIVEN_MINUS_PERIODIC_ONLY__LIVE_EPISODIC__VERBOSE_TYPED,12,-0.23055556,progress
AVAILABILITY_LOSS,POLICY_EVENT_DRIVEN_MINUS_PERIODIC_ONLY__LIVE_EPISODIC__VERBOSE_TYPED,12,-12.43055556,cost_proxy
RESTRICTION_CHANGE,POLICY_EVENT_DRIVEN_MINUS_PERIODIC_ONLY__LIVE_EPISODIC__VERBOSE_TYPED,12,-0.15694444,completion
RESTRICTION_CHANGE,POLICY_EVENT_DRIVEN_MINUS_PERIODIC_ONLY__LIVE_EPISODIC__VERBOSE_TYPED,12,-0.29722222,progress
RESTRICTION_CHANGE,POLICY_EVENT_DRIVEN_MINUS_PERIODIC_ONLY__LIVE_EPISODIC__VERBOSE_TYPED,12,-12.3,cost_proxy
CONTROL_FAILURE,POLICY_EVENT_DRIVEN_MINUS_PERIODIC_ONLY__LIVE_EPISODIC__VERBOSE_TYPED,12,0.0,completion
CONTROL_FAILURE,POLICY_EVENT_DRIVEN_MINUS_PERIODIC_ONLY__LIVE_EPISODIC__VERBOSE_TYPED,12,-0.06527778,progress
CONTROL_FAILURE,POLICY_EVENT_DRIVEN_MINUS_PERIODIC_ONLY__LIVE_EPISODIC__VERBOSE_TYPED,12,-12.70138889,cost_proxy
POSE_SHIFT,POLICY_HYBRID_MINUS_PERIODIC_ONLY__LIVE_EPISODIC__COMPACT_TYPED,12,0.03333333,completion
POSE_SHIFT,POLICY_HYBRID_MINUS_PERIODIC_ONLY__LIVE_EPISODIC__COMPACT_TYPED,12,1.34722222,progress
POSE_SHIFT,POLICY_HYBRID_MINUS_PERIODIC_ONLY__LIVE_EPISODIC__COMPACT_TYPED,12,2.81388889,cost_proxy
AVAILABILITY_LOSS,POLICY_HYBRID_MINUS_PERIODIC_ONLY__LIVE_EPISODIC__COMPACT_TYPED,12,0.03333333,completion
AVAILABILITY_LOSS,POLICY_HYBRID_MINUS_PERIODIC_ONLY__LIVE_EPISODIC__COMPACT_TYPED,12,1.38888889,progress
AVAILABILITY_LOSS,POLICY_HYBRID_MINUS_PERIODIC_ONLY__LIVE_EPISODIC__COMPACT_TYPED,12,2.88611111,cost_proxy
RESTRICTION_CHANGE,POLICY_HYBRID_MINUS_PERIODIC_ONLY__LIVE_EPISODIC__COMPACT_TYPED,12,0.03333333,completion
RESTRICTION_CHANGE,POLICY_HYBRID_MINUS_PERIODIC_ONLY__LIVE_EPISODIC__COMPACT_TYPED,12,1.39027778,progress
RESTRICTION_CHANGE,POLICY_HYBRID_MINUS_PERIODIC_ONLY__LIVE_EPISODIC__COMPACT_TYPED,12,2.84027778,cost_proxy
CONTROL_FAILURE,POLICY_HYBRID_MINUS_PERIODIC_ONLY__LIVE_EPISODIC__COMPACT_TYPED,12,0.0,completion
CONTROL_FAILURE,POLICY_HYBRID_MINUS_PERIODIC_ONLY__LIVE_EPISODIC__COMPACT_TYPED,12,0.29027778,progress
CONTROL_FAILURE,POLICY_HYBRID_MINUS_PERIODIC_ONLY__LIVE_EPISODIC__COMPACT_TYPED,12,6.61388889,cost_proxy
POSE_SHIFT,POLICY_HYBRID_MINUS_PERIODIC_ONLY__LIVE_EPISODIC__VERBOSE_TYPED,12,0.03333333,completion
POSE_SHIFT,POLICY_HYBRID_MINUS_PERIODIC_ONLY__LIVE_EPISODIC__VERBOSE_TYPED,12,1.34722222,progress
POSE_SHIFT,POLICY_HYBRID_MINUS_PERIODIC_ONLY__LIVE_EPISODIC__VERBOSE_TYPED,12,2.81388889,cost_proxy
AVAILABILITY_LOSS,POLICY_HYBRID_MINUS_PERIODIC_ONLY__LIVE_EPISODIC__VERBOSE_TYPED,12,0.03333333,completion
AVAILABILITY_LOSS,POLICY_HYBRID_MINUS_PERIODIC_ONLY__LIVE_EPISODIC__VERBOSE_TYPED,12,1.38888889,progress
AVAILABILITY_LOSS,POLICY_HYBRID_MINUS_PERIODIC_ONLY__LIVE_EPISODIC__VERBOSE_TYPED,12,2.88611111,cost_proxy
RESTRICTION_CHANGE,POLICY_HYBRID_MINUS_PERIODIC_ONLY__LIVE_EPISODIC__VERBOSE_TYPED,12,0.03333333,completion
RESTRICTION_CHANGE,POLICY_HYBRID_MINUS_PERIODIC_ONLY__LIVE_EPISODIC__VERBOSE_TYPED,12,1.39027778,progress
RESTRICTION_CHANGE,POLICY_HYBRID_MINUS_PERIODIC_ONLY__LIVE_EPISODIC__VERBOSE_TYPED,12,2.84027778,cost_proxy
CONTROL_FAILURE,POLICY_HYBRID_MINUS_PERIODIC_ONLY__LIVE_EPISODIC__VERBOSE_TYPED,12,0.0,completion
CONTROL_FAILURE,POLICY_HYBRID_MINUS_PERIODIC_ONLY__LIVE_EPISODIC__VERBOSE_TYPED,12,0.29027778,progress
CONTROL_FAILURE,POLICY_HYBRID_MINUS_PERIODIC_ONLY__LIVE_EPISODIC__VERBOSE_TYPED,12,6.61388889,cost_proxy
POSE_SHIFT,PROMPT_VERBOSE_TYPED_MINUS_COMPACT_TYPED__LIVE_BELIEF__PERIODIC_ONLY,12,0.0,completion
POSE_SHIFT,PROMPT_VERBOSE_TYPED_MINUS_COMPACT_TYPED__LIVE_BELIEF__PERIODIC_ONLY,12,0.0,progress
POSE_SHIFT,PROMPT_VERBOSE_TYPED_MINUS_COMPACT_TYPED__LIVE_BELIEF__PERIODIC_ONLY,12,5.30833333,cost_proxy
AVAILABILITY_LOSS,PROMPT_VERBOSE_TYPED_MINUS_COMPACT_TYPED__LIVE_BELIEF__PERIODIC_ONLY,12,0.0,completion
AVAILABILITY_LOSS,PROMPT_VERBOSE_TYPED_MINUS_COMPACT_TYPED__LIVE_BELIEF__PERIODIC_ONLY,12,0.0,progress
AVAILABILITY_LOSS,PROMPT_VERBOSE_TYPED_MINUS_COMPACT_TYPED__LIVE_BELIEF__PERIODIC_ONLY,12,5.57083333,cost_proxy
RESTRICTION_CHANGE,PROMPT_VERBOSE_TYPED_MINUS_COMPACT_TYPED__LIVE_BELIEF__PERIODIC_ONLY,12,0.0,completion
RESTRICTION_CHANGE,PROMPT_VERBOSE_TYPED_MINUS_COMPACT_TYPED__LIVE_BELIEF__PERIODIC_ONLY,12,0.0,progress
RESTRICTION_CHANGE,PROMPT_VERBOSE_TYPED_MINUS_COMPACT_TYPED__LIVE_BELIEF__PERIODIC_ONLY,12,5.55416667,cost_proxy
CONTROL_FAILURE,PROMPT_VERBOSE_TYPED_MINUS_COMPACT_TYPED__LIVE_BELIEF__PERIODIC_ONLY,12,0.0,completion
CONTROL_FAILURE,PROMPT_VERBOSE_TYPED_MINUS_COMPACT_TYPED__LIVE_BELIEF__PERIODIC_ONLY,12,0.0,progress
CONTROL_FAILURE,PROMPT_VERBOSE_TYPED_MINUS_COMPACT_TYPED__LIVE_BELIEF__PERIODIC_ONLY,12,5.60416667,cost_proxy
POSE_SHIFT,PROMPT_VERBOSE_TYPED_MINUS_COMPACT_TYPED__LIVE_BELIEF__FAILURE_THRESHOLD,12,0.0,completion
POSE_SHIFT,PROMPT_VERBOSE_TYPED_MINUS_COMPACT_TYPED__LIVE_BELIEF__FAILURE_THRESHOLD,12,0.0,progress
POSE_SHIFT,PROMPT_VERBOSE_TYPED_MINUS_COMPACT_TYPED__LIVE_BELIEF__FAILURE_THRESHOLD,12,5.30833333,cost_proxy
AVAILABILITY_LOSS,PROMPT_VERBOSE_TYPED_MINUS_COMPACT_TYPED__LIVE_BELIEF__FAILURE_THRESHOLD,12,0.0,completion
AVAILABILITY_LOSS,PROMPT_VERBOSE_TYPED_MINUS_COMPACT_TYPED__LIVE_BELIEF__FAILURE_THRESHOLD,12,0.0,progress
AVAILABILITY_LOSS,PROMPT_VERBOSE_TYPED_MINUS_COMPACT_TYPED__LIVE_BELIEF__FAILURE_THRESHOLD,12,5.57083333,cost_proxy
RESTRICTION_CHANGE,PROMPT_VERBOSE_TYPED_MINUS_COMPACT_TYPED__LIVE_BELIEF__FAILURE_THRESHOLD,12,0.0,completion
RESTRICTION_CHANGE,PROMPT_VERBOSE_TYPED_MINUS_COMPACT_TYPED__LIVE_BELIEF__FAILURE_THRESHOLD,12,0.0,progress
RESTRICTION_CHANGE,PROMPT_VERBOSE_TYPED_MINUS_COMPACT_TYPED__LIVE_BELIEF__FAILURE_THRESHOLD,12,5.55416667,cost_proxy
CONTROL_FAILURE,PROMPT_VERBOSE_TYPED_MINUS_COMPACT_TYPED__LIVE_BELIEF__FAILURE_THRESHOLD,12,0.0,completion
CONTROL_FAILURE,PROMPT_VERBOSE_TYPED_MINUS_COMPACT_TYPED__LIVE_BELIEF__FAILURE_THRESHOLD,12,0.0,progress
CONTROL_FAILURE,PROMPT_VERBOSE_TYPED_MINUS_COMPACT_TYPED__LIVE_BELIEF__FAILURE_THRESHOLD,12,5.60416667,cost_proxy
POSE_SHIFT,PROMPT_VERBOSE_TYPED_MINUS_COMPACT_TYPED__LIVE_BELIEF__EVENT_DRIVEN,12,0.0,completion
POSE_SHIFT,PROMPT_VERBOSE_TYPED_MINUS_COMPACT_TYPED__LIVE_BELIEF__EVENT_DRIVEN,12,0.0,progress
POSE_SHIFT,PROMPT_VERBOSE_TYPED_MINUS_COMPACT_TYPED__LIVE_BELIEF__EVENT_DRIVEN,12,5.30833333,cost_proxy
AVAILABILITY_LOSS,PROMPT_VERBOSE_TYPED_MINUS_COMPACT_TYPED__LIVE_BELIEF__EVENT_DRIVEN,12,0.0,completion
AVAILABILITY_LOSS,PROMPT_VERBOSE_TYPED_MINUS_COMPACT_TYPED__LIVE_BELIEF__EVENT_DRIVEN,12,0.0,progress
AVAILABILITY_LOSS,PROMPT_VERBOSE_TYPED_MINUS_COMPACT_TYPED__LIVE_BELIEF__EVENT_DRIVEN,12,5.57083333,cost_proxy
RESTRICTION_CHANGE,PROMPT_VERBOSE_TYPED_MINUS_COMPACT_TYPED__LIVE_BELIEF__EVENT_DRIVEN,12,0.0,completion
RESTRICTION_CHANGE,PROMPT_VERBOSE_TYPED_MINUS_COMPACT_TYPED__LIVE_BELIEF__EVENT_DRIVEN,12,0.0,progress
RESTRICTION_CHANGE,PROMPT_VERBOSE_TYPED_MINUS_COMPACT_TYPED__LIVE_BELIEF__EVENT_DRIVEN,12,5.55416667,cost_proxy
CONTROL_FAILURE,PROMPT_VERBOSE_TYPED_MINUS_COMPACT_TYPED__LIVE_BELIEF__EVENT_DRIVEN,12,0.0,completion
CONTROL_FAILURE,PROMPT_VERBOSE_TYPED_MINUS_COMPACT_TYPED__LIVE_BELIEF__EVENT_DRIVEN,12,0.0,progress
CONTROL_FAILURE,PROMPT_VERBOSE_TYPED_MINUS_COMPACT_TYPED__LIVE_BELIEF__EVENT_DRIVEN,12,5.60416667,cost_proxy
POSE_SHIFT,PROMPT_VERBOSE_TYPED_MINUS_COMPACT_TYPED__LIVE_BELIEF__HYBRID,12,0.0,completion
POSE_SHIFT,PROMPT_VERBOSE_TYPED_MINUS_COMPACT_TYPED__LIVE_BELIEF__HYBRID,12,0.0,progress
POSE_SHIFT,PROMPT_VERBOSE_TYPED_MINUS_COMPACT_TYPED__LIVE_BELIEF__HYBRID,12,5.30833333,cost_proxy
AVAILABILITY_LOSS,PROMPT_VERBOSE_TYPED_MINUS_COMPACT_TYPED__LIVE_BELIEF__HYBRID,12,0.0,completion
AVAILABILITY_LOSS,PROMPT_VERBOSE_TYPED_MINUS_COMPACT_TYPED__LIVE_BELIEF__HYBRID,12,0.0,progress
AVAILABILITY_LOSS,PROMPT_VERBOSE_TYPED_MINUS_COMPACT_TYPED__LIVE_BELIEF__HYBRID,12,5.57083333,cost_proxy
RESTRICTION_CHANGE,PROMPT_VERBOSE_TYPED_MINUS_COMPACT_TYPED__LIVE_BELIEF__HYBRID,12,0.0,completion
RESTRICTION_CHANGE,PROMPT_VERBOSE_TYPED_MINUS_COMPACT_TYPED__LIVE_BELIEF__HYBRID,12,0.0,progress
RESTRICTION_CHANGE,PROMPT_VERBOSE_TYPED_MINUS_COMPACT_TYPED__LIVE_BELIEF__HYBRID,12,5.55416667,cost_proxy
CONTROL_FAILURE,PROMPT_VERBOSE_TYPED_MINUS_COMPACT_TYPED__LIVE_BELIEF__HYBRID,12,0.0,completion
CONTROL_FAILURE,PROMPT_VERBOSE_TYPED_MINUS_COMPACT_TYPED__LIVE_BELIEF__HYBRID,12,0.0,progress
CONTROL_FAILURE,PROMPT_VERBOSE_TYPED_MINUS_COMPACT_TYPED__LIVE_BELIEF__HYBRID,12,5.60416667,cost_proxy
POSE_SHIFT,PROMPT_VERBOSE_TYPED_MINUS_COMPACT_TYPED__LIVE_EPISODIC__PERIODIC_ONLY,12,0.0,completion
POSE_SHIFT,PROMPT_VERBOSE_TYPED_MINUS_COMPACT_TYPED__LIVE_EPISODIC__PERIODIC_ONLY,12,0.0,progress
POSE_SHIFT,PROMPT_VERBOSE_TYPED_MINUS_COMPACT_TYPED__LIVE_EPISODIC__PERIODIC_ONLY,12,5.30833333,cost_proxy
AVAILABILITY_LOSS,PROMPT_VERBOSE_TYPED_MINUS_COMPACT_TYPED__LIVE_EPISODIC__PERIODIC_ONLY,12,0.0,completion
AVAILABILITY_LOSS,PROMPT_VERBOSE_TYPED_MINUS_COMPACT_TYPED__LIVE_EPISODIC__PERIODIC_ONLY,12,0.0,progress
AVAILABILITY_LOSS,PROMPT_VERBOSE_TYPED_MINUS_COMPACT_TYPED__LIVE_EPISODIC__PERIODIC_ONLY,12,5.57083333,cost_proxy
RESTRICTION_CHANGE,PROMPT_VERBOSE_TYPED_MINUS_COMPACT_TYPED__LIVE_EPISODIC__PERIODIC_ONLY,12,0.0,completion
RESTRICTION_CHANGE,PROMPT_VERBOSE_TYPED_MINUS_COMPACT_TYPED__LIVE_EPISODIC__PERIODIC_ONLY,12,0.0,progress
RESTRICTION_CHANGE,PROMPT_VERBOSE_TYPED_MINUS_COMPACT_TYPED__LIVE_EPISODIC__PERIODIC_ONLY,12,5.55416667,cost_proxy
CONTROL_FAILURE,PROMPT_VERBOSE_TYPED_MINUS_COMPACT_TYPED__LIVE_EPISODIC__PERIODIC_ONLY,12,0.0,completion
CONTROL_FAILURE,PROMPT_VERBOSE_TYPED_MINUS_COMPACT_TYPED__LIVE_EPISODIC__PERIODIC_ONLY,12,0.0,progress
CONTROL_FAILURE,PROMPT_VERBOSE_TYPED_MINUS_COMPACT_TYPED__LIVE_EPISODIC__PERIODIC_ONLY,12,5.60416667,cost_proxy
POSE_SHIFT,PROMPT_VERBOSE_TYPED_MINUS_COMPACT_TYPED__LIVE_EPISODIC__FAILURE_THRESHOLD,12,0.0,completion
POSE_SHIFT,PROMPT_VERBOSE_TYPED_MINUS_COMPACT_TYPED__LIVE_EPISODIC__FAILURE_THRESHOLD,12,0.0,progress
POSE_SHIFT,PROMPT_VERBOSE_TYPED_MINUS_COMPACT_TYPED__LIVE_EPISODIC__FAILURE_THRESHOLD,12,5.30833333,cost_proxy
AVAILABILITY_LOSS,PROMPT_VERBOSE_TYPED_MINUS_COMPACT_TYPED__LIVE_EPISODIC__FAILURE_THRESHOLD,12,0.0,completion
AVAILABILITY_LOSS,PROMPT_VERBOSE_TYPED_MINUS_COMPACT_TYPED__LIVE_EPISODIC__FAILURE_THRESHOLD,12,0.0,progress
AVAILABILITY_LOSS,PROMPT_VERBOSE_TYPED_MINUS_COMPACT_TYPED__LIVE_EPISODIC__FAILURE_THRESHOLD,12,5.57083333,cost_proxy
RESTRICTION_CHANGE,PROMPT_VERBOSE_TYPED_MINUS_COMPACT_TYPED__LIVE_EPISODIC__FAILURE_THRESHOLD,12,0.0,completion
RESTRICTION_CHANGE,PROMPT_VERBOSE_TYPED_MINUS_COMPACT_TYPED__LIVE_EPISODIC__FAILURE_THRESHOLD,12,0.0,progress
RESTRICTION_CHANGE,PROMPT_VERBOSE_TYPED_MINUS_COMPACT_TYPED__LIVE_EPISODIC__FAILURE_THRESHOLD,12,5.55416667,cost_proxy
CONTROL_FAILURE,PROMPT_VERBOSE_TYPED_MINUS_COMPACT_TYPED__LIVE_EPISODIC__FAILURE_THRESHOLD,12,0.0,completion
CONTROL_FAILURE,PROMPT_VERBOSE_TYPED_MINUS_COMPACT_TYPED__LIVE_EPISODIC__FAILURE_THRESHOLD,12,0.0,progress
CONTROL_FAILURE,PROMPT_VERBOSE_TYPED_MINUS_COMPACT_TYPED__LIVE_EPISODIC__FAILURE_THRESHOLD,12,5.60416667,cost_proxy
POSE_SHIFT,PROMPT_VERBOSE_TYPED_MINUS_COMPACT_TYPED__LIVE_EPISODIC__EVENT_DRIVEN,12,0.0,completion
POSE_SHIFT,PROMPT_VERBOSE_TYPED_MINUS_COMPACT_TYPED__LIVE_EPISODIC__EVENT_DRIVEN,12,0.0,progress
POSE_SHIFT,PROMPT_VERBOSE_TYPED_MINUS_COMPACT_TYPED__LIVE_EPISODIC__EVENT_DRIVEN,12,5.30833333,cost_proxy
AVAILABILITY_LOSS,PROMPT_VERBOSE_TYPED_MINUS_COMPACT_TYPED__LIVE_EPISODIC__EVENT_DRIVEN,12,0.0,completion
AVAILABILITY_LOSS,PROMPT_VERBOSE_TYPED_MINUS_COMPACT_TYPED__LIVE_EPISODIC__EVENT_DRIVEN,12,0.0,progress
AVAILABILITY_LOSS,PROMPT_VERBOSE_TYPED_MINUS_COMPACT_TYPED__LIVE_EPISODIC__EVENT_DRIVEN,12,5.57083333,cost_proxy
RESTRICTION_CHANGE,PROMPT_VERBOSE_TYPED_MINUS_COMPACT_TYPED__LIVE_EPISODIC__EVENT_DRIVEN,12,0.0,completion
RESTRICTION_CHANGE,PROMPT_VERBOSE_TYPED_MINUS_COMPACT_TYPED__LIVE_EPISODIC__EVENT_DRIVEN,12,0.0,progress
RESTRICTION_CHANGE,PROMPT_VERBOSE_TYPED_MINUS_COMPACT_TYPED__LIVE_EPISODIC__EVENT_DRIVEN,12,5.55416667,cost_proxy
CONTROL_FAILURE,PROMPT_VERBOSE_TYPED_MINUS_COMPACT_TYPED__LIVE_EPISODIC__EVENT_DRIVEN,12,0.0,completion
CONTROL_FAILURE,PROMPT_VERBOSE_TYPED_MINUS_COMPACT_TYPED__LIVE_EPISODIC__EVENT_DRIVEN,12,0.0,progress
CONTROL_FAILURE,PROMPT_VERBOSE_TYPED_MINUS_COMPACT_TYPED__LIVE_EPISODIC__EVENT_DRIVEN,12,5.60416667,cost_proxy
POSE_SHIFT,PROMPT_VERBOSE_TYPED_MINUS_COMPACT_TYPED__LIVE_EPISODIC__HYBRID,12,0.0,completion
POSE_SHIFT,PROMPT_VERBOSE_TYPED_MINUS_COMPACT_TYPED__LIVE_EPISODIC__HYBRID,12,0.0,progress
POSE_SHIFT,PROMPT_VERBOSE_TYPED_MINUS_COMPACT_TYPED__LIVE_EPISODIC__HYBRID,12,5.30833333,cost_proxy
AVAILABILITY_LOSS,PROMPT_VERBOSE_TYPED_MINUS_COMPACT_TYPED__LIVE_EPISODIC__HYBRID,12,0.0,completion
AVAILABILITY_LOSS,PROMPT_VERBOSE_TYPED_MINUS_COMPACT_TYPED__LIVE_EPISODIC__HYBRID,12,0.0,progress
AVAILABILITY_LOSS,PROMPT_VERBOSE_TYPED_MINUS_COMPACT_TYPED__LIVE_EPISODIC__HYBRID,12,5.57083333,cost_proxy
RESTRICTION_CHANGE,PROMPT_VERBOSE_TYPED_MINUS_COMPACT_TYPED__LIVE_EPISODIC__HYBRID,12,0.0,completion
RESTRICTION_CHANGE,PROMPT_VERBOSE_TYPED_MINUS_COMPACT_TYPED__LIVE_EPISODIC__HYBRID,12,0.0,progress
RESTRICTION_CHANGE,PROMPT_VERBOSE_TYPED_MINUS_COMPACT_TYPED__LIVE_EPISODIC__HYBRID,12,5.55416667,cost_proxy
CONTROL_FAILURE,PROMPT_VERBOSE_TYPED_MINUS_COMPACT_TYPED__LIVE_EPISODIC__HYBRID,12,0.0,completion
CONTROL_FAILURE,PROMPT_VERBOSE_TYPED_MINUS_COMPACT_TYPED__LIVE_EPISODIC__HYBRID,12,0.0,progress
CONTROL_FAILURE,PROMPT_VERBOSE_TYPED_MINUS_COMPACT_TYPED__LIVE_EPISODIC__HYBRID,12,5.60416667,cost_proxy
