axis,bootstrap_draws,candidate,ci_high,ci_low,comparator,draw_indices_sha256,effect_id,effective_seed_n,estimate,gate,metric,seed_cluster_sha256
storage,10000,LIVE_EPISODIC,0.47743056,0.45833333,LIVE_BELIEF,7066a5529701a499b85b8c8c40764f090082315eaa3a4899f7ab47f99994961a,STORAGE_LIVE_EPISODIC_MINUS_LIVE_BELIEF__PERIODIC_ONLY__COMPACT_TYPED,12,0.46840278,PASS,completion,51ff8478c1d2983f68cafd53170273947505ae605e9c78c0e01c1e707ce6a0c7
storage,10000,LIVE_EPISODIC,2.98229167,2.83263889,LIVE_BELIEF,0d4f9e275e03e4d36885e129a9e3c487d8a23e49b72e4522c733349eba634ed1,STORAGE_LIVE_EPISODIC_MINUS_LIVE_BELIEF__PERIODIC_ONLY__COMPACT_TYPED,12,2.91388889,PASS,progress,51ff8478c1d2983f68cafd53170273947505ae605e9c78c0e01c1e707ce6a0c7
storage,10000,LIVE_EPISODIC,-5.66666667,-5.96458333,LIVE_BELIEF,ed1fedaade423a5534e1dcd25639be598a28423009a714bbdc00ab2e7c45f64c,STORAGE_LIVE_EPISODIC_MINUS_LIVE_BELIEF__PERIODIC_ONLY__COMPACT_TYPED,12,-5.82777778,PASS,cost_proxy,51ff8478c1d2983f68cafd53170273947505ae605e9c78c0e01c1e707ce6a0c7
storage,10000,LIVE_EPISODIC,0.47708333,0.45833333,LIVE_BELIEF,838a1167f87e6952e8cce9457ddcd0b043162ab411fbc745b72ed1188551ce9a,STORAGE_LIVE_EPISODIC_MINUS_LIVE_BELIEF__PERIODIC_ONLY__VERBOSE_TYPED,12,0.46840278,PASS,completion,51ff8478c1d2983f68cafd53170273947505ae605e9c78c0e01c1e707ce6a0c7
storage,10000,LIVE_EPISODIC,2.98194444,2.83194444,LIVE_BELIEF,57833fe379669eb1c2d2e3b66dc97229bfe7d6c049ddc9555e1c5cbbc083a0d5,STORAGE_LIVE_EPISODIC_MINUS_LIVE_BELIEF__PERIODIC_ONLY__VERBOSE_TYPED,12,2.91388889,PASS,progress,51ff8478c1d2983f68cafd53170273947505ae605e9c78c0e01c1e707ce6a0c7
storage,10000,LIVE_EPISODIC,-5.66875,-5.96388889,LIVE_BELIEF,5e1dd95d18080f11e133662ba07fa7903a11922c649486a064aad0aa5c2e931a,STORAGE_LIVE_EPISODIC_MINUS_LIVE_BELIEF__PERIODIC_ONLY__VERBOSE_TYPED,12,-5.82777778,PASS,cost_proxy,51ff8478c1d2983f68cafd53170273947505ae605e9c78c0e01c1e707ce6a0c7
storage,10000,LIVE_EPISODIC,0.55069444,0.54305556,LIVE_BELIEF,b51879e8ca98fc946e3fb9ee8800bea2f0ccc0254ad4acf13b18d9062492d2b8,STORAGE_LIVE_EPISODIC_MINUS_LIVE_BELIEF__FAILURE_THRESHOLD__COMPACT_TYPED,12,0.546875,PASS,completion,51ff8478c1d2983f68cafd53170273947505ae605e9c78c0e01c1e707ce6a0c7
storage,10000,LIVE_EPISODIC,4.05520833,3.99548611,LIVE_BELIEF,761cfc3331c780a1fee57b60f8d92853affdb9d01e9a8a2a6c59c28604688365,STORAGE_LIVE_EPISODIC_MINUS_LIVE_BELIEF__FAILURE_THRESHOLD__COMPACT_TYPED,12,4.02604167,PASS,progress,51ff8478c1d2983f68cafd53170273947505ae605e9c78c0e01c1e707ce6a0c7
storage,10000,LIVE_EPISODIC,-26.24166667,-26.50972222,LIVE_BELIEF,0cb6cefcdf48f426764228044e146a36f4c66d59017c228c037a57557d3f4bc9,STORAGE_LIVE_EPISODIC_MINUS_LIVE_BELIEF__FAILURE_THRESHOLD__COMPACT_TYPED,12,-26.37708333,PASS,cost_proxy,51ff8478c1d2983f68cafd53170273947505ae605e9c78c0e01c1e707ce6a0c7
storage,10000,LIVE_EPISODIC,0.55069444,0.54305556,LIVE_BELIEF,bc02fdee6465ea644eba6c33d65efeee555f6f85f6272ca02cc08da32f74e617,STORAGE_LIVE_EPISODIC_MINUS_LIVE_BELIEF__FAILURE_THRESHOLD__VERBOSE_TYPED,12,0.546875,PASS,completion,51ff8478c1d2983f68cafd53170273947505ae605e9c78c0e01c1e707ce6a0c7
storage,10000,LIVE_EPISODIC,4.05486111,3.99548611,LIVE_BELIEF,ca812fae10b967145c8f786210c87b66b8860014fbfc108cecaa13a49f98af26,STORAGE_LIVE_EPISODIC_MINUS_LIVE_BELIEF__FAILURE_THRESHOLD__VERBOSE_TYPED,12,4.02604167,PASS,progress,51ff8478c1d2983f68cafd53170273947505ae605e9c78c0e01c1e707ce6a0c7
storage,10000,LIVE_EPISODIC,-26.23888889,-26.50763889,LIVE_BELIEF,e80147e37a5eed881ac2ff0bd323c248703e00ab4a1506c75cc67f65a4ba8a12,STORAGE_LIVE_EPISODIC_MINUS_LIVE_BELIEF__FAILURE_THRESHOLD__VERBOSE_TYPED,12,-26.37708333,PASS,cost_proxy,51ff8478c1d2983f68cafd53170273947505ae605e9c78c0e01c1e707ce6a0c7
storage,10000,LIVE_EPISODIC,0.0,0.0,LIVE_BELIEF,d57b6a9e671818ae85438cf4614ee110e672af8367f46408566e1b4fe7228ede,STORAGE_LIVE_EPISODIC_MINUS_LIVE_BELIEF__EVENT_DRIVEN__COMPACT_TYPED,12,0.0,PASS,completion,51ff8478c1d2983f68cafd53170273947505ae605e9c78c0e01c1e707ce6a0c7
storage,10000,LIVE_EPISODIC,0.02326389,0.01909722,LIVE_BELIEF,5c4dd51525bddbdb1e14e5b6cf05a77caea5bc3a7258277c24873ed8212a0340,STORAGE_LIVE_EPISODIC_MINUS_LIVE_BELIEF__EVENT_DRIVEN__COMPACT_TYPED,12,0.02118056,PASS,progress,51ff8478c1d2983f68cafd53170273947505ae605e9c78c0e01c1e707ce6a0c7
storage,10000,LIVE_EPISODIC,-0.03819444,-0.04652778,LIVE_BELIEF,d8c5d78646b5e53921ff2f7830be613be4fee1063a6f475d4d6c6911931c9c3f,STORAGE_LIVE_EPISODIC_MINUS_LIVE_BELIEF__EVENT_DRIVEN__COMPACT_TYPED,12,-0.04236111,PASS,cost_proxy,51ff8478c1d2983f68cafd53170273947505ae605e9c78c0e01c1e707ce6a0c7
storage,10000,LIVE_EPISODIC,0.0,0.0,LIVE_BELIEF,91c6634da08222ae6f0cc0e7b9e513ded23c1fc3b7a4a9bb2c91a99747532d0c,STORAGE_LIVE_EPISODIC_MINUS_LIVE_BELIEF__EVENT_DRIVEN__VERBOSE_TYPED,12,0.0,PASS,completion,51ff8478c1d2983f68cafd53170273947505ae605e9c78c0e01c1e707ce6a0c7
storage,10000,LIVE_EPISODIC,0.02326389,0.01909722,LIVE_BELIEF,5a78f7e3f195ba139501e905f4293a8638f7dedd5d3f6aed834fc6353b460625,STORAGE_LIVE_EPISODIC_MINUS_LIVE_BELIEF__EVENT_DRIVEN__VERBOSE_TYPED,12,0.02118056,PASS,progress,51ff8478c1d2983f68cafd53170273947505ae605e9c78c0e01c1e707ce6a0c7
storage,10000,LIVE_EPISODIC,-0.03819444,-0.04652778,LIVE_BELIEF,776a9adfbaf178b706f939234161c6962c9ac8e9c0247e371816cc16aa790ffc,STORAGE_LIVE_EPISODIC_MINUS_LIVE_BELIEF__EVENT_DRIVEN__VERBOSE_TYPED,12,-0.04236111,PASS,cost_proxy,51ff8478c1d2983f68cafd53170273947505ae605e9c78c0e01c1e707ce6a0c7
storage,10000,LIVE_EPISODIC,0.19444444,0.16388889,LIVE_BELIEF,ff92e213bff1c9226671422cdc52dc473acdc8012688b94f87f81d8dc5489796,STORAGE_LIVE_EPISODIC_MINUS_LIVE_BELIEF__HYBRID__COMPACT_TYPED,12,0.17881944,PASS,completion,51ff8478c1d2983f68cafd53170273947505ae605e9c78c0e01c1e707ce6a0c7
storage,10000,LIVE_EPISODIC,1.61875,1.40416667,LIVE_BELIEF,d234af3ab8cb0177d939a89fc6d9a1758837c084082bf66c8fc2daf574b9cdd7,STORAGE_LIVE_EPISODIC_MINUS_LIVE_BELIEF__HYBRID__COMPACT_TYPED,12,1.51284722,PASS,progress,51ff8478c1d2983f68cafd53170273947505ae605e9c78c0e01c1e707ce6a0c7
storage,10000,LIVE_EPISODIC,-6.05902778,-7.05208333,LIVE_BELIEF,134bc3b255fb806052012e556d4cac367c9c93fd36e833ed35e54b6faddff083,STORAGE_LIVE_EPISODIC_MINUS_LIVE_BELIEF__HYBRID__COMPACT_TYPED,12,-6.55069444,PASS,cost_proxy,51ff8478c1d2983f68cafd53170273947505ae605e9c78c0e01c1e707ce6a0c7
storage,10000,LIVE_EPISODIC,0.19444444,0.16388889,LIVE_BELIEF,445eb23af05795f8546898ff4e04e760a68afbaec02bd6c209febab53acd0629,STORAGE_LIVE_EPISODIC_MINUS_LIVE_BELIEF__HYBRID__VERBOSE_TYPED,12,0.17881944,PASS,completion,51ff8478c1d2983f68cafd53170273947505ae605e9c78c0e01c1e707ce6a0c7
storage,10000,LIVE_EPISODIC,1.62083333,1.40277778,LIVE_BELIEF,4e5dc9106924763f732dbd761f1a510ba10fbe9a9079a51c38880c45cee53e36,STORAGE_LIVE_EPISODIC_MINUS_LIVE_BELIEF__HYBRID__VERBOSE_TYPED,12,1.51284722,PASS,progress,51ff8478c1d2983f68cafd53170273947505ae605e9c78c0e01c1e707ce6a0c7
storage,10000,LIVE_EPISODIC,-6.04375,-7.04236111,LIVE_BELIEF,a3d8933ef14db8d1eee7427835357ba11b8cd9550f90209b9476ebe9e059a22d,STORAGE_LIVE_EPISODIC_MINUS_LIVE_BELIEF__HYBRID__VERBOSE_TYPED,12,-6.55069444,PASS,cost_proxy,51ff8478c1d2983f68cafd53170273947505ae605e9c78c0e01c1e707ce6a0c7
policy,10000,FAILURE_THRESHOLD,-0.02256944,-0.03576389,PERIODIC_ONLY,9a20617de8fd8dcb2aa796a0d6e4cb03eed3bd1c0f4365078742c4e53dd46e5c,POLICY_FAILURE_THRESHOLD_MINUS_PERIODIC_ONLY__LIVE_BELIEF__COMPACT_TYPED,12,-0.02847222,PASS,completion,51ff8478c1d2983f68cafd53170273947505ae605e9c78c0e01c1e707ce6a0c7
policy,10000,FAILURE_THRESHOLD,-0.52118056,-0.65590278,PERIODIC_ONLY,3547788e01cd9661881ecd03c37c27211f78f17c8157539126cb682f5525c099,POLICY_FAILURE_THRESHOLD_MINUS_PERIODIC_ONLY__LIVE_BELIEF__COMPACT_TYPED,12,-0.58194444,PASS,progress,51ff8478c1d2983f68cafd53170273947505ae605e9c78c0e01c1e707ce6a0c7
policy,10000,FAILURE_THRESHOLD,4.22361111,4.05277778,PERIODIC_ONLY,c38284ed7cb115149a92f4c652a6bdfd922de1dd8a139e890d2f0ea16caf2595,POLICY_FAILURE_THRESHOLD_MINUS_PERIODIC_ONLY__LIVE_BELIEF__COMPACT_TYPED,12,4.13611111,PASS,cost_proxy,51ff8478c1d2983f68cafd53170273947505ae605e9c78c0e01c1e707ce6a0c7
policy,10000,FAILURE_THRESHOLD,-0.02256944,-0.03576389,PERIODIC_ONLY,0d6ec2a23b24b802cd635801ba36e2f8c3819f7ebe046f6316554a12cae610f4,POLICY_FAILURE_THRESHOLD_MINUS_PERIODIC_ONLY__LIVE_BELIEF__VERBOSE_TYPED,12,-0.02847222,PASS,completion,51ff8478c1d2983f68cafd53170273947505ae605e9c78c0e01c1e707ce6a0c7
policy,10000,FAILURE_THRESHOLD,-0.52083333,-0.65625,PERIODIC_ONLY,3dad77b83fc302a33616fd8a2c4d7dd7233edaf4b4e5fbd588deb47d7cb21957,POLICY_FAILURE_THRESHOLD_MINUS_PERIODIC_ONLY__LIVE_BELIEF__VERBOSE_TYPED,12,-0.58194444,PASS,progress,51ff8478c1d2983f68cafd53170273947505ae605e9c78c0e01c1e707ce6a0c7
policy,10000,FAILURE_THRESHOLD,4.22743056,4.05208333,PERIODIC_ONLY,abf94c0f82ac7fa60f12a4ebcf367df742e2131b108e60e1970ee1fc3d35f1c6,POLICY_FAILURE_THRESHOLD_MINUS_PERIODIC_ONLY__LIVE_BELIEF__VERBOSE_TYPED,12,4.13611111,PASS,cost_proxy,51ff8478c1d2983f68cafd53170273947505ae605e9c78c0e01c1e707ce6a0c7
policy,10000,EVENT_DRIVEN,0.35069444,0.32569444,PERIODIC_ONLY,1d4818168efcdf195710480680453e03d74133fc1be2ab7bbe50a74c11a045cf,POLICY_EVENT_DRIVEN_MINUS_PERIODIC_ONLY__LIVE_BELIEF__COMPACT_TYPED,12,0.33819444,PASS,completion,51ff8478c1d2983f68cafd53170273947505ae605e9c78c0e01c1e707ce6a0c7
policy,10000,EVENT_DRIVEN,2.65381944,2.49444444,PERIODIC_ONLY,26a10beaf2abd0daf5cce3ea3a477d2a58e1a0f51a5964b2fe10cde314917f3b,POLICY_EVENT_DRIVEN_MINUS_PERIODIC_ONLY__LIVE_BELIEF__COMPACT_TYPED,12,2.57638889,PASS,progress,51ff8478c1d2983f68cafd53170273947505ae605e9c78c0e01c1e707ce6a0c7
policy,10000,EVENT_DRIVEN,-18.00173611,-18.22326389,PERIODIC_ONLY,9ebce0541497fc76bcd6251efc0befa21e0a61351af1c347bb17b3f7c709916b,POLICY_EVENT_DRIVEN_MINUS_PERIODIC_ONLY__LIVE_BELIEF__COMPACT_TYPED,12,-18.115625,PASS,cost_proxy,51ff8478c1d2983f68cafd53170273947505ae605e9c78c0e01c1e707ce6a0c7
policy,10000,EVENT_DRIVEN,0.35069444,0.32534722,PERIODIC_ONLY,078604a53dfb51ce44fc7a6d5101f14e1a6e444032dd2f5e4984ba25800ecbe4,POLICY_EVENT_DRIVEN_MINUS_PERIODIC_ONLY__LIVE_BELIEF__VERBOSE_TYPED,12,0.33819444,PASS,completion,51ff8478c1d2983f68cafd53170273947505ae605e9c78c0e01c1e707ce6a0c7
policy,10000,EVENT_DRIVEN,2.65451389,2.49375,PERIODIC_ONLY,aa0ebe4bb5463c588961f912a363c24bddae988686af6ddd8c6c928c4f4e34f6,POLICY_EVENT_DRIVEN_MINUS_PERIODIC_ONLY__LIVE_BELIEF__VERBOSE_TYPED,12,2.57638889,PASS,progress,51ff8478c1d2983f68cafd53170273947505ae605e9c78c0e01c1e707ce6a0c7
policy,10000,EVENT_DRIVEN,-18.00520833,-18.22326389,PERIODIC_ONLY,5827d0c1ac4bb81449c1f133c5be26985d20ff483ade4a09afd8d4ab20b97d9b,POLICY_EVENT_DRIVEN_MINUS_PERIODIC_ONLY__LIVE_BELIEF__VERBOSE_TYPED,12,-18.115625,PASS,cost_proxy,51ff8478c1d2983f68cafd53170273947505ae605e9c78c0e01c1e707ce6a0c7
policy,10000,HYBRID,0.32430556,0.30520833,PERIODIC_ONLY,c01f280c909babed8c3f4aa5d168a364bbc5a9a0d4ea5f2b39b492a389f63b55,POLICY_HYBRID_MINUS_PERIODIC_ONLY__LIVE_BELIEF__COMPACT_TYPED,12,0.31458333,PASS,completion,51ff8478c1d2983f68cafd53170273947505ae605e9c78c0e01c1e707ce6a0c7
policy,10000,HYBRID,2.58020833,2.42986111,PERIODIC_ONLY,25e4348db58839a0aa356d1c26d4d34a1de29421159c41a54c7ae3ad87af04f3,POLICY_HYBRID_MINUS_PERIODIC_ONLY__LIVE_BELIEF__COMPACT_TYPED,12,2.50520833,PASS,progress,51ff8478c1d2983f68cafd53170273947505ae605e9c78c0e01c1e707ce6a0c7
policy,10000,HYBRID,4.87847222,4.16527778,PERIODIC_ONLY,6982843d8443bb5f32a9c986835c6be9f49d344083430c1f9962f89fc74dbb82,POLICY_HYBRID_MINUS_PERIODIC_ONLY__LIVE_BELIEF__COMPACT_TYPED,12,4.51145833,PASS,cost_proxy,51ff8478c1d2983f68cafd53170273947505ae605e9c78c0e01c1e707ce6a0c7
policy,10000,HYBRID,0.32465278,0.30486111,PERIODIC_ONLY,32a0017bf095a15b3b0d543a9e22d11da25be7c9a026c3fbc1d63ef10151ed81,POLICY_HYBRID_MINUS_PERIODIC_ONLY__LIVE_BELIEF__VERBOSE_TYPED,12,0.31458333,PASS,completion,51ff8478c1d2983f68cafd53170273947505ae605e9c78c0e01c1e707ce6a0c7
policy,10000,HYBRID,2.578125,2.42881944,PERIODIC_ONLY,1e7ef23a83f84853cdb2fee62f8ef441959d2328b04ef12ed2e4311b38a0d946,POLICY_HYBRID_MINUS_PERIODIC_ONLY__LIVE_BELIEF__VERBOSE_TYPED,12,2.50520833,PASS,progress,51ff8478c1d2983f68cafd53170273947505ae605e9c78c0e01c1e707ce6a0c7
policy,10000,HYBRID,4.88402778,4.16388889,PERIODIC_ONLY,d51f73b4ed38ebc3c9ad40c8ccf2c5977546b512b693bfcb6d38e897eb8d0502,POLICY_HYBRID_MINUS_PERIODIC_ONLY__LIVE_BELIEF__VERBOSE_TYPED,12,4.51145833,PASS,cost_proxy,51ff8478c1d2983f68cafd53170273947505ae605e9c78c0e01c1e707ce6a0c7
policy,10000,FAILURE_THRESHOLD,0.05,0.05,PERIODIC_ONLY,e390de5a4aa389cadab42c8cacad34205bcafbce75c3e32084a927b851396ad0,POLICY_FAILURE_THRESHOLD_MINUS_PERIODIC_ONLY__LIVE_EPISODIC__COMPACT_TYPED,12,0.05,PASS,completion,51ff8478c1d2983f68cafd53170273947505ae605e9c78c0e01c1e707ce6a0c7
policy,10000,FAILURE_THRESHOLD,0.546875,0.51041667,PERIODIC_ONLY,537cfef98902d6e1e9fdb359fe285b67ce524d105bd6e4167587a9036422574a,POLICY_FAILURE_THRESHOLD_MINUS_PERIODIC_ONLY__LIVE_EPISODIC__COMPACT_TYPED,12,0.53020833,PASS,progress,51ff8478c1d2983f68cafd53170273947505ae605e9c78c0e01c1e707ce6a0c7
policy,10000,FAILURE_THRESHOLD,-16.38090278,-16.44340278,PERIODIC_ONLY,93f96b10db1f2077c2def0cf0ca5c05d02cc5a824c8d4a9ef973804e81262791,POLICY_FAILURE_THRESHOLD_MINUS_PERIODIC_ONLY__LIVE_EPISODIC__COMPACT_TYPED,12,-16.41319444,PASS,cost_proxy,51ff8478c1d2983f68cafd53170273947505ae605e9c78c0e01c1e707ce6a0c7
policy,10000,FAILURE_THRESHOLD,0.05,0.05,PERIODIC_ONLY,c543970eedaec09d1726b89ab30bfc63418e22ce82b39d7d739f842a977adf08,POLICY_FAILURE_THRESHOLD_MINUS_PERIODIC_ONLY__LIVE_EPISODIC__VERBOSE_TYPED,12,0.05,PASS,completion,51ff8478c1d2983f68cafd53170273947505ae605e9c78c0e01c1e707ce6a0c7
policy,10000,FAILURE_THRESHOLD,0.54791667,0.51041667,PERIODIC_ONLY,59c96608d62deaaad6ca23eacc963125d00f481967ed82022b14dd2380ecfbdb,POLICY_FAILURE_THRESHOLD_MINUS_PERIODIC_ONLY__LIVE_EPISODIC__VERBOSE_TYPED,12,0.53020833,PASS,progress,51ff8478c1d2983f68cafd53170273947505ae605e9c78c0e01c1e707ce6a0c7
policy,10000,FAILURE_THRESHOLD,-16.38090278,-16.44270833,PERIODIC_ONLY,2f4c8c58cd7bfc128f36e3eae2da1bd1589379ad3070bf4eab7689701790c1bc,POLICY_FAILURE_THRESHOLD_MINUS_PERIODIC_ONLY__LIVE_EPISODIC__VERBOSE_TYPED,12,-16.41319444,PASS,cost_proxy,51ff8478c1d2983f68cafd53170273947505ae605e9c78c0e01c1e707ce6a0c7
policy,10000,EVENT_DRIVEN,-0.11180556,-0.14895833,PERIODIC_ONLY,d0a0fe05a70b429d0757aee656f8bbff95dd1a3970d2879ce250a5d050251f01,POLICY_EVENT_DRIVEN_MINUS_PERIODIC_ONLY__LIVE_EPISODIC__COMPACT_TYPED,12,-0.13020833,PASS,completion,51ff8478c1d2983f68cafd53170273947505ae605e9c78c0e01c1e707ce6a0c7
policy,10000,EVENT_DRIVEN,-0.18680556,-0.44618056,PERIODIC_ONLY,cc88053b99782254215befd0849da38ba30471167c969a173d2b6d94106477c8,POLICY_EVENT_DRIVEN_MINUS_PERIODIC_ONLY__LIVE_EPISODIC__COMPACT_TYPED,12,-0.31631944,PASS,progress,51ff8478c1d2983f68cafd53170273947505ae605e9c78c0e01c1e707ce6a0c7
policy,10000,EVENT_DRIVEN,-12.19236111,-12.44930556,PERIODIC_ONLY,d1d4d6be63448341cbb0f29373fddd8b59226926b27b7ed383757a4781af7707,POLICY_EVENT_DRIVEN_MINUS_PERIODIC_ONLY__LIVE_EPISODIC__COMPACT_TYPED,12,-12.33020833,PASS,cost_proxy,51ff8478c1d2983f68cafd53170273947505ae605e9c78c0e01c1e707ce6a0c7
policy,10000,EVENT_DRIVEN,-0.11180556,-0.14895833,PERIODIC_ONLY,6997a257f2557c151f9ce883b11dcca980c21b7488cbbb9c050a87850928995e,POLICY_EVENT_DRIVEN_MINUS_PERIODIC_ONLY__LIVE_EPISODIC__VERBOSE_TYPED,12,-0.13020833,PASS,completion,51ff8478c1d2983f68cafd53170273947505ae605e9c78c0e01c1e707ce6a0c7
policy,10000,EVENT_DRIVEN,-0.18819444,-0.44861111,PERIODIC_ONLY,4c158dcccc4bb50e685e1b47e7b7ff311014424d755ec72fd4b6ae3748203526,POLICY_EVENT_DRIVEN_MINUS_PERIODIC_ONLY__LIVE_EPISODIC__VERBOSE_TYPED,12,-0.31631944,PASS,progress,51ff8478c1d2983f68cafd53170273947505ae605e9c78c0e01c1e707ce6a0c7
policy,10000,EVENT_DRIVEN,-12.18923611,-12.453125,PERIODIC_ONLY,11057b0e356cee8667adf29480ed01f28d3754a60bc320340a21c75b427612cb,POLICY_EVENT_DRIVEN_MINUS_PERIODIC_ONLY__LIVE_EPISODIC__VERBOSE_TYPED,12,-12.33020833,PASS,cost_proxy,51ff8478c1d2983f68cafd53170273947505ae605e9c78c0e01c1e707ce6a0c7
policy,10000,HYBRID,0.025,0.025,PERIODIC_ONLY,823ccf877dbffcff9c915375bd05cc77d37d9693a0a1c55a5f2a8afe2ecb5690,POLICY_HYBRID_MINUS_PERIODIC_ONLY__LIVE_EPISODIC__COMPACT_TYPED,12,0.025,PASS,completion,51ff8478c1d2983f68cafd53170273947505ae605e9c78c0e01c1e707ce6a0c7
policy,10000,HYBRID,1.12118056,1.08680556,PERIODIC_ONLY,09943cc4554d67a2150bab70bd1b9ebd371ae47b0b14a7ca98a90f489970789e,POLICY_HYBRID_MINUS_PERIODIC_ONLY__LIVE_EPISODIC__COMPACT_TYPED,12,1.10416667,PASS,progress,51ff8478c1d2983f68cafd53170273947505ae605e9c78c0e01c1e707ce6a0c7
policy,10000,HYBRID,3.83958333,3.73402778,PERIODIC_ONLY,8955536f479b70f3979f9f9f91a659ceeacb4ae697b95273996505aad5a903b2,POLICY_HYBRID_MINUS_PERIODIC_ONLY__LIVE_EPISODIC__COMPACT_TYPED,12,3.78854167,PASS,cost_proxy,51ff8478c1d2983f68cafd53170273947505ae605e9c78c0e01c1e707ce6a0c7
policy,10000,HYBRID,0.025,0.025,PERIODIC_ONLY,8ac35d39bdff9583cbf153a0da3c61e2e35e54d4bffcdfc7c49da11b701cda5d,POLICY_HYBRID_MINUS_PERIODIC_ONLY__LIVE_EPISODIC__VERBOSE_TYPED,12,0.025,PASS,completion,51ff8478c1d2983f68cafd53170273947505ae605e9c78c0e01c1e707ce6a0c7
policy,10000,HYBRID,1.12222222,1.08645833,PERIODIC_ONLY,ca58ddb034160ef3182c0882c198a419638ebbbe99050d4bc09c2f7984adb1fe,POLICY_HYBRID_MINUS_PERIODIC_ONLY__LIVE_EPISODIC__VERBOSE_TYPED,12,1.10416667,PASS,progress,51ff8478c1d2983f68cafd53170273947505ae605e9c78c0e01c1e707ce6a0c7
policy,10000,HYBRID,3.84027778,3.73472222,PERIODIC_ONLY,1e022111c52d04aa1fafbe65a4508049f377036c06bc98f2bfb8a795660b27a3,POLICY_HYBRID_MINUS_PERIODIC_ONLY__LIVE_EPISODIC__VERBOSE_TYPED,12,3.78854167,PASS,cost_proxy,51ff8478c1d2983f68cafd53170273947505ae605e9c78c0e01c1e707ce6a0c7
prompt,10000,VERBOSE_TYPED,0.0,0.0,COMPACT_TYPED,648783c8c179f8d545f4e4aa6fd13950f9d28d406e96945f45f9abda1ec59b00,PROMPT_VERBOSE_TYPED_MINUS_COMPACT_TYPED__LIVE_BELIEF__PERIODIC_ONLY,12,0.0,PASS,completion,51ff8478c1d2983f68cafd53170273947505ae605e9c78c0e01c1e707ce6a0c7
prompt,10000,VERBOSE_TYPED,0.0,0.0,COMPACT_TYPED,939ddedd7e019103a018a23d9d75c1c1b3d1ac43cffeab112866a18de059d044,PROMPT_VERBOSE_TYPED_MINUS_COMPACT_TYPED__LIVE_BELIEF__PERIODIC_ONLY,12,0.0,PASS,progress,51ff8478c1d2983f68cafd53170273947505ae605e9c78c0e01c1e707ce6a0c7
prompt,10000,VERBOSE_TYPED,5.63958333,5.37916667,COMPACT_TYPED,a98fd5fd5c2d66b6349016cd9215da810c1828123d8fb69900b388165e01d59b,PROMPT_VERBOSE_TYPED_MINUS_COMPACT_TYPED__LIVE_BELIEF__PERIODIC_ONLY,12,5.509375,PASS,cost_proxy,51ff8478c1d2983f68cafd53170273947505ae605e9c78c0e01c1e707ce6a0c7
prompt,10000,VERBOSE_TYPED,0.0,0.0,COMPACT_TYPED,68f9db3361f96c34e47d70d68a85aa217a5633532d6e6de41f0e2227b0f5f767,PROMPT_VERBOSE_TYPED_MINUS_COMPACT_TYPED__LIVE_BELIEF__FAILURE_THRESHOLD,12,0.0,PASS,completion,51ff8478c1d2983f68cafd53170273947505ae605e9c78c0e01c1e707ce6a0c7
prompt,10000,VERBOSE_TYPED,0.0,0.0,COMPACT_TYPED,84216b1744588f4a97127187d06a9f0f69a62cad362be6868a270b97ce2f3b42,PROMPT_VERBOSE_TYPED_MINUS_COMPACT_TYPED__LIVE_BELIEF__FAILURE_THRESHOLD,12,0.0,PASS,progress,51ff8478c1d2983f68cafd53170273947505ae605e9c78c0e01c1e707ce6a0c7
prompt,10000,VERBOSE_TYPED,5.640625,5.37708333,COMPACT_TYPED,11332200b2753eca4ff4a6450e4f8be26b8b79b74a149faad7855e70bbfe989c,PROMPT_VERBOSE_TYPED_MINUS_COMPACT_TYPED__LIVE_BELIEF__FAILURE_THRESHOLD,12,5.509375,PASS,cost_proxy,51ff8478c1d2983f68cafd53170273947505ae605e9c78c0e01c1e707ce6a0c7
prompt,10000,VERBOSE_TYPED,0.0,0.0,COMPACT_TYPED,0fd0354af9c0d4376f6e40e75ba5b4d8c421a33ce51137af209310128c0b0f96,PROMPT_VERBOSE_TYPED_MINUS_COMPACT_TYPED__LIVE_BELIEF__EVENT_DRIVEN,12,0.0,PASS,completion,51ff8478c1d2983f68cafd53170273947505ae605e9c78c0e01c1e707ce6a0c7
prompt,10000,VERBOSE_TYPED,0.0,0.0,COMPACT_TYPED,030ee6ec188ddd341632004aa6a3e27e18ad1e9a7a4d259651b741c913897fbf,PROMPT_VERBOSE_TYPED_MINUS_COMPACT_TYPED__LIVE_BELIEF__EVENT_DRIVEN,12,0.0,PASS,progress,51ff8478c1d2983f68cafd53170273947505ae605e9c78c0e01c1e707ce6a0c7
prompt,10000,VERBOSE_TYPED,5.6375,5.37604167,COMPACT_TYPED,323f7a680c5386dbe8c5ad8bd13893d9d3c9e4f3fced7bce19837d93642c5067,PROMPT_VERBOSE_TYPED_MINUS_COMPACT_TYPED__LIVE_BELIEF__EVENT_DRIVEN,12,5.509375,PASS,cost_proxy,51ff8478c1d2983f68cafd53170273947505ae605e9c78c0e01c1e707ce6a0c7
prompt,10000,VERBOSE_TYPED,0.0,0.0,COMPACT_TYPED,c3491144caffddac9985b217e58edee7b44948633c36b77ffc3201b6ab56514b,PROMPT_VERBOSE_TYPED_MINUS_COMPACT_TYPED__LIVE_BELIEF__HYBRID,12,0.0,PASS,completion,51ff8478c1d2983f68cafd53170273947505ae605e9c78c0e01c1e707ce6a0c7
prompt,10000,VERBOSE_TYPED,0.0,0.0,COMPACT_TYPED,ebbc1f5fe0c0bde29d8a030f47e02b97699e1d7e9624295e264076e69f3cb6bf,PROMPT_VERBOSE_TYPED_MINUS_COMPACT_TYPED__LIVE_BELIEF__HYBRID,12,0.0,PASS,progress,51ff8478c1d2983f68cafd53170273947505ae605e9c78c0e01c1e707ce6a0c7
prompt,10000,VERBOSE_TYPED,5.640625,5.37708333,COMPACT_TYPED,27d84cd7cc5f82e995842528ed644be4666d5c6bccf5ebb5a2900ad345bc408e,PROMPT_VERBOSE_TYPED_MINUS_COMPACT_TYPED__LIVE_BELIEF__HYBRID,12,5.509375,PASS,cost_proxy,51ff8478c1d2983f68cafd53170273947505ae605e9c78c0e01c1e707ce6a0c7
prompt,10000,VERBOSE_TYPED,0.0,0.0,COMPACT_TYPED,c5f7841f19b45e4a312e799acb7fec1487d6dc387b2ed22d954db3c430a98ba9,PROMPT_VERBOSE_TYPED_MINUS_COMPACT_TYPED__LIVE_EPISODIC__PERIODIC_ONLY,12,0.0,PASS,completion,51ff8478c1d2983f68cafd53170273947505ae605e9c78c0e01c1e707ce6a0c7
prompt,10000,VERBOSE_TYPED,0.0,0.0,COMPACT_TYPED,c6329bd0fe6cc910f3c7327eb8a53277200fefe5023a0ce6c13f5ed6005d2599,PROMPT_VERBOSE_TYPED_MINUS_COMPACT_TYPED__LIVE_EPISODIC__PERIODIC_ONLY,12,0.0,PASS,progress,51ff8478c1d2983f68cafd53170273947505ae605e9c78c0e01c1e707ce6a0c7
prompt,10000,VERBOSE_TYPED,5.64166667,5.37604167,COMPACT_TYPED,b7f3caf62b6dc756185c382bdab4a27b5d8f45cb0158c1f2342a29d1b79a23bf,PROMPT_VERBOSE_TYPED_MINUS_COMPACT_TYPED__LIVE_EPISODIC__PERIODIC_ONLY,12,5.509375,PASS,cost_proxy,51ff8478c1d2983f68cafd53170273947505ae605e9c78c0e01c1e707ce6a0c7
prompt,10000,VERBOSE_TYPED,0.0,0.0,COMPACT_TYPED,18d38c0c17f737ba00079912b759bde19712b7e48f07fb0da3225ede0d7c3685,PROMPT_VERBOSE_TYPED_MINUS_COMPACT_TYPED__LIVE_EPISODIC__FAILURE_THRESHOLD,12,0.0,PASS,completion,51ff8478c1d2983f68cafd53170273947505ae605e9c78c0e01c1e707ce6a0c7
prompt,10000,VERBOSE_TYPED,0.0,0.0,COMPACT_TYPED,c81963bc8092fb190698b35559645479bab6a46f70edbfdb6a38b0a90f3a3a81,PROMPT_VERBOSE_TYPED_MINUS_COMPACT_TYPED__LIVE_EPISODIC__FAILURE_THRESHOLD,12,0.0,PASS,progress,51ff8478c1d2983f68cafd53170273947505ae605e9c78c0e01c1e707ce6a0c7
prompt,10000,VERBOSE_TYPED,5.640625,5.37708333,COMPACT_TYPED,f0d6471bb42cef067c0bbb1c29612b821fbdc337533689064f7d7edcee3aa9d8,PROMPT_VERBOSE_TYPED_MINUS_COMPACT_TYPED__LIVE_EPISODIC__FAILURE_THRESHOLD,12,5.509375,PASS,cost_proxy,51ff8478c1d2983f68cafd53170273947505ae605e9c78c0e01c1e707ce6a0c7
prompt,10000,VERBOSE_TYPED,0.0,0.0,COMPACT_TYPED,78c5a4a139d9bea2d1a50218022b349661e0903317972039b50d84b6759f991c,PROMPT_VERBOSE_TYPED_MINUS_COMPACT_TYPED__LIVE_EPISODIC__EVENT_DRIVEN,12,0.0,PASS,completion,51ff8478c1d2983f68cafd53170273947505ae605e9c78c0e01c1e707ce6a0c7
prompt,10000,VERBOSE_TYPED,0.0,0.0,COMPACT_TYPED,3043b6f175ad94a905449e88a580a72a597807e530591eb840b620f15822400a,PROMPT_VERBOSE_TYPED_MINUS_COMPACT_TYPED__LIVE_EPISODIC__EVENT_DRIVEN,12,0.0,PASS,progress,51ff8478c1d2983f68cafd53170273947505ae605e9c78c0e01c1e707ce6a0c7
prompt,10000,VERBOSE_TYPED,5.64270833,5.37708333,COMPACT_TYPED,cd9d0502e7504a476b12483ae04b9f306e5b25b626fc67d0ec369ba5fe6358c2,PROMPT_VERBOSE_TYPED_MINUS_COMPACT_TYPED__LIVE_EPISODIC__EVENT_DRIVEN,12,5.509375,PASS,cost_proxy,51ff8478c1d2983f68cafd53170273947505ae605e9c78c0e01c1e707ce6a0c7
prompt,10000,VERBOSE_TYPED,0.0,0.0,COMPACT_TYPED,c4b61d1e16171688da4df7f3cb47a6c13617939fc75f6f0a55e795fdc9a3a0c7,PROMPT_VERBOSE_TYPED_MINUS_COMPACT_TYPED__LIVE_EPISODIC__HYBRID,12,0.0,PASS,completion,51ff8478c1d2983f68cafd53170273947505ae605e9c78c0e01c1e707ce6a0c7
prompt,10000,VERBOSE_TYPED,0.0,0.0,COMPACT_TYPED,5199dccc61575323d0432ad812b34e4b290b59298367ec6633fb3d68e5623989,PROMPT_VERBOSE_TYPED_MINUS_COMPACT_TYPED__LIVE_EPISODIC__HYBRID,12,0.0,PASS,progress,51ff8478c1d2983f68cafd53170273947505ae605e9c78c0e01c1e707ce6a0c7
prompt,10000,VERBOSE_TYPED,5.63958333,5.37604167,COMPACT_TYPED,a2fb99d1358334673de2fa14986e45f821db4753d61ae8769be3702d068741a8,PROMPT_VERBOSE_TYPED_MINUS_COMPACT_TYPED__LIVE_EPISODIC__HYBRID,12,5.509375,PASS,cost_proxy,51ff8478c1d2983f68cafd53170273947505ae605e9c78c0e01c1e707ce6a0c7
